dataset,instance_id,msw_label,lc_entail_m,lc_entail_not_m,outcome
Bank,14,0,0,1,agree
Bank,15,0,0,1,agree
Bank,19,0,0,1,agree
Bank,20,0,0,1,agree
Bank,25,0,0,1,agree
Bank,34,0,0,1,agree
Bank,37,0,0,1,agree
Bank,44,0,0,1,agree
Bank,45,0,0,1,agree
Bank,47,0,0,1,agree
Bank,51,0,0,1,agree
Bank,52,0,0,1,agree
Bank,54,0,0,1,agree
Bank,55,0,0,1,agree
Bank,61,0,0,1,agree
Bank,66,0,0,1,agree
Bank,68,0,0,1,agree
Bank,71,0,0,1,agree
Bank,74,0,0,1,agree
Bank,77,0,0,1,agree
Bank,79,0,0,1,agree
Bank,84,0,0,1,agree
Bank,85,0,0,1,agree
Bank,86,0,0,1,agree
Bank,93,0,0,1,agree
Bank,95,0,0,1,agree
Bank,96,0,0,1,agree
Bank,106,0,0,1,agree
Bank,110,0,0,1,agree
Bank,111,0,0,1,agree
Bank,112,0,0,1,agree
Bank,113,0,0,1,agree
Bank,122,0,0,1,agree
Bank,123,0,0,1,agree
Bank,124,0,0,1,agree
Bank,125,0,0,1,agree
Bank,126,0,0,1,agree
Bank,127,0,0,1,agree
Bank,128,0,0,1,agree
Bank,131,0,0,1,agree
Bank,138,0,0,1,agree
Bank,140,0,0,1,agree
Bank,145,0,0,1,agree
Bank,150,0,0,1,agree
Bank,152,0,0,1,agree
Bank,154,0,0,1,agree
Bank,155,0,0,1,agree
Bank,166,0,0,1,agree
Bank,167,0,0,1,agree
Bank,176,0,0,1,agree
Bank,177,0,0,1,agree
Bank,186,0,0,1,agree
Bank,193,0,0,1,agree
Bank,194,0,0,1,agree
Bank,199,0,0,1,agree
Bank,210,0,0,1,agree
Bank,211,0,0,1,agree
Bank,214,0,0,1,agree
Bank,218,0,0,1,agree
Bank,219,0,0,1,agree
Bank,220,0,0,1,agree
Bank,225,0,0,1,agree
Bank,226,0,0,1,agree
Bank,228,0,0,1,agree
Bank,229,0,0,1,agree
Bank,231,0,0,1,agree
Bank,234,0,0,1,agree
Bank,238,0,0,1,agree
Bank,244,0,0,1,agree
Bank,246,0,0,1,agree
Bank,249,0,0,1,agree
Bank,251,0,0,1,agree
Bank,252,0,0,1,agree
Bank,254,0,0,1,agree
Bank,256,0,0,1,agree
Bank,257,0,0,1,agree
Bank,259,0,0,1,agree
Bank,262,0,0,1,agree
Bank,263,0,0,1,agree
Bank,266,0,0,1,agree
Bank,269,0,0,1,agree
Bank,273,0,0,1,agree
Bank,278,0,0,1,agree
Bank,280,0,0,1,agree
Bank,281,0,0,1,agree
Bank,284,0,0,1,agree
Bank,287,0,0,1,agree
Bank,290,0,0,1,agree
Bank,291,0,0,1,agree
Bank,296,0,0,1,agree
Bank,299,0,0,1,agree
Bank,302,0,0,1,agree
Bank,303,0,0,1,agree
Bank,304,0,0,1,agree
Bank,307,0,0,1,agree
Bank,313,0,0,1,agree
Bank,314,0,0,1,agree
Bank,316,0,0,1,agree
Bank,321,0,0,1,agree
Bank,325,0,0,1,agree
Bank,327,0,0,1,agree
Bank,329,0,0,1,agree
Bank,338,0,0,1,agree
Bank,344,0,0,1,agree
Bank,347,0,0,1,agree
Bank,351,0,0,1,agree
Bank,352,0,0,1,agree
Bank,354,0,0,1,agree
Bank,362,0,0,1,agree
Bank,365,0,0,1,agree
Bank,366,0,0,1,agree
Bank,368,0,0,1,agree
Bank,369,0,0,1,agree
Bank,370,0,0,1,agree
Bank,371,0,0,1,agree
Bank,374,0,0,1,agree
Bank,382,0,0,1,agree
Bank,385,0,0,1,agree
Bank,386,0,0,1,agree
Bank,389,0,0,1,agree
Bank,403,0,0,1,agree
Bank,405,0,0,1,agree
Bank,406,0,0,1,agree
Bank,407,0,0,1,agree
Bank,409,0,0,1,agree
Bank,425,0,0,1,agree
Bank,427,0,0,1,agree
Bank,431,0,0,1,agree
Bank,434,0,0,1,agree
Bank,439,0,0,1,agree
Bank,443,0,0,1,agree
Bank,447,0,0,1,agree
Bank,456,0,0,1,agree
Bank,460,0,0,1,agree
Bank,461,0,0,1,agree
Bank,465,0,0,1,agree
Bank,478,0,0,1,agree
Bank,485,0,0,1,agree
Bank,487,0,0,1,agree
Bank,488,0,0,1,agree
Bank,496,0,0,1,agree
Bank,497,0,0,1,agree
Bank,505,0,0,1,agree
Bank,520,0,0,1,agree
Bank,523,0,0,1,agree
Bank,529,0,0,1,agree
Bank,532,0,0,1,agree
Bank,533,0,0,1,agree
Bank,534,0,0,1,agree
Bank,543,0,0,1,agree
Bank,547,0,0,1,agree
Bank,548,0,0,1,agree
Bank,550,0,0,1,agree
Bank,551,0,0,1,agree
Bank,555,0,0,1,agree
Bank,557,0,0,1,agree
Bank,561,0,0,1,agree
Bank,568,0,0,1,agree
Bank,570,0,0,1,agree
Bank,574,0,0,1,agree
Bank,580,0,0,1,agree
Bank,588,0,0,1,agree
Bank,593,0,0,1,agree
Bank,596,0,0,1,agree
Bank,598,0,0,1,agree
Bank,603,0,0,1,agree
Bank,605,0,0,1,agree
Bank,608,0,0,1,agree
Bank,619,0,0,1,agree
Bank,620,0,0,1,agree
Bank,621,0,0,1,agree
Bank,623,0,0,1,agree
Bank,633,0,0,1,agree
Bank,641,0,0,1,agree
Bank,649,0,0,1,agree
Bank,659,0,0,1,agree
Bank,662,0,0,1,agree
Bank,671,0,0,1,agree
Bank,673,0,0,1,agree
Bank,674,0,0,1,agree
Bank,680,0,0,1,agree
Bank,681,0,0,1,agree
Bank,694,0,0,1,agree
Bank,695,0,0,1,agree
Bank,700,0,0,1,agree
Bank,702,0,0,1,agree
Bank,703,0,0,1,agree
Bank,705,0,0,1,agree
Bank,709,0,0,1,agree
Bank,710,0,0,1,agree
Bank,714,0,0,1,agree
Bank,716,0,0,1,agree
Bank,720,0,0,1,agree
Bank,727,0,0,1,agree
Bank,729,0,0,1,agree
Bank,734,0,0,1,agree
Bank,736,0,0,1,agree
Bank,743,0,0,1,agree
Bank,753,0,0,1,agree
Bank,762,0,0,1,agree
Bank,764,0,0,1,agree
Bank,765,0,0,1,agree
Bank,766,0,0,1,agree
Bank,771,0,0,1,agree
Bank,775,0,0,1,agree
Bank,779,0,0,1,agree
Bank,786,0,0,1,agree
Bank,789,0,0,1,agree
Bank,791,0,0,1,agree
Bank,795,0,0,1,agree
Bank,806,0,0,1,agree
Bank,807,0,0,1,agree
Bank,816,0,0,1,agree
Bank,820,0,0,1,agree
Bank,822,0,0,1,agree
Bank,823,0,0,1,agree
Bank,826,0,0,1,agree
Bank,844,0,0,1,agree
Bank,846,0,0,1,agree
Bank,847,0,0,1,agree
Bank,850,0,0,1,agree
Bank,851,0,0,1,agree
Bank,852,0,0,1,agree
Bank,857,0,0,1,agree
Bank,870,0,0,1,agree
Bank,875,0,0,1,agree
Bank,878,0,0,1,agree
Bank,883,0,0,1,agree
Bank,890,0,0,1,agree
Bank,897,0,0,1,agree
Bank,899,0,0,1,agree
Bank,902,0,0,1,agree
Bank,907,0,0,1,agree
Bank,911,0,0,1,agree
Bank,915,0,0,1,agree
Bank,918,0,0,1,agree
Bank,920,0,0,1,agree
Bank,927,0,0,1,agree
Bank,928,0,0,1,agree
Bank,934,0,0,1,agree
Bank,940,0,0,1,agree
Bank,941,0,0,1,agree
Bank,944,0,0,1,agree
Bank,965,0,0,1,agree
Bank,971,0,0,1,agree
Bank,973,0,0,1,agree
Bank,975,0,0,1,agree
Bank,977,0,0,1,agree
Bank,994,0,0,1,agree
Bank,996,0,0,1,agree
Bank,998,0,0,1,agree
Bank,999,0,0,1,agree
Bank,1000,0,0,1,agree
Bank,1004,0,0,1,agree
Bank,1007,0,0,1,agree
Bank,1009,0,0,1,agree
Bank,1013,0,0,1,agree
Bank,1020,0,0,1,agree
Bank,1026,0,0,1,agree
Bank,1031,0,0,1,agree
Bank,1034,0,0,1,agree
Bank,1035,0,0,1,agree
Bank,1036,0,0,1,agree
Bank,1041,0,0,1,agree
Bank,1047,0,0,1,agree
Bank,1055,0,0,1,agree
Bank,1056,0,0,1,agree
Bank,1057,0,0,1,agree
Bank,1060,0,0,1,agree
Bank,1065,0,0,1,agree
Bank,1068,0,0,1,agree
Bank,1073,0,0,1,agree
Bank,1074,0,0,1,agree
Bank,1077,0,0,1,agree
Bank,1084,0,0,1,agree
Bank,1108,0,0,1,agree
Bank,1110,0,0,1,agree
Bank,1118,0,0,1,agree
Bank,1119,0,0,1,agree
Bank,1120,0,0,1,agree
Bank,1124,0,0,1,agree
Bank,1126,0,0,1,agree
Bank,1130,0,0,1,agree
Bank,1131,0,0,1,agree
Bank,1132,0,0,1,agree
Bank,1133,0,0,1,agree
Bank,1139,0,0,1,agree
Bank,1141,0,0,1,agree
Bank,1143,0,0,1,agree
Bank,1145,0,0,1,agree
Bank,1146,0,0,1,agree
Bank,1147,0,0,1,agree
Bank,1152,0,0,1,agree
Bank,1159,0,0,1,agree
Bank,1165,0,0,1,agree
Bank,1171,0,0,1,agree
Bank,1176,0,0,1,agree
Bank,1182,0,0,1,agree
Bank,1183,0,0,1,agree
Bank,1184,0,0,1,agree
Bank,1188,0,0,1,agree
Bank,1189,0,0,1,agree
Bank,1194,0,0,1,agree
Bank,1195,0,0,1,agree
Bank,1207,0,0,1,agree
Bank,1208,0,0,1,agree
Bank,1216,0,0,1,agree
Bank,1219,0,0,1,agree
Bank,1225,0,0,1,agree
Bank,1240,0,0,1,agree
Bank,1242,0,0,1,agree
Bank,1246,0,0,1,agree
Bank,1248,0,0,1,agree
Bank,1252,0,0,1,agree
Bank,1256,0,0,1,agree
Bank,1258,0,0,1,agree
Bank,1268,0,0,1,agree
Bank,1274,0,0,1,agree
Bank,1281,0,0,1,agree
Bank,1286,0,0,1,agree
Bank,1296,0,0,1,agree
Bank,1311,0,0,1,agree
Bank,1316,0,0,1,agree
Bank,1319,0,0,1,agree
Bank,1325,0,0,1,agree
Bank,1326,0,0,1,agree
Bank,1332,0,0,1,agree
Bank,1333,0,0,1,agree
Bank,1335,0,0,1,agree
Bank,1339,0,0,1,agree
Bank,1345,0,0,1,agree
Bank,1346,0,0,1,agree
Bank,1351,0,0,1,agree
Bank,1357,0,0,1,agree
Bank,1362,0,0,1,agree
Bank,1363,0,0,1,agree
Bank,1364,0,0,1,agree
Bank,1369,0,0,1,agree
Bank,1374,0,0,1,agree
Bank,1378,0,0,1,agree
Bank,1381,0,0,1,agree
Bank,1386,0,0,1,agree
Bank,1388,0,0,1,agree
Bank,1392,0,0,1,agree
Bank,1395,0,0,1,agree
Bank,1403,0,0,1,agree
Bank,1408,0,0,1,agree
Bank,1422,0,0,1,agree
Bank,1431,0,0,1,agree
Bank,1432,0,0,1,agree
Bank,1439,0,0,1,agree
Bank,1441,0,0,1,agree
Bank,1445,0,0,1,agree
Bank,1450,0,0,1,agree
Bank,1452,0,0,1,agree
Bank,1454,0,0,1,agree
Bank,1457,0,0,1,agree
Bank,1466,0,0,1,agree
Bank,1467,0,0,1,agree
Bank,1473,0,0,1,agree
Bank,1475,0,0,1,agree
Bank,1482,0,0,1,agree
Bank,1483,0,0,1,agree
Bank,1484,0,0,1,agree
Bank,1489,0,0,1,agree
Bank,1490,0,0,1,agree
Bank,1496,0,0,1,agree
Bank,1497,0,0,1,agree
Bank,1499,0,0,1,agree
Bank,1502,0,0,1,agree
Bank,1514,0,0,1,agree
Bank,1516,0,0,1,agree
Bank,1517,0,0,1,agree
Bank,1524,0,0,1,agree
Bank,1526,0,0,1,agree
Bank,1527,0,0,1,agree
Bank,1531,0,0,1,agree
Bank,1532,0,0,1,agree
Bank,1538,0,0,1,agree
Bank,1541,0,0,1,agree
Bank,1544,0,0,1,agree
Bank,1545,0,0,1,agree
Bank,1546,0,0,1,agree
Bank,1548,0,0,1,agree
Bank,1552,0,0,1,agree
Bank,1553,0,0,1,agree
Bank,1554,0,0,1,agree
Bank,1559,0,0,1,agree
Bank,1565,0,0,1,agree
Bank,1566,0,0,1,agree
Bank,1571,0,0,1,agree
Bank,1572,0,0,1,agree
Bank,1573,0,0,1,agree
Bank,1574,0,0,1,agree
Bank,1582,0,0,1,agree
Bank,1585,0,0,1,agree
Bank,1592,0,0,1,agree
Bank,1593,0,0,1,agree
Bank,1599,0,0,1,agree
Bank,1602,0,0,1,agree
Bank,1605,0,0,1,agree
Bank,1607,0,0,1,agree
Bank,1626,0,0,1,agree
Bank,1628,0,0,1,agree
Bank,1631,0,0,1,agree
Bank,1633,0,0,1,agree
Bank,1634,0,0,1,agree
Bank,1640,0,0,1,agree
Bank,1645,0,0,1,agree
Bank,1656,0,0,1,agree
Bank,1662,0,0,1,agree
Bank,1664,0,0,1,agree
Bank,1666,0,0,1,agree
Bank,1668,0,0,1,agree
Bank,1669,0,0,1,agree
Bank,1670,0,0,1,agree
Bank,1671,0,0,1,agree
Bank,1672,0,0,1,agree
Bank,1673,0,0,1,agree
Bank,1674,0,0,1,agree
Bank,1676,0,0,1,agree
Bank,1677,0,0,1,agree
Bank,1682,0,0,1,agree
Bank,1683,0,0,1,agree
Bank,1684,0,0,1,agree
Bank,1689,0,0,1,agree
Bank,1692,0,0,1,agree
Bank,1696,0,0,1,agree
Bank,1701,0,0,1,agree
Bank,1705,0,0,1,agree
Bank,1711,0,0,1,agree
Bank,1716,0,0,1,agree
Bank,1731,0,0,1,agree
Bank,1740,0,0,1,agree
Bank,1744,0,0,1,agree
Bank,1748,0,0,1,agree
Bank,1755,0,0,1,agree
Bank,1756,0,0,1,agree
Bank,1762,0,0,1,agree
Bank,1763,0,0,1,agree
Bank,1766,0,0,1,agree
Bank,1773,0,0,1,agree
Bank,1776,0,0,1,agree
Bank,1782,0,0,1,agree
Bank,1788,0,0,1,agree
Bank,1791,0,0,1,agree
Bank,1796,0,0,1,agree
Bank,1797,0,0,1,agree
Bank,1798,0,0,1,agree
Bank,1801,0,0,1,agree
Bank,1804,0,0,1,agree
Bank,1815,0,0,1,agree
Bank,1821,0,0,1,agree
Bank,1822,0,0,1,agree
Bank,1823,0,0,1,agree
Bank,1825,0,0,1,agree
Bank,1833,0,0,1,agree
Bank,1837,0,0,1,agree
Bank,1842,0,0,1,agree
Bank,1849,0,0,1,agree
Bank,1852,0,0,1,agree
Bank,1853,0,0,1,agree
Bank,1854,0,0,1,agree
Bank,1856,0,0,1,agree
Bank,1863,0,0,1,agree
Bank,1866,0,0,1,agree
Bank,1867,0,0,1,agree
Bank,1869,0,0,1,agree
Bank,1872,0,0,1,agree
Bank,1873,0,0,1,agree
Bank,1874,0,0,1,agree
Bank,1877,0,0,1,agree
Bank,1878,0,0,1,agree
Bank,1880,0,0,1,agree
Bank,1884,0,0,1,agree
Bank,1888,0,0,1,agree
Bank,1891,0,0,1,agree
Bank,1892,0,0,1,agree
Bank,1893,0,0,1,agree
Bank,1922,0,0,1,agree
Bank,1927,0,0,1,agree
Bank,1930,0,0,1,agree
Bank,1932,0,0,1,agree
Bank,1935,0,0,1,agree
Bank,1944,0,0,1,agree
Bank,1953,0,0,1,agree
Bank,1956,0,0,1,agree
Bank,1957,0,0,1,agree
Bank,1963,0,0,1,agree
Bank,1964,0,0,1,agree
Bank,1966,0,0,1,agree
Bank,1967,0,0,1,agree
Bank,1972,0,0,1,agree
Bank,1973,0,0,1,agree
Bank,1976,0,0,1,agree
Bank,1977,0,0,1,agree
Bank,1978,0,0,1,agree
Bank,1998,0,0,1,agree
Bank,2000,0,0,1,agree
Bank,2002,0,0,1,agree
Bank,2004,0,0,1,agree
Bank,2006,0,0,1,agree
Bank,2008,0,0,1,agree
Bank,2009,0,0,1,agree
Bank,2012,0,0,1,agree
Bank,2013,0,0,1,agree
Bank,2015,0,0,1,agree
Bank,2023,0,0,1,agree
Bank,2028,0,0,1,agree
Bank,2030,0,0,1,agree
Bank,2031,0,0,1,agree
Bank,2033,0,0,1,agree
Bank,2045,0,0,1,agree
Bank,2047,0,0,1,agree
Bank,2053,0,0,1,agree
Bank,2054,0,0,1,agree
Bank,2062,0,0,1,agree
Bank,2068,0,0,1,agree
Bank,2070,0,0,1,agree
Bank,2071,0,0,1,agree
Bank,2074,0,0,1,agree
Bank,2075,0,0,1,agree
Bank,2077,0,0,1,agree
Bank,2080,0,0,1,agree
Bank,2085,0,0,1,agree
Bank,2086,0,0,1,agree
Bank,2087,0,0,1,agree
Bank,2088,0,0,1,agree
Bank,2090,0,0,1,agree
Bank,2091,0,0,1,agree
Bank,2096,0,0,1,agree
Bank,2098,0,0,1,agree
Bank,2099,0,0,1,agree
Bank,2101,0,0,1,agree
Bank,2105,0,0,1,agree
Bank,2106,0,0,1,agree
Bank,2108,0,0,1,agree
Bank,2110,0,0,1,agree
Bank,2111,0,0,1,agree
Bank,2120,0,0,1,agree
Bank,2124,0,0,1,agree
Bank,2125,0,0,1,agree
Bank,2128,0,0,1,agree
Bank,2136,0,0,1,agree
Bank,2138,0,0,1,agree
Bank,2142,0,0,1,agree
Bank,2149,0,0,1,agree
Bank,2156,0,0,1,agree
Bank,2160,0,0,1,agree
Bank,2161,0,0,1,agree
Bank,2163,0,0,1,agree
Bank,2166,0,0,1,agree
Bank,2168,0,0,1,agree
Bank,2171,0,0,1,agree
Bank,2173,0,0,1,agree
Bank,2176,0,0,1,agree
Bank,2187,0,0,1,agree
Bank,2188,0,0,1,agree
Bank,2190,0,0,1,agree
Bank,2197,0,0,1,agree
Bank,2198,0,0,1,agree
Bank,2202,0,0,1,agree
Bank,2204,0,0,1,agree
Bank,2216,0,0,1,agree
Bank,2218,0,0,1,agree
Bank,2220,0,0,1,agree
Bank,2222,0,0,1,agree
Bank,2223,0,0,1,agree
Bank,2226,0,0,1,agree
Bank,2227,0,0,1,agree
Bank,2233,0,0,1,agree
Bank,2234,0,0,1,agree
Bank,2240,0,0,1,agree
Bank,2241,0,0,1,agree
Bank,2242,0,0,1,agree
Bank,2244,0,0,1,agree
Bank,2245,0,0,1,agree
Bank,2249,0,0,1,agree
Bank,2253,0,0,1,agree
Bank,2259,0,0,1,agree
Bank,2264,0,0,1,agree
Bank,2267,0,0,1,agree
Bank,2268,0,0,1,agree
Bank,2269,0,0,1,agree
Bank,2270,0,0,1,agree
Bank,2274,0,0,1,agree
Bank,2280,0,0,1,agree
Bank,2281,0,0,1,agree
Bank,2283,0,0,1,agree
Bank,2284,0,0,1,agree
Bank,2285,0,0,1,agree
Bank,2289,0,0,1,agree
Bank,2290,0,0,1,agree
Bank,2291,0,0,1,agree
Bank,2297,0,0,1,agree
Bank,2300,0,0,1,agree
Bank,2307,0,0,1,agree
Bank,2311,0,0,1,agree
Bank,2313,0,0,1,agree
Bank,2314,0,0,1,agree
Bank,2319,0,0,1,agree
Bank,2324,0,0,1,agree
Bank,2326,0,0,1,agree
Bank,2336,0,0,1,agree
Bank,2339,0,0,1,agree
Bank,2345,0,0,1,agree
Bank,2347,0,0,1,agree
Bank,2349,0,0,1,agree
Bank,2354,0,0,1,agree
Bank,2356,0,0,1,agree
Bank,2357,0,0,1,agree
Bank,2361,0,0,1,agree
Bank,2365,0,0,1,agree
Bank,2367,0,0,1,agree
Bank,2373,0,0,1,agree
Bank,2380,0,0,1,agree
Bank,2383,0,0,1,agree
Bank,2384,0,0,1,agree
Bank,2385,0,0,1,agree
Bank,2398,0,0,1,agree
Bank,2402,0,0,1,agree
Bank,2403,0,0,1,agree
Bank,2413,0,0,1,agree
Bank,2416,0,0,1,agree
Bank,2419,0,0,1,agree
Bank,2425,0,0,1,agree
Bank,2429,0,0,1,agree
Bank,2430,0,0,1,agree
Bank,2431,0,0,1,agree
Bank,2437,0,0,1,agree
Bank,2441,0,0,1,agree
Bank,2444,0,0,1,agree
Bank,2454,0,0,1,agree
Bank,2465,0,0,1,agree
Bank,2467,0,0,1,agree
Bank,2469,0,0,1,agree
Bank,2476,0,0,1,agree
Bank,2486,0,0,1,agree
Bank,2487,0,0,1,agree
Bank,2496,0,0,1,agree
Bank,2499,0,0,1,agree
Bank,2502,0,0,1,agree
Bank,2504,0,0,1,agree
Bank,2519,0,0,1,agree
Bank,2522,0,0,1,agree
Bank,2524,0,0,1,agree
Bank,2530,0,0,1,agree
Bank,2531,0,0,1,agree
Bank,2532,0,0,1,agree
Bank,2533,0,0,1,agree
Bank,2540,0,0,1,agree
Bank,2544,0,0,1,agree
Bank,2549,0,0,1,agree
Bank,2551,0,0,1,agree
Bank,2552,0,0,1,agree
Bank,2555,0,0,1,agree
Bank,2559,0,0,1,agree
Bank,2563,0,0,1,agree
Bank,2566,0,0,1,agree
Bank,2567,0,0,1,agree
Bank,2568,0,0,1,agree
Bank,2571,0,0,1,agree
Bank,2574,0,0,1,agree
Bank,2588,0,0,1,agree
Bank,2590,0,0,1,agree
Bank,2596,0,0,1,agree
Bank,2598,0,0,1,agree
Bank,2605,0,0,1,agree
Bank,2613,0,0,1,agree
Bank,2617,0,0,1,agree
Bank,2620,0,0,1,agree
Bank,2621,0,0,1,agree
Bank,2627,0,0,1,agree
Bank,2630,0,0,1,agree
Bank,2633,0,0,1,agree
Bank,2636,0,0,1,agree
Bank,2646,0,0,1,agree
Bank,2647,0,0,1,agree
Bank,2653,0,0,1,agree
Bank,2654,0,0,1,agree
Bank,2655,0,0,1,agree
Bank,2656,0,0,1,agree
Bank,2661,0,0,1,agree
Bank,2663,0,0,1,agree
Bank,2668,0,0,1,agree
Bank,2669,0,0,1,agree
Bank,2676,0,0,1,agree
Bank,2678,0,0,1,agree
Bank,2683,0,0,1,agree
Bank,2684,0,0,1,agree
Bank,2686,0,0,1,agree
Bank,2696,0,0,1,agree
Bank,2698,0,0,1,agree
Bank,2705,0,0,1,agree
Bank,2707,0,0,1,agree
Bank,2708,0,0,1,agree
Bank,2709,0,0,1,agree
Bank,2716,0,0,1,agree
Bank,2717,0,0,1,agree
Bank,2720,0,0,1,agree
Bank,2722,0,0,1,agree
Bank,2724,0,0,1,agree
Bank,2725,0,0,1,agree
Bank,2726,0,0,1,agree
Bank,2752,0,0,1,agree
Bank,2755,0,0,1,agree
Bank,2756,0,0,1,agree
Bank,2759,0,0,1,agree
Bank,2765,0,0,1,agree
Bank,2776,0,0,1,agree
Bank,2779,0,0,1,agree
Bank,2781,0,0,1,agree
Bank,2800,0,0,1,agree
Bank,2801,0,0,1,agree
Bank,2803,0,0,1,agree
Bank,2806,0,0,1,agree
Bank,2807,0,0,1,agree
Bank,2808,0,0,1,agree
Bank,2812,0,0,1,agree
Bank,2818,0,0,1,agree
Bank,2830,0,0,1,agree
Bank,2842,0,0,1,agree
Bank,2843,0,0,1,agree
Bank,2845,0,0,1,agree
Bank,2846,0,0,1,agree
Bank,2847,0,0,1,agree
Bank,2848,0,0,1,agree
Bank,2849,0,0,1,agree
Bank,2851,0,0,1,agree
Bank,2854,0,0,1,agree
Bank,2862,0,0,1,agree
Bank,2865,0,0,1,agree
Bank,2866,0,0,1,agree
Bank,2868,0,0,1,agree
Bank,2872,0,0,1,agree
Bank,2873,0,0,1,agree
Bank,2875,0,0,1,agree
Bank,2876,0,0,1,agree
Bank,2878,0,0,1,agree
Bank,2879,0,0,1,agree
Bank,2883,0,0,1,agree
Bank,2884,0,0,1,agree
Bank,2885,0,0,1,agree
Bank,2890,0,0,1,agree
Bank,2894,0,0,1,agree
Bank,2897,0,0,1,agree
Bank,2898,0,0,1,agree
Bank,2899,0,0,1,agree
Bank,2901,0,0,1,agree
Bank,2902,0,0,1,agree
Bank,2903,0,0,1,agree
Bank,2904,0,0,1,agree
Bank,2905,0,0,1,agree
Bank,2916,0,0,1,agree
Bank,2921,0,0,1,agree
Bank,2925,0,0,1,agree
Bank,2929,0,0,1,agree
Bank,2930,0,0,1,agree
Bank,2937,0,0,1,agree
Bank,2947,0,0,1,agree
Bank,2952,0,0,1,agree
Bank,2962,0,0,1,agree
Bank,2963,0,0,1,agree
Bank,2964,0,0,1,agree
Bank,2968,0,0,1,agree
Bank,2969,0,0,1,agree
Bank,2972,0,0,1,agree
Bank,2974,0,0,1,agree
Bank,2976,0,0,1,agree
Bank,2977,0,0,1,agree
Bank,2978,0,0,1,agree
Bank,2980,0,0,1,agree
Bank,2987,0,0,1,agree
Bank,2992,0,0,1,agree
Bank,2994,0,0,1,agree
Bank,2995,0,0,1,agree
Bank,2997,0,0,1,agree
Bank,3009,0,0,1,agree
Bank,3010,0,0,1,agree
Bank,3011,0,0,1,agree
Bank,3013,0,0,1,agree
Bank,3015,0,0,1,agree
Bank,3017,0,0,1,agree
Bank,3020,0,0,1,agree
Bank,3021,0,0,1,agree
Bank,3022,0,0,1,agree
Bank,3023,0,0,1,agree
Bank,3024,0,0,1,agree
Bank,3032,0,0,1,agree
Bank,3042,0,0,1,agree
Bank,3044,0,0,1,agree
Bank,3045,0,0,1,agree
Bank,3053,0,0,1,agree
Bank,3054,0,0,1,agree
Bank,3057,0,0,1,agree
Bank,3058,0,0,1,agree
Bank,3059,0,0,1,agree
Bank,3068,0,0,1,agree
Bank,3071,0,0,1,agree
Bank,3073,0,0,1,agree
Bank,3077,0,0,1,agree
Bank,3085,0,0,1,agree
Bank,3091,0,0,1,agree
Bank,3092,0,0,1,agree
Bank,3093,0,0,1,agree
Bank,3099,0,0,1,agree
Bank,3101,0,0,1,agree
Bank,3107,0,0,1,agree
Bank,3117,0,0,1,agree
Bank,3120,0,0,1,agree
Bank,3121,0,0,1,agree
Bank,3122,0,0,1,agree
Bank,3126,0,0,1,agree
Bank,3131,0,0,1,agree
Bank,3139,0,0,1,agree
Bank,3144,0,0,1,agree
Bank,3169,0,0,1,agree
Bank,3175,0,0,1,agree
Bank,3185,0,0,1,agree
Bank,3186,0,0,1,agree
Bank,3188,0,0,1,agree
Bank,3190,0,0,1,agree
Bank,3193,0,0,1,agree
Bank,3196,0,0,1,agree
Bank,3204,0,0,1,agree
Bank,3206,0,0,1,agree
Bank,3209,0,0,1,agree
Bank,3215,0,0,1,agree
Bank,3218,0,0,1,agree
Bank,3219,0,0,1,agree
Bank,3223,0,0,1,agree
Bank,3225,0,0,1,agree
Bank,3229,0,0,1,agree
Bank,3235,0,0,1,agree
Bank,3243,0,0,1,agree
Bank,3247,0,0,1,agree
Bank,3249,0,0,1,agree
Bank,3251,0,0,1,agree
Bank,3253,0,0,1,agree
Bank,3254,0,0,1,agree
Bank,3261,0,0,1,agree
Bank,3263,0,0,1,agree
Bank,3266,0,0,1,agree
Bank,3267,0,0,1,agree
Bank,3268,0,0,1,agree
Bank,3269,0,0,1,agree
Bank,3273,0,0,1,agree
Bank,3281,0,0,1,agree
Bank,3284,0,0,1,agree
Bank,3286,0,0,1,agree
Bank,3289,0,0,1,agree
Bank,3292,0,0,1,agree
Bank,3293,0,0,1,agree
Bank,3294,0,0,1,agree
Bank,3300,0,0,1,agree
Bank,3307,0,0,1,agree
Bank,3310,0,0,1,agree
Bank,3313,0,0,1,agree
Bank,3317,0,0,1,agree
Bank,3323,0,0,1,agree
Bank,3333,0,0,1,agree
Bank,3335,0,0,1,agree
Bank,3341,0,0,1,agree
Bank,3345,0,0,1,agree
Bank,3350,0,0,1,agree
Bank,3351,0,0,1,agree
Bank,3352,0,0,1,agree
Bank,3355,0,0,1,agree
Bank,3356,0,0,1,agree
Bank,3357,0,0,1,agree
Bank,3366,0,0,1,agree
Bank,3368,0,0,1,agree
Bank,3369,0,0,1,agree
Bank,3378,0,0,1,agree
Bank,3387,0,0,1,agree
Bank,3389,0,0,1,agree
Bank,3397,0,0,1,agree
Bank,3400,0,0,1,agree
Bank,3406,0,0,1,agree
Bank,3415,0,0,1,agree
Bank,3416,0,0,1,agree
Bank,3421,0,0,1,agree
Bank,3425,0,0,1,agree
Bank,3426,0,0,1,agree
Bank,3431,0,0,1,agree
Bank,3435,0,0,1,agree
Bank,3438,0,0,1,agree
Bank,3439,0,0,1,agree
Bank,3454,0,0,1,agree
Bank,3462,0,0,1,agree
Bank,3464,0,0,1,agree
Bank,3475,0,0,1,agree
Bank,3484,0,0,1,agree
Bank,3485,0,0,1,agree
Bank,3488,0,0,1,agree
Bank,3490,0,0,1,agree
Bank,3495,0,0,1,agree
Bank,3499,0,0,1,agree
Bank,3501,0,0,1,agree
Bank,3509,0,0,1,agree
Bank,3510,0,0,1,agree
Bank,3514,0,0,1,agree
Bank,3515,0,0,1,agree
Bank,3520,0,0,1,agree
Bank,3524,0,0,1,agree
Bank,3525,0,0,1,agree
Bank,3529,0,0,1,agree
Bank,3533,0,0,1,agree
Bank,3534,0,0,1,agree
Bank,3535,0,0,1,agree
Bank,3536,0,0,1,agree
Bank,3537,0,0,1,agree
Bank,3543,0,0,1,agree
Bank,3547,0,0,1,agree
Bank,3550,0,0,1,agree
Bank,3551,0,0,1,agree
Bank,3554,0,0,1,agree
Bank,3557,0,0,1,agree
Bank,3559,0,0,1,agree
Bank,3562,0,0,1,agree
Bank,3564,0,0,1,agree
Bank,3565,0,0,1,agree
Bank,3568,0,0,1,agree
Bank,3577,0,0,1,agree
Bank,3582,0,0,1,agree
Bank,3586,0,0,1,agree
Bank,3592,0,0,1,agree
Bank,3598,0,0,1,agree
Bank,3599,0,0,1,agree
Bank,3600,0,0,1,agree
Bank,3605,0,0,1,agree
Bank,3609,0,0,1,agree
Bank,3611,0,0,1,agree
Bank,3613,0,0,1,agree
Bank,3614,0,0,1,agree
Bank,3616,0,0,1,agree
Bank,3617,0,0,1,agree
Bank,3623,0,0,1,agree
Bank,3624,0,0,1,agree
Bank,3625,0,0,1,agree
Bank,3631,0,0,1,agree
Bank,3641,0,0,1,agree
Bank,3642,0,0,1,agree
Bank,3645,0,0,1,agree
Bank,3647,0,0,1,agree
Bank,3652,0,0,1,agree
Bank,3656,0,0,1,agree
Bank,3658,0,0,1,agree
Bank,3659,0,0,1,agree
Bank,3660,0,0,1,agree
Bank,3663,0,0,1,agree
Bank,3672,0,0,1,agree
Bank,3675,0,0,1,agree
Bank,3681,0,0,1,agree
Bank,3684,0,0,1,agree
Bank,3693,0,0,1,agree
Bank,3697,0,0,1,agree
Bank,3701,0,0,1,agree
Bank,3702,0,0,1,agree
Bank,3707,0,0,1,agree
Bank,3712,0,0,1,agree
Bank,3714,0,0,1,agree
Bank,3716,0,0,1,agree
Bank,3720,0,0,1,agree
Bank,3725,0,0,1,agree
Bank,3726,0,0,1,agree
Bank,3727,0,0,1,agree
Bank,3738,0,0,1,agree
Bank,3745,0,0,1,agree
Bank,3746,0,0,1,agree
Bank,3749,0,0,1,agree
Bank,3750,0,0,1,agree
Bank,3751,0,0,1,agree
Bank,3752,0,0,1,agree
Bank,3754,0,0,1,agree
Bank,3767,0,0,1,agree
Bank,3770,0,0,1,agree
Bank,3776,0,0,1,agree
Bank,3780,0,0,1,agree
Bank,3781,0,0,1,agree
Bank,3788,0,0,1,agree
Bank,3789,0,0,1,agree
Bank,3799,0,0,1,agree
Bank,3802,0,0,1,agree
Bank,3804,0,0,1,agree
Bank,3810,0,0,1,agree
Bank,3815,0,0,1,agree
Bank,3817,0,0,1,agree
Bank,3820,0,0,1,agree
Bank,3823,0,0,1,agree
Bank,3826,0,0,1,agree
Bank,3829,0,0,1,agree
Bank,3831,0,0,1,agree
Bank,3832,0,0,1,agree
Bank,3834,0,0,1,agree
Bank,3836,0,0,1,agree
Bank,3848,0,0,1,agree
Bank,3850,0,0,1,agree
Bank,3857,0,0,1,agree
Bank,3864,0,0,1,agree
Bank,3871,0,0,1,agree
Bank,3873,0,0,1,agree
Bank,3883,0,0,1,agree
Bank,3889,0,0,1,agree
Bank,3891,0,0,1,agree
Bank,3892,0,0,1,agree
Bank,3896,0,0,1,agree
Bank,3903,0,0,1,agree
Bank,3908,0,0,1,agree
Bank,3911,0,0,1,agree
Bank,3914,0,0,1,agree
Bank,3918,0,0,1,agree
Bank,3920,0,0,1,agree
Bank,3924,0,0,1,agree
Bank,3928,0,0,1,agree
Bank,3929,0,0,1,agree
Bank,3940,0,0,1,agree
Bank,3945,0,0,1,agree
Bank,3946,0,0,1,agree
Bank,3963,0,0,1,agree
Bank,3973,0,0,1,agree
Bank,3979,0,0,1,agree
Bank,3985,0,0,1,agree
Bank,3990,0,0,1,agree
Bank,3994,0,0,1,agree
Bank,4000,0,0,1,agree
Bank,4004,0,0,1,agree
Bank,4008,0,0,1,agree
Bank,4010,0,0,1,agree
Bank,4016,0,0,1,agree
Bank,4020,0,0,1,agree
Bank,4023,0,0,1,agree
Bank,4029,0,0,1,agree
Bank,4030,0,0,1,agree
Bank,4035,0,0,1,agree
Bank,4036,0,0,1,agree
Bank,4037,0,0,1,agree
Bank,4038,0,0,1,agree
Bank,4039,0,0,1,agree
Bank,4048,0,0,1,agree
Bank,4049,0,0,1,agree
Bank,4050,0,0,1,agree
Bank,4056,0,0,1,agree
Bank,4058,0,0,1,agree
Bank,4069,0,0,1,agree
Bank,4070,0,0,1,agree
Bank,4082,0,0,1,agree
Bank,4084,0,0,1,agree
Bank,4086,0,0,1,agree
Bank,4088,0,0,1,agree
Bank,4089,0,0,1,agree
Bank,4090,0,0,1,agree
Bank,4096,0,0,1,agree
Bank,4101,0,0,1,agree
Bank,4102,0,0,1,agree
Bank,4107,0,0,1,agree
Bank,4108,0,0,1,agree
Bank,4110,0,0,1,agree
Bank,4119,0,0,1,agree
Bank,4126,0,0,1,agree
Bank,4130,0,0,1,agree
Bank,4131,0,0,1,agree
Bank,4132,0,0,1,agree
Bank,4136,0,0,1,agree
Bank,4139,0,0,1,agree
Bank,4143,0,0,1,agree
Bank,4144,0,0,1,agree
Bank,4145,0,0,1,agree
Bank,4146,0,0,1,agree
Bank,4149,0,0,1,agree
Bank,4160,0,0,1,agree
Bank,4163,0,0,1,agree
Bank,4167,0,0,1,agree
Bank,4168,0,0,1,agree
Bank,4169,0,0,1,agree
Bank,4170,0,0,1,agree
Bank,4173,0,0,1,agree
Bank,4176,0,0,1,agree
Bank,4179,0,0,1,agree
Bank,4183,0,0,1,agree
Bank,4191,0,0,1,agree
Bank,4198,0,0,1,agree
Bank,4199,0,0,1,agree
Bank,4203,0,0,1,agree
Bank,4205,0,0,1,agree
Bank,4210,0,0,1,agree
Bank,4211,0,0,1,agree
Bank,4215,0,0,1,agree
Bank,4219,0,0,1,agree
Bank,4221,0,0,1,agree
Bank,4231,0,0,1,agree
Bank,4239,0,0,1,agree
Bank,4240,0,0,1,agree
Bank,4244,0,0,1,agree
Bank,4247,0,0,1,agree
Bank,4258,0,0,1,agree
Bank,4263,0,0,1,agree
Bank,4264,0,0,1,agree
Bank,4268,0,0,1,agree
Bank,4274,0,0,1,agree
Bank,4275,0,0,1,agree
Bank,4281,0,0,1,agree
Bank,4289,0,0,1,agree
Bank,4295,0,0,1,agree
Bank,4297,0,0,1,agree
Bank,4299,0,0,1,agree
Bank,4305,0,0,1,agree
Bank,4311,0,0,1,agree
Bank,4313,0,0,1,agree
Bank,4317,0,0,1,agree
Bank,4319,0,0,1,agree
Bank,4328,0,0,1,agree
Bank,4329,0,0,1,agree
Bank,4337,0,0,1,agree
Bank,4339,0,0,1,agree
Bank,4343,0,0,1,agree
Bank,4353,0,0,1,agree
Bank,4355,0,0,1,agree
Bank,4360,0,0,1,agree
Bank,4363,0,0,1,agree
Bank,4366,0,0,1,agree
Bank,4367,0,0,1,agree
Bank,4374,0,0,1,agree
Bank,4380,0,0,1,agree
Bank,4385,0,0,1,agree
Bank,4386,0,0,1,agree
Bank,4387,0,0,1,agree
Bank,4390,0,0,1,agree
Bank,4392,0,0,1,agree
Bank,4397,0,0,1,agree
Bank,4399,0,0,1,agree
Bank,4401,0,0,1,agree
Bank,4402,0,0,1,agree
Bank,4404,0,0,1,agree
Bank,4405,0,0,1,agree
Bank,4406,0,0,1,agree
Bank,4407,0,0,1,agree
Bank,4411,0,0,1,agree
Bank,4415,0,0,1,agree
Bank,4417,0,0,1,agree
Bank,4420,0,0,1,agree
Bank,4422,0,0,1,agree
Bank,4436,0,0,1,agree
Bank,4446,0,0,1,agree
Bank,4458,0,0,1,agree
Bank,4459,0,0,1,agree
Bank,4461,0,0,1,agree
Bank,4466,0,0,1,agree
Bank,4467,0,0,1,agree
Bank,4468,0,0,1,agree
Bank,4469,0,0,1,agree
Bank,4470,0,0,1,agree
Bank,4480,0,0,1,agree
Bank,4481,0,0,1,agree
Bank,4489,0,0,1,agree
Bank,4490,0,0,1,agree
Bank,4493,0,0,1,agree
Bank,4494,0,0,1,agree
Bank,4495,0,0,1,agree
Bank,4496,0,0,1,agree
Bank,4504,0,0,1,agree
Bank,4505,0,0,1,agree
Bank,4508,0,0,1,agree
Bank,4521,0,0,1,agree
Bank,4523,0,0,1,agree
Bank,4531,0,0,1,agree
Bank,4532,0,0,1,agree
Bank,4534,0,0,1,agree
Bank,4536,0,0,1,agree
Bank,4537,0,0,1,agree
Bank,4539,0,0,1,agree
Bank,4544,0,0,1,agree
Bank,4549,0,0,1,agree
Bank,4552,0,0,1,agree
Bank,4555,0,0,1,agree
Bank,4558,0,0,1,agree
Bank,4563,0,0,1,agree
Bank,4569,0,0,1,agree
Bank,4571,0,0,1,agree
Bank,4577,0,0,1,agree
Bank,4579,0,0,1,agree
Bank,4585,0,0,1,agree
Bank,4586,0,0,1,agree
Bank,4600,0,0,1,agree
Bank,4602,0,0,1,agree
Bank,4605,0,0,1,agree
Bank,4613,0,0,1,agree
Bank,4615,0,0,1,agree
Bank,4622,0,0,1,agree
Bank,4630,0,0,1,agree
Bank,4632,0,0,1,agree
Bank,4638,0,0,1,agree
Bank,4640,0,0,1,agree
Bank,4641,0,0,1,agree
Bank,4648,0,0,1,agree
Bank,4654,0,0,1,agree
Bank,4657,0,0,1,agree
Bank,4663,0,0,1,agree
Bank,4664,0,0,1,agree
Bank,4672,0,0,1,agree
Bank,4682,0,0,1,agree
Bank,4691,0,0,1,agree
Bank,4696,0,0,1,agree
Bank,4698,0,0,1,agree
Bank,4702,0,0,1,agree
Bank,4707,0,0,1,agree
Bank,4708,0,0,1,agree
Bank,4714,0,0,1,agree
Bank,4716,0,0,1,agree
Bank,4720,0,0,1,agree
Bank,4721,0,0,1,agree
Bank,4723,0,0,1,agree
Bank,4727,0,0,1,agree
Bank,4731,0,0,1,agree
Bank,4732,0,0,1,agree
Bank,4735,0,0,1,agree
Bank,4739,0,0,1,agree
Bank,4743,0,0,1,agree
Bank,4745,0,0,1,agree
Bank,4748,0,0,1,agree
Bank,4751,0,0,1,agree
Bank,4753,0,0,1,agree
Bank,4756,0,0,1,agree
Bank,4760,0,0,1,agree
Bank,4761,0,0,1,agree
Bank,4762,0,0,1,agree
Bank,4767,0,0,1,agree
Bank,4768,0,0,1,agree
Bank,4770,0,0,1,agree
Bank,4779,0,0,1,agree
Bank,4780,0,0,1,agree
Bank,4781,0,0,1,agree
Bank,4784,0,0,1,agree
Bank,4786,0,0,1,agree
Bank,4787,0,0,1,agree
Bank,4792,0,0,1,agree
Bank,4793,0,0,1,agree
Bank,4795,0,0,1,agree
Bank,4798,0,0,1,agree
Bank,4804,0,0,1,agree
Bank,4807,0,0,1,agree
Bank,4809,0,0,1,agree
Bank,4813,0,0,1,agree
Bank,4822,0,0,1,agree
Bank,4827,0,0,1,agree
Bank,4833,0,0,1,agree
Bank,4842,0,0,1,agree
Bank,4843,0,0,1,agree
Bank,4847,0,0,1,agree
Bank,4849,0,0,1,agree
Bank,4851,0,0,1,agree
Bank,4853,0,0,1,agree
Bank,4854,0,0,1,agree
Bank,4856,0,0,1,agree
Bank,4867,0,0,1,agree
Bank,4868,0,0,1,agree
Bank,4874,0,0,1,agree
Bank,4876,0,0,1,agree
Bank,4879,0,0,1,agree
Bank,4888,0,0,1,agree
Bank,4889,0,0,1,agree
Bank,4890,0,0,1,agree
Bank,4894,0,0,1,agree
Bank,4899,0,0,1,agree
Bank,4901,0,0,1,agree
Bank,4902,0,0,1,agree
Bank,4907,0,0,1,agree
Bank,4912,0,0,1,agree
Bank,4923,0,0,1,agree
Bank,4924,0,0,1,agree
Bank,4929,0,0,1,agree
Bank,4941,0,0,1,agree
Bank,4943,0,0,1,agree
Bank,4944,0,0,1,agree
Bank,4947,0,0,1,agree
Bank,4948,0,0,1,agree
Bank,4954,0,0,1,agree
Bank,4957,0,0,1,agree
Bank,4959,0,0,1,agree
Bank,4960,0,0,1,agree
Bank,4961,0,0,1,agree
Bank,4967,0,0,1,agree
Bank,4968,0,0,1,agree
Bank,4969,0,0,1,agree
Bank,4973,0,0,1,agree
Bank,4974,0,0,1,agree
Bank,4975,0,0,1,agree
Bank,4982,0,0,1,agree
Bank,4988,0,0,1,agree
Bank,4992,0,0,1,agree
Bank,4993,0,0,1,agree
Bank,5007,0,0,1,agree
Bank,5015,0,0,1,agree
Bank,5016,0,0,1,agree
Bank,5025,0,0,1,agree
Bank,5028,0,0,1,agree
Bank,5034,0,0,1,agree
Bank,5044,0,0,1,agree
Bank,5059,0,0,1,agree
Bank,5066,0,0,1,agree
Bank,5067,0,0,1,agree
Bank,5079,0,0,1,agree
Bank,5082,0,0,1,agree
Bank,5084,0,0,1,agree
Bank,5085,0,0,1,agree
Bank,5096,0,0,1,agree
Bank,5110,0,0,1,agree
Bank,5118,0,0,1,agree
Bank,5120,0,0,1,agree
Bank,5121,0,0,1,agree
Bank,5123,0,0,1,agree
Bank,5125,0,0,1,agree
Bank,5133,0,0,1,agree
Bank,5135,0,0,1,agree
Bank,5137,0,0,1,agree
Bank,5147,0,0,1,agree
Bank,5150,0,0,1,agree
Bank,5163,0,0,1,agree
Bank,5170,0,0,1,agree
Bank,5172,0,0,1,agree
Bank,5177,0,0,1,agree
Bank,5178,0,0,1,agree
Bank,5184,0,0,1,agree
Bank,5187,0,0,1,agree
Bank,5188,0,0,1,agree
Bank,5193,0,0,1,agree
Bank,5197,0,0,1,agree
Bank,5201,0,0,1,agree
Bank,5203,0,0,1,agree
Bank,5205,0,0,1,agree
Bank,5210,0,0,1,agree
Bank,5211,0,0,1,agree
Bank,5218,0,0,1,agree
Bank,5221,0,0,1,agree
Bank,5223,0,0,1,agree
Bank,5224,0,0,1,agree
Bank,5229,0,0,1,agree
Bank,5234,0,0,1,agree
Bank,5248,0,0,1,agree
Bank,5254,0,0,1,agree
Bank,5255,0,0,1,agree
Bank,5257,0,0,1,agree
Bank,5258,0,0,1,agree
Bank,5259,0,0,1,agree
Bank,5262,0,0,1,agree
Bank,5265,0,0,1,agree
Bank,5266,0,0,1,agree
Bank,5268,0,0,1,agree
Bank,5270,0,0,1,agree
Bank,5273,0,0,1,agree
Bank,5274,0,0,1,agree
Bank,5281,0,0,1,agree
Bank,5282,0,0,1,agree
Bank,5286,0,0,1,agree
Bank,5290,0,0,1,agree
Bank,5300,0,0,1,agree
Bank,5304,0,0,1,agree
Bank,5305,0,0,1,agree
Bank,5307,0,0,1,agree
Bank,5312,0,0,1,agree
Bank,5313,0,0,1,agree
Bank,5315,0,0,1,agree
Bank,5317,0,0,1,agree
Bank,5322,0,0,1,agree
Bank,5324,0,0,1,agree
Bank,5325,0,0,1,agree
Bank,5327,0,0,1,agree
Bank,5328,0,0,1,agree
Bank,5332,0,0,1,agree
Bank,5336,0,0,1,agree
Bank,5340,0,0,1,agree
Bank,5342,0,0,1,agree
Bank,5345,0,0,1,agree
Bank,5346,0,0,1,agree
Bank,5347,0,0,1,agree
Bank,5349,0,0,1,agree
Bank,5354,0,0,1,agree
Bank,5371,0,0,1,agree
Bank,5372,0,0,1,agree
Bank,5374,0,0,1,agree
Bank,5378,0,0,1,agree
Bank,5384,0,0,1,agree
Bank,5385,0,0,1,agree
Bank,5386,0,0,1,agree
Bank,5387,0,0,1,agree
Bank,5388,0,0,1,agree
Bank,5391,0,0,1,agree
Bank,5393,0,0,1,agree
Bank,5397,0,0,1,agree
Bank,5406,0,0,1,agree
Bank,5407,0,0,1,agree
Bank,5417,0,0,1,agree
Bank,5422,0,0,1,agree
Bank,5427,0,0,1,agree
Bank,5428,0,0,1,agree
Bank,5431,0,0,1,agree
Bank,5439,0,0,1,agree
Bank,5454,0,0,1,agree
Bank,5456,0,0,1,agree
Bank,5457,0,0,1,agree
Bank,5460,0,0,1,agree
Bank,5461,0,0,1,agree
Bank,5462,0,0,1,agree
Bank,5468,0,0,1,agree
Bank,5473,0,0,1,agree
Bank,5479,0,0,1,agree
Bank,5484,0,0,1,agree
Bank,5485,0,0,1,agree
Bank,5486,0,0,1,agree
Bank,5490,0,0,1,agree
Bank,5497,0,0,1,agree
Bank,5498,0,0,1,agree
Bank,5499,0,0,1,agree
Bank,5505,0,0,1,agree
Bank,5506,0,0,1,agree
Bank,5508,0,0,1,agree
Bank,5512,0,0,1,agree
Bank,5516,0,0,1,agree
Bank,5522,0,0,1,agree
Bank,5523,0,0,1,agree
Bank,5525,0,0,1,agree
Bank,5529,0,0,1,agree
Bank,5534,0,0,1,agree
Bank,5541,0,0,1,agree
Bank,5553,0,0,1,agree
Bank,5555,0,0,1,agree
Bank,5556,0,0,1,agree
Bank,5563,0,0,1,agree
Bank,5564,0,0,1,agree
Bank,5567,0,0,1,agree
Bank,5572,0,0,1,agree
Bank,5573,0,0,1,agree
Bank,5583,0,0,1,agree
Bank,5585,0,0,1,agree
Bank,5590,0,0,1,agree
Bank,5600,0,0,1,agree
Bank,5603,0,0,1,agree
Bank,5606,0,0,1,agree
Bank,5607,0,0,1,agree
Bank,5610,0,0,1,agree
Bank,5613,0,0,1,agree
Bank,5614,0,0,1,agree
Bank,5617,0,0,1,agree
Bank,5618,0,0,1,agree
Bank,5626,0,0,1,agree
Bank,5627,0,0,1,agree
Bank,5628,0,0,1,agree
Bank,5633,0,0,1,agree
Bank,5635,0,0,1,agree
Bank,5636,0,0,1,agree
Bank,5638,0,0,1,agree
Bank,5641,0,0,1,agree
Bank,5644,0,0,1,agree
Bank,5647,0,0,1,agree
Bank,5653,0,0,1,agree
Bank,5654,0,0,1,agree
Bank,5656,0,0,1,agree
Bank,5658,0,0,1,agree
Bank,5661,0,0,1,agree
Bank,5663,0,0,1,agree
Bank,5674,0,0,1,agree
Bank,5682,0,0,1,agree
Bank,5683,0,0,1,agree
Bank,5689,0,0,1,agree
Bank,5692,0,0,1,agree
Bank,5697,0,0,1,agree
Bank,5701,0,0,1,agree
Bank,5720,0,0,1,agree
Bank,5722,0,0,1,agree
Bank,5724,0,0,1,agree
Bank,5726,0,0,1,agree
Bank,5732,0,0,1,agree
Bank,5733,0,0,1,agree
Bank,5746,0,0,1,agree
Bank,5748,0,0,1,agree
Bank,5754,0,0,1,agree
Bank,5756,0,0,1,agree
Bank,5774,0,0,1,agree
Bank,5776,0,0,1,agree
Bank,5784,0,0,1,agree
Bank,5794,0,0,1,agree
Bank,5801,0,0,1,agree
Bank,5804,0,0,1,agree
Bank,5809,0,0,1,agree
Bank,5810,0,0,1,agree
Bank,5813,0,0,1,agree
Bank,5822,0,0,1,agree
Bank,5824,0,0,1,agree
Bank,5826,0,0,1,agree
Bank,5832,0,0,1,agree
Bank,5834,0,0,1,agree
Bank,5839,0,0,1,agree
Bank,5846,0,0,1,agree
Bank,5856,0,0,1,agree
Bank,5859,0,0,1,agree
Bank,5861,0,0,1,agree
Bank,5866,0,0,1,agree
Bank,5868,0,0,1,agree
Bank,5882,0,0,1,agree
Bank,5888,0,0,1,agree
Bank,5890,0,0,1,agree
Bank,5893,0,0,1,agree
Bank,5906,0,0,1,agree
Bank,5907,0,0,1,agree
Bank,5916,0,0,1,agree
Bank,5927,0,0,1,agree
Bank,5934,0,0,1,agree
Bank,5939,0,0,1,agree
Bank,5953,0,0,1,agree
Bank,5963,0,0,1,agree
Bank,5970,0,0,1,agree
Bank,5978,0,0,1,agree
Bank,5983,0,0,1,agree
Bank,5984,0,0,1,agree
Bank,5989,0,0,1,agree
Bank,5990,0,0,1,agree
Bank,5992,0,0,1,agree
Bank,5994,0,0,1,agree
Bank,5999,0,0,1,agree
Bank,6004,0,0,1,agree
Bank,6005,0,0,1,agree
Bank,6007,0,0,1,agree
Bank,6008,0,0,1,agree
Bank,6009,0,0,1,agree
Bank,6010,0,0,1,agree
Bank,6013,0,0,1,agree
Bank,6016,0,0,1,agree
Bank,6017,0,0,1,agree
Bank,6021,0,0,1,agree
Bank,6027,0,0,1,agree
Bank,6031,0,0,1,agree
Bank,6032,0,0,1,agree
Bank,6036,0,0,1,agree
Bank,6043,0,0,1,agree
Bank,6054,0,0,1,agree
Bank,6056,0,0,1,agree
Bank,6058,0,0,1,agree
Bank,6059,0,0,1,agree
Bank,6062,0,0,1,agree
Bank,6069,0,0,1,agree
Bank,6073,0,0,1,agree
Bank,6074,0,0,1,agree
Bank,6077,0,0,1,agree
Bank,6079,0,0,1,agree
Bank,6080,0,0,1,agree
Bank,6082,0,0,1,agree
Bank,6084,0,0,1,agree
Bank,6089,0,0,1,agree
Bank,6096,0,0,1,agree
Bank,6098,0,0,1,agree
Bank,6101,0,0,1,agree
Bank,6108,0,0,1,agree
Bank,6111,0,0,1,agree
Bank,6112,0,0,1,agree
Bank,6114,0,0,1,agree
Bank,6116,0,0,1,agree
Bank,6121,0,0,1,agree
Bank,6123,0,0,1,agree
Bank,6129,0,0,1,agree
Bank,6133,0,0,1,agree
Bank,6134,0,0,1,agree
Bank,6137,0,0,1,agree
Bank,6143,0,0,1,agree
Bank,6144,0,0,1,agree
Bank,6148,0,0,1,agree
Bank,6149,0,0,1,agree
Bank,6151,0,0,1,agree
Bank,6152,0,0,1,agree
Bank,6154,0,0,1,agree
Bank,6159,0,0,1,agree
Bank,6161,0,0,1,agree
Bank,6163,0,0,1,agree
Bank,6164,0,0,1,agree
Bank,6167,0,0,1,agree
Bank,6170,0,0,1,agree
Bank,6173,0,0,1,agree
Bank,6177,0,0,1,agree
Bank,6178,0,0,1,agree
Bank,6179,0,0,1,agree
Bank,6185,0,0,1,agree
Bank,6196,0,0,1,agree
Bank,6204,0,0,1,agree
Bank,6207,0,0,1,agree
Bank,6209,0,0,1,agree
Bank,6210,0,0,1,agree
Bank,6223,0,0,1,agree
Bank,6225,0,0,1,agree
Bank,6229,0,0,1,agree
Bank,6237,0,0,1,agree
Bank,6239,0,0,1,agree
Bank,6240,0,0,1,agree
Bank,6248,0,0,1,agree
Bank,6256,0,0,1,agree
Bank,6260,0,0,1,agree
Bank,6262,0,0,1,agree
Bank,6268,0,0,1,agree
Bank,6269,0,0,1,agree
Bank,6280,0,0,1,agree
Bank,6281,0,0,1,agree
Bank,6286,0,0,1,agree
Bank,6290,0,0,1,agree
Bank,6292,0,0,1,agree
Bank,6297,0,0,1,agree
Bank,6298,0,0,1,agree
Bank,6301,0,0,1,agree
Bank,6305,0,0,1,agree
Bank,6308,0,0,1,agree
Bank,6310,0,0,1,agree
Bank,6317,0,0,1,agree
Bank,6319,0,0,1,agree
Bank,6320,0,0,1,agree
Bank,6325,0,0,1,agree
Bank,6329,0,0,1,agree
Bank,6332,0,0,1,agree
Bank,6335,0,0,1,agree
Bank,6336,0,0,1,agree
Bank,6346,0,0,1,agree
Bank,6360,0,0,1,agree
Bank,6362,0,0,1,agree
Bank,6366,0,0,1,agree
Bank,6376,0,0,1,agree
Bank,6378,0,0,1,agree
Bank,6382,0,0,1,agree
Bank,6387,0,0,1,agree
Bank,6391,0,0,1,agree
Bank,6393,0,0,1,agree
Bank,6396,0,0,1,agree
Bank,6397,0,0,1,agree
Bank,6398,0,0,1,agree
Bank,6403,0,0,1,agree
Bank,6405,0,0,1,agree
Bank,6406,0,0,1,agree
Bank,6407,0,0,1,agree
Bank,6414,0,0,1,agree
Bank,6419,0,0,1,agree
Bank,6420,0,0,1,agree
Bank,6421,0,0,1,agree
Bank,6425,0,0,1,agree
Bank,6427,0,0,1,agree
Bank,6432,0,0,1,agree
Bank,6434,0,0,1,agree
Bank,6440,0,0,1,agree
Bank,6447,0,0,1,agree
Bank,6460,0,0,1,agree
Bank,6461,0,0,1,agree
Bank,6465,0,0,1,agree
Bank,6470,0,0,1,agree
Bank,6472,0,0,1,agree
Bank,6473,0,0,1,agree
Bank,6490,0,0,1,agree
Bank,6491,0,0,1,agree
Bank,6493,0,0,1,agree
Bank,6496,0,0,1,agree
Bank,6500,0,0,1,agree
Bank,6509,0,0,1,agree
Bank,6515,0,0,1,agree
Bank,6526,0,0,1,agree
Bank,6530,0,0,1,agree
Bank,6531,0,0,1,agree
Bank,6533,0,0,1,agree
Bank,6536,0,0,1,agree
Bank,6537,0,0,1,agree
Bank,6539,0,0,1,agree
Bank,6542,0,0,1,agree
Bank,6555,0,0,1,agree
Bank,6564,0,0,1,agree
Bank,6567,0,0,1,agree
Bank,6571,0,0,1,agree
Bank,6573,0,0,1,agree
Bank,6575,0,0,1,agree
Bank,6583,0,0,1,agree
Bank,6587,0,0,1,agree
Bank,6588,0,0,1,agree
Bank,6601,0,0,1,agree
Bank,6602,0,0,1,agree
Bank,6606,0,0,1,agree
Bank,6613,0,0,1,agree
Bank,6622,0,0,1,agree
Bank,6628,0,0,1,agree
Bank,6631,0,0,1,agree
Bank,6632,0,0,1,agree
Bank,6634,0,0,1,agree
Bank,6640,0,0,1,agree
Bank,6648,0,0,1,agree
Bank,6656,0,0,1,agree
Bank,6661,0,0,1,agree
Bank,6662,0,0,1,agree
Bank,6667,0,0,1,agree
Bank,6668,0,0,1,agree
Bank,6671,0,0,1,agree
Bank,6672,0,0,1,agree
Bank,6681,0,0,1,agree
Bank,6682,0,0,1,agree
Bank,6692,0,0,1,agree
Bank,6701,0,0,1,agree
Bank,6705,0,0,1,agree
Bank,6706,0,0,1,agree
Bank,6723,0,0,1,agree
Bank,6727,0,0,1,agree
Bank,6738,0,0,1,agree
Bank,6740,0,0,1,agree
Bank,6743,0,0,1,agree
Bank,6745,0,0,1,agree
Bank,6748,0,0,1,agree
Bank,6756,0,0,1,agree
Bank,6757,0,0,1,agree
Bank,6759,0,0,1,agree
Bank,6771,0,0,1,agree
Bank,6773,0,0,1,agree
Bank,6777,0,0,1,agree
Bank,6778,0,0,1,agree
Bank,6779,0,0,1,agree
Bank,6781,0,0,1,agree
Bank,6782,0,0,1,agree
Bank,6787,0,0,1,agree
Bank,6806,0,0,1,agree
Bank,6812,0,0,1,agree
Bank,6814,0,0,1,agree
Bank,6815,0,0,1,agree
Bank,6820,0,0,1,agree
Bank,6825,0,0,1,agree
Bank,6826,0,0,1,agree
Bank,6829,0,0,1,agree
Bank,6838,0,0,1,agree
Bank,6852,0,0,1,agree
Bank,6854,0,0,1,agree
Bank,6859,0,0,1,agree
Bank,6861,0,0,1,agree
Bank,6863,0,0,1,agree
Bank,6873,0,0,1,agree
Bank,6878,0,0,1,agree
Bank,6885,0,0,1,agree
Bank,6889,0,0,1,agree
Bank,6892,0,0,1,agree
Bank,6895,0,0,1,agree
Bank,6912,0,0,1,agree
Bank,6916,0,0,1,agree
Bank,6923,0,0,1,agree
Bank,6928,0,0,1,agree
Bank,6929,0,0,1,agree
Bank,6937,0,0,1,agree
Bank,6941,0,0,1,agree
Bank,6943,0,0,1,agree
Bank,6947,0,0,1,agree
Bank,6948,0,0,1,agree
Bank,6951,0,0,1,agree
Bank,6952,0,0,1,agree
Bank,6954,0,0,1,agree
Bank,6955,0,0,1,agree
Bank,6957,0,0,1,agree
Bank,6958,0,0,1,agree
Bank,6962,0,0,1,agree
Bank,6966,0,0,1,agree
Bank,6968,0,0,1,agree
Bank,6979,0,0,1,agree
Bank,6981,0,0,1,agree
Bank,6988,0,0,1,agree
Bank,6992,0,0,1,agree
Bank,6995,0,0,1,agree
Bank,6998,0,0,1,agree
Bank,7002,0,0,1,agree
Bank,7013,0,0,1,agree
Bank,7017,0,0,1,agree
Bank,7019,0,0,1,agree
Bank,7021,0,0,1,agree
Bank,7029,0,0,1,agree
Bank,7031,0,0,1,agree
Bank,7035,0,0,1,agree
Bank,7037,0,0,1,agree
Bank,7040,0,0,1,agree
Bank,7042,0,0,1,agree
Bank,7043,0,0,1,agree
Bank,7047,0,0,1,agree
Bank,7048,0,0,1,agree
Bank,7049,0,0,1,agree
Bank,7051,0,0,1,agree
Bank,7053,0,0,1,agree
Bank,7059,0,0,1,agree
Bank,7061,0,0,1,agree
Bank,7073,0,0,1,agree
Bank,7075,0,0,1,agree
Bank,7077,0,0,1,agree
Bank,7081,0,0,1,agree
Bank,7082,0,0,1,agree
Bank,7086,0,0,1,agree
Bank,7087,0,0,1,agree
Bank,7090,0,0,1,agree
Bank,7091,0,0,1,agree
Bank,7096,0,0,1,agree
Bank,7101,0,0,1,agree
Bank,7106,0,0,1,agree
Bank,7110,0,0,1,agree
Bank,7111,0,0,1,agree
Bank,7113,0,0,1,agree
Bank,7116,0,0,1,agree
Bank,7120,0,0,1,agree
Bank,7122,0,0,1,agree
Bank,7123,0,0,1,agree
Bank,7127,0,0,1,agree
Bank,7131,0,0,1,agree
Bank,7132,0,0,1,agree
Bank,7140,0,0,1,agree
Bank,7141,0,0,1,agree
Bank,7144,0,0,1,agree
Bank,7146,0,0,1,agree
Bank,7148,0,0,1,agree
Bank,7159,0,0,1,agree
Bank,7163,0,0,1,agree
Bank,7164,0,0,1,agree
Bank,7165,0,0,1,agree
Bank,7167,0,0,1,agree
Bank,7171,0,0,1,agree
Bank,7172,0,0,1,agree
Bank,7173,0,0,1,agree
Bank,7177,0,0,1,agree
Bank,7178,0,0,1,agree
Bank,7185,0,0,1,agree
Bank,7187,0,0,1,agree
Bank,7189,0,0,1,agree
Bank,7192,0,0,1,agree
Bank,7193,0,0,1,agree
Bank,7195,0,0,1,agree
Bank,7197,0,0,1,agree
Bank,7203,0,0,1,agree
Bank,7209,0,0,1,agree
Bank,7210,0,0,1,agree
Bank,7214,0,0,1,agree
Bank,7231,0,0,1,agree
Bank,7232,0,0,1,agree
Bank,7236,0,0,1,agree
Bank,7238,0,0,1,agree
Bank,7242,0,0,1,agree
Bank,7244,0,0,1,agree
Bank,7245,0,0,1,agree
Bank,7255,0,0,1,agree
Bank,7259,0,0,1,agree
Bank,7264,0,0,1,agree
Bank,7265,0,0,1,agree
Bank,7274,0,0,1,agree
Bank,7275,0,0,1,agree
Bank,7277,0,0,1,agree
Bank,7280,0,0,1,agree
Bank,7286,0,0,1,agree
Bank,7288,0,0,1,agree
Bank,7290,0,0,1,agree
Bank,7294,0,0,1,agree
Bank,7296,0,0,1,agree
Bank,7297,0,0,1,agree
Bank,7302,0,0,1,agree
Bank,7306,0,0,1,agree
Bank,7313,0,0,1,agree
Bank,7319,0,0,1,agree
Bank,7322,0,0,1,agree
Bank,7335,0,0,1,agree
Bank,7337,0,0,1,agree
Bank,7343,0,0,1,agree
Bank,7348,0,0,1,agree
Bank,7349,0,0,1,agree
Bank,7351,0,0,1,agree
Bank,7352,0,0,1,agree
Bank,7366,0,0,1,agree
Bank,7369,0,0,1,agree
Bank,7373,0,0,1,agree
Bank,7378,0,0,1,agree
Bank,7381,0,0,1,agree
Bank,7387,0,0,1,agree
Bank,7388,0,0,1,agree
Bank,7399,0,0,1,agree
Bank,7400,0,0,1,agree
Bank,7401,0,0,1,agree
Bank,7402,0,0,1,agree
Bank,7406,0,0,1,agree
Bank,7407,0,0,1,agree
Bank,7409,0,0,1,agree
Bank,7419,0,0,1,agree
Bank,7428,0,0,1,agree
Bank,7434,0,0,1,agree
Bank,7436,0,0,1,agree
Bank,7438,0,0,1,agree
Bank,7443,0,0,1,agree
Bank,7446,0,0,1,agree
Bank,7455,0,0,1,agree
Bank,7462,0,0,1,agree
Bank,7465,0,0,1,agree
Bank,7473,0,0,1,agree
Bank,7476,0,0,1,agree
Bank,7481,0,0,1,agree
Bank,7485,0,0,1,agree
Bank,7492,0,0,1,agree
Bank,7493,0,0,1,agree
Bank,7495,0,0,1,agree
Bank,7496,0,0,1,agree
Bank,7505,0,0,1,agree
Bank,7519,0,0,1,agree
Bank,7524,0,0,1,agree
Bank,7534,0,0,1,agree
Bank,7538,0,0,1,agree
Bank,7539,0,0,1,agree
Bank,7542,0,0,1,agree
Bank,7548,0,0,1,agree
Bank,7552,0,0,1,agree
Bank,7554,0,0,1,agree
Bank,7557,0,0,1,agree
Bank,7561,0,0,1,agree
Bank,7567,0,0,1,agree
Bank,7569,0,0,1,agree
Bank,7580,0,0,1,agree
Bank,7583,0,0,1,agree
Bank,7588,0,0,1,agree
Bank,7591,0,0,1,agree
Bank,7597,0,0,1,agree
Bank,7598,0,0,1,agree
Bank,7604,0,0,1,agree
Bank,7605,0,0,1,agree
Bank,7606,0,0,1,agree
Bank,7609,0,0,1,agree
Bank,7614,0,0,1,agree
Bank,7617,0,0,1,agree
Bank,7620,0,0,1,agree
Bank,7622,0,0,1,agree
Bank,7627,0,0,1,agree
Bank,7635,0,0,1,agree
Bank,7636,0,0,1,agree
Bank,7642,0,0,1,agree
Bank,7646,0,0,1,agree
Bank,7649,0,0,1,agree
Bank,7652,0,0,1,agree
Bank,7653,0,0,1,agree
Bank,7654,0,0,1,agree
Bank,7655,0,0,1,agree
Bank,7668,0,0,1,agree
Bank,7671,0,0,1,agree
Bank,7673,0,0,1,agree
Bank,7676,0,0,1,agree
Bank,7678,0,0,1,agree
Bank,7683,0,0,1,agree
Bank,7685,0,0,1,agree
Bank,7687,0,0,1,agree
Bank,7692,0,0,1,agree
Bank,7694,0,0,1,agree
Bank,7700,0,0,1,agree
Bank,7701,0,0,1,agree
Bank,7704,0,0,1,agree
Bank,7705,0,0,1,agree
Bank,7707,0,0,1,agree
Bank,7713,0,0,1,agree
Bank,7722,0,0,1,agree
Bank,7727,0,0,1,agree
Bank,7741,0,0,1,agree
Bank,7744,0,0,1,agree
Bank,7745,0,0,1,agree
Bank,7746,0,0,1,agree
Bank,7747,0,0,1,agree
Bank,7748,0,0,1,agree
Bank,7757,0,0,1,agree
Bank,7758,0,0,1,agree
Bank,7761,0,0,1,agree
Bank,7764,0,0,1,agree
Bank,7780,0,0,1,agree
Bank,7784,0,0,1,agree
Bank,7785,0,0,1,agree
Bank,7787,0,0,1,agree
Bank,7788,0,0,1,agree
Bank,7791,0,0,1,agree
Bank,7793,0,0,1,agree
Bank,7805,0,0,1,agree
Bank,7810,0,0,1,agree
Bank,7811,0,0,1,agree
Bank,7819,0,0,1,agree
Bank,7821,0,0,1,agree
Bank,7823,0,0,1,agree
Bank,7827,0,0,1,agree
Bank,7829,0,0,1,agree
Bank,7832,0,0,1,agree
Bank,7833,0,0,1,agree
Bank,7834,0,0,1,agree
Bank,7835,0,0,1,agree
Bank,7836,0,0,1,agree
Bank,7837,0,0,1,agree
Bank,7838,0,0,1,agree
Bank,7839,0,0,1,agree
Bank,7845,0,0,1,agree
Bank,7848,0,0,1,agree
Bank,7850,0,0,1,agree
Bank,7863,0,0,1,agree
Bank,7866,0,0,1,agree
Bank,7868,0,0,1,agree
Bank,7869,0,0,1,agree
Bank,7875,0,0,1,agree
Bank,7877,0,0,1,agree
Bank,7878,0,0,1,agree
Bank,7879,0,0,1,agree
Bank,7880,0,0,1,agree
Bank,7884,0,0,1,agree
Bank,7891,0,0,1,agree
Bank,7897,0,0,1,agree
Bank,7898,0,0,1,agree
Bank,7901,0,0,1,agree
Bank,7902,0,0,1,agree
Bank,7908,0,0,1,agree
Bank,7909,0,0,1,agree
Bank,7911,0,0,1,agree
Bank,7913,0,0,1,agree
Bank,7921,0,0,1,agree
Bank,7924,0,0,1,agree
Bank,7931,0,0,1,agree
Bank,7940,0,0,1,agree
Bank,7943,0,0,1,agree
Bank,7945,0,0,1,agree
Bank,7950,0,0,1,agree
Bank,7961,0,0,1,agree
Bank,7962,0,0,1,agree
Bank,7967,0,0,1,agree
Bank,7969,0,0,1,agree
Bank,7972,0,0,1,agree
Bank,7973,0,0,1,agree
Bank,7978,0,0,1,agree
Bank,7988,0,0,1,agree
Bank,7991,0,0,1,agree
Bank,8001,0,0,1,agree
Bank,8005,0,0,1,agree
Bank,8007,0,0,1,agree
Bank,8020,0,0,1,agree
Bank,8035,0,0,1,agree
Bank,8036,0,0,1,agree
Bank,8040,0,0,1,agree
Bank,8042,0,0,1,agree
Bank,8044,0,0,1,agree
Bank,8047,0,0,1,agree
Bank,8049,0,0,1,agree
Bank,8069,0,0,1,agree
Bank,8078,0,0,1,agree
Bank,8080,0,0,1,agree
Bank,8082,0,0,1,agree
Bank,8085,0,0,1,agree
Bank,8086,0,0,1,agree
Bank,8090,0,0,1,agree
Bank,8096,0,0,1,agree
Bank,8098,0,0,1,agree
Bank,8100,0,0,1,agree
Bank,8112,0,0,1,agree
Bank,8120,0,0,1,agree
Bank,8130,0,0,1,agree
Bank,8132,0,0,1,agree
Bank,8134,0,0,1,agree
Bank,8135,0,0,1,agree
Bank,8136,0,0,1,agree
Bank,8137,0,0,1,agree
Bank,8138,0,0,1,agree
Bank,8148,0,0,1,agree
Bank,8154,0,0,1,agree
Bank,8155,0,0,1,agree
Bank,8166,0,0,1,agree
Bank,8179,0,0,1,agree
Bank,8188,0,0,1,agree
Bank,8189,0,0,1,agree
Bank,8190,0,0,1,agree
Bank,8194,0,0,1,agree
Bank,8195,0,0,1,agree
Bank,8196,0,0,1,agree
Bank,8197,0,0,1,agree
Bank,8200,0,0,1,agree
Bank,8202,0,0,1,agree
Bank,8203,0,0,1,agree
Bank,8205,0,0,1,agree
Bank,8209,0,0,1,agree
Bank,8210,0,0,1,agree
Bank,8212,0,0,1,agree
Bank,8224,0,0,1,agree
Bank,8226,0,0,1,agree
Bank,8229,0,0,1,agree
Bank,8230,0,0,1,agree
Bank,8232,0,0,1,agree
Bank,8233,0,0,1,agree
Bank,8234,0,0,1,agree
Bank,8241,0,0,1,agree
Bank,8244,0,0,1,agree
Bank,8249,0,0,1,agree
Bank,8258,0,0,1,agree
Bank,8260,0,0,1,agree
Bank,8262,0,0,1,agree
Bank,8263,0,0,1,agree
Bank,8264,0,0,1,agree
Bank,8267,0,0,1,agree
Bank,8272,0,0,1,agree
Bank,8275,0,0,1,agree
Bank,8276,0,0,1,agree
Bank,8277,0,0,1,agree
Bank,8281,0,0,1,agree
Bank,8285,0,0,1,agree
Bank,8287,0,0,1,agree
Bank,8288,0,0,1,agree
Bank,8294,0,0,1,agree
Bank,8305,0,0,1,agree
Bank,8306,0,0,1,agree
Bank,8312,0,0,1,agree
Bank,8314,0,0,1,agree
Bank,8315,0,0,1,agree
Bank,8317,0,0,1,agree
Bank,8319,0,0,1,agree
Bank,8326,0,0,1,agree
Bank,8329,0,0,1,agree
Bank,8336,0,0,1,agree
Bank,8339,0,0,1,agree
Bank,8347,0,0,1,agree
Bank,8350,0,0,1,agree
Bank,8354,0,0,1,agree
Bank,8355,0,0,1,agree
Bank,8360,0,0,1,agree
Bank,8361,0,0,1,agree
Bank,8363,0,0,1,agree
Bank,8364,0,0,1,agree
Bank,8367,0,0,1,agree
Bank,8373,0,0,1,agree
Bank,8375,0,0,1,agree
Bank,8379,0,0,1,agree
Bank,8382,0,0,1,agree
Bank,8384,0,0,1,agree
Bank,8387,0,0,1,agree
Bank,8389,0,0,1,agree
Bank,8391,0,0,1,agree
Bank,8397,0,0,1,agree
Bank,8402,0,0,1,agree
Bank,8407,0,0,1,agree
Bank,8410,0,0,1,agree
Bank,8411,0,0,1,agree
Bank,8415,0,0,1,agree
Bank,8416,0,0,1,agree
Bank,8417,0,0,1,agree
Bank,8421,0,0,1,agree
Bank,8425,0,0,1,agree
Bank,8426,0,0,1,agree
Bank,8429,0,0,1,agree
Bank,8432,0,0,1,agree
Bank,8435,0,0,1,agree
Bank,8438,0,0,1,agree
Bank,8443,0,0,1,agree
Bank,8445,0,0,1,agree
Bank,8446,0,0,1,agree
Bank,8447,0,0,1,agree
Bank,8450,0,0,1,agree
Bank,8452,0,0,1,agree
Bank,8453,0,0,1,agree
Bank,8462,0,0,1,agree
Bank,8469,0,0,1,agree
Bank,8472,0,0,1,agree
Bank,8474,0,0,1,agree
Bank,8480,0,0,1,agree
Bank,8483,0,0,1,agree
Bank,8485,0,0,1,agree
Bank,8490,0,0,1,agree
Bank,8493,0,0,1,agree
Bank,8497,0,0,1,agree
Bank,8501,0,0,1,agree
Bank,8504,0,0,1,agree
Bank,8520,0,0,1,agree
Bank,8534,0,0,1,agree
Bank,8536,0,0,1,agree
Bank,8537,0,0,1,agree
Bank,8544,0,0,1,agree
Bank,8545,0,0,1,agree
Bank,8547,0,0,1,agree
Bank,8551,0,0,1,agree
Bank,8552,0,0,1,agree
Bank,8559,0,0,1,agree
Bank,8561,0,0,1,agree
Bank,8562,0,0,1,agree
Bank,8573,0,0,1,agree
Bank,8574,0,0,1,agree
Bank,8577,0,0,1,agree
Bank,8593,0,0,1,agree
Bank,8594,0,0,1,agree
Bank,8596,0,0,1,agree
Bank,8611,0,0,1,agree
Bank,8616,0,0,1,agree
Bank,8620,0,0,1,agree
Bank,8621,0,0,1,agree
Bank,8624,0,0,1,agree
Bank,8628,0,0,1,agree
Bank,8630,0,0,1,agree
Bank,8634,0,0,1,agree
Bank,8637,0,0,1,agree
Bank,8641,0,0,1,agree
Bank,8642,0,0,1,agree
Bank,8654,0,0,1,agree
Bank,8676,0,0,1,agree
Bank,8680,0,0,1,agree
Bank,8681,0,0,1,agree
Bank,8685,0,0,1,agree
Bank,8687,0,0,1,agree
Bank,8690,0,0,1,agree
Bank,8691,0,0,1,agree
Bank,8694,0,0,1,agree
Bank,8696,0,0,1,agree
Bank,8699,0,0,1,agree
Bank,8703,0,0,1,agree
Bank,8706,0,0,1,agree
Bank,8708,0,0,1,agree
Bank,8711,0,0,1,agree
Bank,8715,0,0,1,agree
Bank,8716,0,0,1,agree
Bank,8717,0,0,1,agree
Bank,8724,0,0,1,agree
Bank,8726,0,0,1,agree
Bank,8728,0,0,1,agree
Bank,8729,0,0,1,agree
Bank,8730,0,0,1,agree
Bank,8733,0,0,1,agree
Bank,8734,0,0,1,agree
Bank,8744,0,0,1,agree
Bank,8749,0,0,1,agree
Bank,8754,0,0,1,agree
Bank,8755,0,0,1,agree
Bank,8756,0,0,1,agree
Bank,8757,0,0,1,agree
Bank,8758,0,0,1,agree
Bank,8765,0,0,1,agree
Bank,8769,0,0,1,agree
Bank,8776,0,0,1,agree
Bank,8778,0,0,1,agree
Bank,8779,0,0,1,agree
Bank,8790,0,0,1,agree
Bank,8793,0,0,1,agree
Bank,8802,0,0,1,agree
Bank,8814,0,0,1,agree
Bank,8818,0,0,1,agree
Bank,8838,0,0,1,agree
Bank,8839,0,0,1,agree
Bank,8843,0,0,1,agree
Bank,8846,0,0,1,agree
Bank,8847,0,0,1,agree
Bank,8848,0,0,1,agree
Bank,8850,0,0,1,agree
Bank,8853,0,0,1,agree
Bank,8857,0,0,1,agree
Bank,8858,0,0,1,agree
Bank,8859,0,0,1,agree
Bank,8860,0,0,1,agree
Bank,8868,0,0,1,agree
Bank,8869,0,0,1,agree
Bank,8870,0,0,1,agree
Bank,8877,0,0,1,agree
Bank,8879,0,0,1,agree
Bank,8881,0,0,1,agree
Bank,8888,0,0,1,agree
Bank,8889,0,0,1,agree
Bank,8890,0,0,1,agree
Bank,8891,0,0,1,agree
Bank,8898,0,0,1,agree
Bank,8899,0,0,1,agree
Bank,8900,0,0,1,agree
Bank,8903,0,0,1,agree
Bank,8908,0,0,1,agree
Bank,8909,0,0,1,agree
Bank,8913,0,0,1,agree
Bank,8916,0,0,1,agree
Bank,8918,0,0,1,agree
Bank,8922,0,0,1,agree
Bank,8927,0,0,1,agree
Bank,8929,0,0,1,agree
Bank,8933,0,0,1,agree
Bank,8937,0,0,1,agree
Bank,8941,0,0,1,agree
Bank,8944,0,0,1,agree
Bank,8951,0,0,1,agree
Bank,8952,0,0,1,agree
Bank,8953,0,0,1,agree
Bank,8959,0,0,1,agree
Bank,8961,0,0,1,agree
Bank,8963,0,0,1,agree
Bank,8965,0,0,1,agree
Bank,8966,0,0,1,agree
Bank,8967,0,0,1,agree
Bank,8968,0,0,1,agree
Bank,8969,0,0,1,agree
Bank,8973,0,0,1,agree
Bank,8975,0,0,1,agree
Bank,8977,0,0,1,agree
Bank,8978,0,0,1,agree
Bank,8984,0,0,1,agree
Bank,8990,0,0,1,agree
Bank,8991,0,0,1,agree
Bank,8992,0,0,1,agree
Bank,8994,0,0,1,agree
Bank,8998,0,0,1,agree
Bank,8999,0,0,1,agree
Bank,9002,0,0,1,agree
Bank,9006,0,0,1,agree
Bank,9035,0,0,1,agree
Bank,9036,0,0,1,agree
Bank,9038,0,0,1,agree
Bank,9039,0,0,1,agree
Bank,9040,0,0,1,agree
Bank,9044,0,0,1,agree
Bank,9049,0,0,1,agree
Bank,9053,0,0,1,agree
Bank,9055,0,0,1,agree
Bank,9056,0,0,1,agree
Bank,9057,0,0,1,agree
Bank,9058,0,0,1,agree
Bank,9064,0,0,1,agree
Bank,9075,0,0,1,agree
Bank,9076,0,0,1,agree
Bank,9077,0,0,1,agree
Bank,9081,0,0,1,agree
Bank,9083,0,0,1,agree
Bank,9088,0,0,1,agree
Bank,9094,0,0,1,agree
Bank,9095,0,0,1,agree
Bank,9099,0,0,1,agree
Bank,9107,0,0,1,agree
Bank,9119,0,0,1,agree
Bank,9122,0,0,1,agree
Bank,9123,0,0,1,agree
Bank,9125,0,0,1,agree
Bank,9126,0,0,1,agree
Bank,9127,0,0,1,agree
Bank,9129,0,0,1,agree
Bank,9135,0,0,1,agree
Bank,9138,0,0,1,agree
Bank,9141,0,0,1,agree
Bank,9143,0,0,1,agree
Bank,9146,0,0,1,agree
Bank,9152,0,0,1,agree
Bank,9153,0,0,1,agree
Bank,9155,0,0,1,agree
Bank,9156,0,0,1,agree
Bank,9158,0,0,1,agree
Bank,9159,0,0,1,agree
Bank,9160,0,0,1,agree
Bank,9164,0,0,1,agree
Bank,9170,0,0,1,agree
Bank,9171,0,0,1,agree
Bank,9174,0,0,1,agree
Bank,9175,0,0,1,agree
Bank,9177,0,0,1,agree
Bank,9182,0,0,1,agree
Bank,9187,0,0,1,agree
Bank,9190,0,0,1,agree
Bank,9202,0,0,1,agree
Bank,9203,0,0,1,agree
Bank,9204,0,0,1,agree
Bank,9208,0,0,1,agree
Bank,9217,0,0,1,agree
Bank,9218,0,0,1,agree
Bank,9221,0,0,1,agree
Bank,9227,0,0,1,agree
Bank,9232,0,0,1,agree
Bank,9236,0,0,1,agree
Bank,9241,0,0,1,agree
Bank,9242,0,0,1,agree
Bank,9251,0,0,1,agree
Bank,9254,0,0,1,agree
Bank,9258,0,0,1,agree
Bank,9269,0,0,1,agree
Bank,9274,0,0,1,agree
Bank,9276,0,0,1,agree
Bank,9287,0,0,1,agree
Bank,9292,0,0,1,agree
Bank,9296,0,0,1,agree
Bank,9298,0,0,1,agree
Bank,9299,0,0,1,agree
Bank,9301,0,0,1,agree
Bank,9311,0,0,1,agree
Bank,9318,0,0,1,agree
Bank,9319,0,0,1,agree
Bank,9330,0,0,1,agree
Bank,9331,0,0,1,agree
Bank,9332,0,0,1,agree
Bank,9339,0,0,1,agree
Bank,9342,0,0,1,agree
Bank,9349,0,0,1,agree
Bank,9350,0,0,1,agree
Bank,9351,0,0,1,agree
Bank,9359,0,0,1,agree
Bank,9360,0,0,1,agree
Bank,9363,0,0,1,agree
Bank,9367,0,0,1,agree
Bank,9373,0,0,1,agree
Bank,9376,0,0,1,agree
Bank,9383,0,0,1,agree
Bank,9386,0,0,1,agree
Bank,9391,0,0,1,agree
Bank,9392,0,0,1,agree
Bank,9394,0,0,1,agree
Bank,9401,0,0,1,agree
Bank,9402,0,0,1,agree
Bank,9404,0,0,1,agree
Bank,9405,0,0,1,agree
Bank,9411,0,0,1,agree
Bank,9416,0,0,1,agree
Bank,9421,0,0,1,agree
Bank,9423,0,0,1,agree
Bank,9431,0,0,1,agree
Bank,9432,0,0,1,agree
Bank,9433,0,0,1,agree
Bank,9434,0,0,1,agree
Bank,9440,0,0,1,agree
Bank,9451,0,0,1,agree
Bank,9462,0,0,1,agree
Bank,9466,0,0,1,agree
Bank,9468,0,0,1,agree
Bank,9472,0,0,1,agree
Bank,9474,0,0,1,agree
Bank,9479,0,0,1,agree
Bank,9482,0,0,1,agree
Bank,9483,0,0,1,agree
Bank,9485,0,0,1,agree
Bank,9493,0,0,1,agree
Bank,9506,0,0,1,agree
Bank,9509,0,0,1,agree
Bank,9510,0,0,1,agree
Bank,9511,0,0,1,agree
Bank,9514,0,0,1,agree
Bank,9517,0,0,1,agree
Bank,9521,0,0,1,agree
Bank,9522,0,0,1,agree
Bank,9528,0,0,1,agree
Bank,9531,0,0,1,agree
Bank,9538,0,0,1,agree
Bank,9543,0,0,1,agree
Bank,9546,0,0,1,agree
Bank,9547,0,0,1,agree
Bank,9548,0,0,1,agree
Bank,9550,0,0,1,agree
Bank,9551,0,0,1,agree
Bank,9556,0,0,1,agree
Bank,9559,0,0,1,agree
Bank,9561,0,0,1,agree
Bank,9563,0,0,1,agree
Bank,9565,0,0,1,agree
Bank,9571,0,0,1,agree
Bank,9573,0,0,1,agree
Bank,9577,0,0,1,agree
Bank,9582,0,0,1,agree
Bank,9586,0,0,1,agree
Bank,9588,0,0,1,agree
Bank,9592,0,0,1,agree
Bank,9597,0,0,1,agree
Bank,9598,0,0,1,agree
Bank,9603,0,0,1,agree
Bank,9606,0,0,1,agree
Bank,9621,0,0,1,agree
Bank,9622,0,0,1,agree
Bank,9623,0,0,1,agree
Bank,9626,0,0,1,agree
Bank,9633,0,0,1,agree
Bank,9638,0,0,1,agree
Bank,9640,0,0,1,agree
Bank,9647,0,0,1,agree
Bank,9648,0,0,1,agree
Bank,9652,0,0,1,agree
Bank,9655,0,0,1,agree
Bank,9659,0,0,1,agree
Bank,9660,0,0,1,agree
Bank,9662,0,0,1,agree
Bank,9664,0,0,1,agree
Bank,9668,0,0,1,agree
Bank,9673,0,0,1,agree
Bank,9675,0,0,1,agree
Bank,9685,0,0,1,agree
Bank,9687,0,0,1,agree
Bank,9688,0,0,1,agree
Bank,9691,0,0,1,agree
Bank,9693,0,0,1,agree
Bank,9694,0,0,1,agree
Bank,9695,0,0,1,agree
Bank,9697,0,0,1,agree
Bank,9698,0,0,1,agree
Bank,9702,0,0,1,agree
Bank,9711,0,0,1,agree
Bank,9716,0,0,1,agree
Bank,9717,0,0,1,agree
Bank,9719,0,0,1,agree
Bank,9722,0,0,1,agree
Bank,9723,0,0,1,agree
Bank,9724,0,0,1,agree
Bank,9739,0,0,1,agree
Bank,9747,0,0,1,agree
Bank,9753,0,0,1,agree
Bank,9756,0,0,1,agree
Bank,9758,0,0,1,agree
Bank,9760,0,0,1,agree
Bank,9761,0,0,1,agree
Bank,9762,0,0,1,agree
Bank,9772,0,0,1,agree
Bank,9775,0,0,1,agree
Bank,9782,0,0,1,agree
Bank,9784,0,0,1,agree
Bank,9785,0,0,1,agree
Bank,9801,0,0,1,agree
Bank,9810,0,0,1,agree
Bank,9811,0,0,1,agree
Bank,9817,0,0,1,agree
Bank,9818,0,0,1,agree
Bank,9825,0,0,1,agree
Bank,9828,0,0,1,agree
Bank,9829,0,0,1,agree
Bank,9838,0,0,1,agree
Bank,9839,0,0,1,agree
Bank,9842,0,0,1,agree
Bank,9850,0,0,1,agree
Bank,9853,0,0,1,agree
Bank,9854,0,0,1,agree
Bank,9862,0,0,1,agree
Bank,9863,0,0,1,agree
Bank,9866,0,0,1,agree
Bank,9873,0,0,1,agree
Bank,9879,0,0,1,agree
Bank,9881,0,0,1,agree
Bank,9883,0,0,1,agree
Bank,9884,0,0,1,agree
Bank,9886,0,0,1,agree
Bank,9887,0,0,1,agree
Bank,9890,0,0,1,agree
Bank,9893,0,0,1,agree
Bank,9902,0,0,1,agree
Bank,9909,0,0,1,agree
Bank,9910,0,0,1,agree
Bank,9915,0,0,1,agree
Bank,9916,0,0,1,agree
Bank,9919,0,0,1,agree
Bank,9926,0,0,1,agree
Bank,9927,0,0,1,agree
Bank,9930,0,0,1,agree
Bank,9932,0,0,1,agree
Bank,9933,0,0,1,agree
Bank,9935,0,0,1,agree
Bank,9938,0,0,1,agree
Bank,9953,0,0,1,agree
Bank,9956,0,0,1,agree
Bank,9957,0,0,1,agree
Bank,9962,0,0,1,agree
Bank,9974,0,0,1,agree
Bank,9980,0,0,1,agree
Bank,9982,0,0,1,agree
Bank,9983,0,0,1,agree
Bank,9995,0,0,1,agree
Bank,10001,0,0,1,agree
Bank,10002,0,0,1,agree
Bank,10004,0,0,1,agree
Bank,10006,0,0,1,agree
Bank,10009,0,0,1,agree
Bank,10016,0,0,1,agree
Bank,10019,0,0,1,agree
Bank,10020,0,0,1,agree
Bank,10021,0,0,1,agree
Bank,10023,0,0,1,agree
Bank,10028,0,0,1,agree
Bank,10030,0,0,1,agree
Bank,10031,0,0,1,agree
Bank,10035,0,0,1,agree
Bank,10040,0,0,1,agree
Bank,10047,0,0,1,agree
Bank,10048,0,0,1,agree
Bank,10049,0,0,1,agree
Bank,10054,0,0,1,agree
Bank,10057,0,0,1,agree
Bank,10076,0,0,1,agree
Bank,10083,0,0,1,agree
Bank,10085,0,0,1,agree
Bank,10086,0,0,1,agree
Bank,10089,0,0,1,agree
Bank,10097,0,0,1,agree
Bank,10098,0,0,1,agree
Bank,10102,0,0,1,agree
Bank,10103,0,0,1,agree
Bank,10106,0,0,1,agree
Bank,10107,0,0,1,agree
Bank,10111,0,0,1,agree
Bank,10120,0,0,1,agree
Bank,10125,0,0,1,agree
Bank,10130,0,0,1,agree
Bank,10134,0,0,1,agree
Bank,10135,0,0,1,agree
Bank,10138,0,0,1,agree
Bank,10139,0,0,1,agree
Bank,10144,0,0,1,agree
Bank,10145,0,0,1,agree
Bank,10146,0,0,1,agree
Bank,10149,0,0,1,agree
Bank,10151,0,0,1,agree
Bank,10153,0,0,1,agree
Bank,10157,0,0,1,agree
Bank,10161,0,0,1,agree
Bank,10162,0,0,1,agree
Bank,10163,0,0,1,agree
Bank,10172,0,0,1,agree
Bank,10174,0,0,1,agree
Bank,10183,0,0,1,agree
Bank,10185,0,0,1,agree
Bank,10189,0,0,1,agree
Bank,10193,0,0,1,agree
Bank,10198,0,0,1,agree
Bank,10201,0,0,1,agree
Bank,10203,0,0,1,agree
Bank,10209,0,0,1,agree
Bank,10216,0,0,1,agree
Bank,10217,0,0,1,agree
Bank,10225,0,0,1,agree
Bank,10230,0,0,1,agree
Bank,10232,0,0,1,agree
Bank,10236,0,0,1,agree
Bank,10243,0,0,1,agree
Bank,10244,0,0,1,agree
Bank,10249,0,0,1,agree
Bank,10251,0,0,1,agree
Bank,10254,0,0,1,agree
Bank,10258,0,0,1,agree
Bank,10264,0,0,1,agree
Bank,10266,0,0,1,agree
Bank,10272,0,0,1,agree
Bank,10273,0,0,1,agree
Bank,10275,0,0,1,agree
Bank,10276,0,0,1,agree
Bank,10281,0,0,1,agree
Bank,10283,0,0,1,agree
Bank,10289,0,0,1,agree
Bank,10291,0,0,1,agree
Bank,10307,0,0,1,agree
Bank,10311,0,0,1,agree
Bank,10322,0,0,1,agree
Bank,10330,0,0,1,agree
Bank,10337,0,0,1,agree
Bank,10338,0,0,1,agree
Bank,10344,0,0,1,agree
Bank,10345,0,0,1,agree
Bank,10355,0,0,1,agree
Bank,10357,0,0,1,agree
Bank,10358,0,0,1,agree
Bank,10360,0,0,1,agree
Bank,10368,0,0,1,agree
Bank,10370,0,0,1,agree
Bank,10371,0,0,1,agree
Bank,10374,0,0,1,agree
Bank,10375,0,0,1,agree
Bank,10383,0,0,1,agree
Bank,10388,0,0,1,agree
Bank,10397,0,0,1,agree
Bank,10398,0,0,1,agree
Bank,10399,0,0,1,agree
Bank,10404,0,0,1,agree
Bank,10406,0,0,1,agree
Bank,10407,0,0,1,agree
Bank,10412,0,0,1,agree
Bank,10424,0,0,1,agree
Bank,10428,0,0,1,agree
Bank,10433,0,0,1,agree
Bank,10435,0,0,1,agree
Bank,10439,0,0,1,agree
Bank,10440,0,0,1,agree
Bank,10441,0,0,1,agree
Bank,10442,0,0,1,agree
Bank,10454,0,0,1,agree
Bank,10456,0,0,1,agree
Bank,10466,0,0,1,agree
Bank,10468,0,0,1,agree
Bank,10483,0,0,1,agree
Bank,10485,0,0,1,agree
Bank,10490,0,0,1,agree
Bank,10494,0,0,1,agree
Bank,10499,0,0,1,agree
Bank,10503,0,0,1,agree
Bank,10504,0,0,1,agree
Bank,10507,0,0,1,agree
Bank,10510,0,0,1,agree
Bank,10513,0,0,1,agree
Bank,10516,0,0,1,agree
Bank,10518,0,0,1,agree
Bank,10522,0,0,1,agree
Bank,10526,0,0,1,agree
Bank,10530,0,0,1,agree
Bank,10535,0,0,1,agree
Bank,10537,0,0,1,agree
Bank,10538,0,0,1,agree
Bank,10544,0,0,1,agree
Bank,10550,0,0,1,agree
Bank,10553,0,0,1,agree
Bank,10554,0,0,1,agree
Bank,10556,0,0,1,agree
Bank,10559,0,0,1,agree
Bank,10560,0,0,1,agree
Bank,10563,0,0,1,agree
Bank,10565,0,0,1,agree
Bank,10575,0,0,1,agree
Bank,10576,0,0,1,agree
Bank,10579,0,0,1,agree
Bank,10586,0,0,1,agree
Bank,10591,0,0,1,agree
Bank,10594,0,0,1,agree
Bank,10595,0,0,1,agree
Bank,10597,0,0,1,agree
Bank,10600,0,0,1,agree
Bank,10601,0,0,1,agree
Bank,10603,0,0,1,agree
Bank,10605,0,0,1,agree
Bank,10606,0,0,1,agree
Bank,10610,0,0,1,agree
Bank,10614,0,0,1,agree
Bank,10616,0,0,1,agree
Bank,10622,0,0,1,agree
Bank,10625,0,0,1,agree
Bank,10626,0,0,1,agree
Bank,10627,0,0,1,agree
Bank,10634,0,0,1,agree
Bank,10635,0,0,1,agree
Bank,10637,0,0,1,agree
Bank,10638,0,0,1,agree
Bank,10641,0,0,1,agree
Bank,10642,0,0,1,agree
Bank,10643,0,0,1,agree
Bank,10644,0,0,1,agree
Bank,10651,0,0,1,agree
Bank,10652,0,0,1,agree
Bank,10657,0,0,1,agree
Bank,10659,0,0,1,agree
Bank,10664,0,0,1,agree
Bank,10670,0,0,1,agree
Bank,10674,0,0,1,agree
Bank,10676,0,0,1,agree
Bank,10677,0,0,1,agree
Bank,10679,0,0,1,agree
Bank,10680,0,0,1,agree
Bank,10686,0,0,1,agree
Bank,10690,0,0,1,agree
Bank,10693,0,0,1,agree
Bank,10694,0,0,1,agree
Bank,10697,0,0,1,agree
Bank,10700,0,0,1,agree
Bank,10704,0,0,1,agree
Bank,10706,0,0,1,agree
Bank,10709,0,0,1,agree
Bank,10714,0,0,1,agree
Bank,10719,0,0,1,agree
Bank,10721,0,0,1,agree
Bank,10722,0,0,1,agree
Bank,10724,0,0,1,agree
Bank,10726,0,0,1,agree
Bank,10727,0,0,1,agree
Bank,10737,0,0,1,agree
Bank,10739,0,0,1,agree
Bank,10742,0,0,1,agree
Bank,10746,0,0,1,agree
Bank,10755,0,0,1,agree
Bank,10767,0,0,1,agree
Bank,10790,0,0,1,agree
Bank,10791,0,0,1,agree
Bank,10792,0,0,1,agree
Bank,10797,0,0,1,agree
Bank,10798,0,0,1,agree
Bank,10803,0,0,1,agree
Bank,10805,0,0,1,agree
Bank,10808,0,0,1,agree
Bank,10818,0,0,1,agree
Bank,10821,0,0,1,agree
Bank,10826,0,0,1,agree
Bank,10828,0,0,1,agree
Bank,10830,0,0,1,agree
Bank,10833,0,0,1,agree
Bank,10834,0,0,1,agree
Bank,10836,0,0,1,agree
Bank,10839,0,0,1,agree
Bank,10844,0,0,1,agree
Bank,10846,0,0,1,agree
Bank,10847,0,0,1,agree
Bank,10852,0,0,1,agree
Bank,10853,0,0,1,agree
Bank,10856,0,0,1,agree
Bank,10857,0,0,1,agree
Bank,10858,0,0,1,agree
Bank,10859,0,0,1,agree
Bank,10861,0,0,1,agree
Bank,10864,0,0,1,agree
Bank,10867,0,0,1,agree
Bank,10869,0,0,1,agree
Bank,10873,0,0,1,agree
Bank,10876,0,0,1,agree
Bank,10878,0,0,1,agree
Bank,10879,0,0,1,agree
Bank,10881,0,0,1,agree
Bank,10883,0,0,1,agree
Bank,10884,0,0,1,agree
Bank,10886,0,0,1,agree
Bank,10889,0,0,1,agree
Bank,10893,0,0,1,agree
Bank,10894,0,0,1,agree
Bank,10896,0,0,1,agree
Bank,10899,0,0,1,agree
Bank,10900,0,0,1,agree
Bank,10903,0,0,1,agree
Bank,10905,0,0,1,agree
Bank,10907,0,0,1,agree
Bank,10913,0,0,1,agree
Bank,10915,0,0,1,agree
Bank,10922,0,0,1,agree
Bank,10928,0,0,1,agree
Bank,10930,0,0,1,agree
Bank,10931,0,0,1,agree
Bank,10935,0,0,1,agree
Bank,10941,0,0,1,agree
Bank,10950,0,0,1,agree
Bank,10977,0,0,1,agree
Bank,10980,0,0,1,agree
Bank,10983,0,0,1,agree
Bank,10986,0,0,1,agree
Bank,10994,0,0,1,agree
Bank,10995,0,0,1,agree
Bank,11002,0,0,1,agree
Bank,11007,0,0,1,agree
Bank,11015,0,0,1,agree
Bank,11019,0,0,1,agree
Bank,11022,0,0,1,agree
Bank,11025,0,0,1,agree
Bank,11033,0,0,1,agree
Bank,11034,0,0,1,agree
Bank,11037,0,0,1,agree
Bank,11040,0,0,1,agree
Bank,11041,0,0,1,agree
Bank,11053,0,0,1,agree
Bank,11054,0,0,1,agree
Bank,11059,0,0,1,agree
Bank,11060,0,0,1,agree
Bank,11061,0,0,1,agree
Bank,11066,0,0,1,agree
Bank,11068,0,0,1,agree
Bank,11074,0,0,1,agree
Bank,11098,0,0,1,agree
Bank,11101,0,0,1,agree
Bank,11110,0,0,1,agree
Bank,11111,0,0,1,agree
Bank,11112,0,0,1,agree
Bank,11115,0,0,1,agree
Bank,11117,0,0,1,agree
Bank,11121,0,0,1,agree
Bank,11122,0,0,1,agree
Bank,11130,0,0,1,agree
Bank,11142,0,0,1,agree
Bank,11146,0,0,1,agree
Bank,11153,0,0,1,agree
Bank,11154,0,0,1,agree
Bank,11157,0,0,1,agree
Bank,11162,0,0,1,agree
Bank,11167,0,0,1,agree
Bank,11170,0,0,1,agree
Bank,11174,0,0,1,agree
Bank,11175,0,0,1,agree
Bank,11178,0,0,1,agree
Bank,11189,0,0,1,agree
Bank,11192,0,0,1,agree
Bank,11193,0,0,1,agree
Bank,11194,0,0,1,agree
Bank,11196,0,0,1,agree
Bank,11198,0,0,1,agree
Bank,11199,0,0,1,agree
Bank,11202,0,0,1,agree
Bank,11205,0,0,1,agree
Bank,11216,0,0,1,agree
Bank,11219,0,0,1,agree
Bank,11233,0,0,1,agree
Bank,11234,0,0,1,agree
Bank,11235,0,0,1,agree
Bank,11237,0,0,1,agree
Bank,11246,0,0,1,agree
Bank,11249,0,0,1,agree
Bank,11253,0,0,1,agree
Bank,11254,0,0,1,agree
Bank,11257,0,0,1,agree
Bank,11264,0,0,1,agree
Bank,11265,0,0,1,agree
Bank,11274,0,0,1,agree
Bank,11279,0,0,1,agree
Bank,11282,0,0,1,agree
Bank,11284,0,0,1,agree
Bank,11293,0,0,1,agree
Bank,11302,0,0,1,agree
Bank,11303,0,0,1,agree
Bank,11305,0,0,1,agree
Bank,11310,0,0,1,agree
Bank,11313,0,0,1,agree
Bank,11314,0,0,1,agree
Bank,11315,0,0,1,agree
Bank,11318,0,0,1,agree
Bank,11321,0,0,1,agree
Bank,11322,0,0,1,agree
Bank,11327,0,0,1,agree
Bank,11331,0,0,1,agree
Bank,11335,0,0,1,agree
Bank,11339,0,0,1,agree
Bank,11345,0,0,1,agree
Bank,11349,0,0,1,agree
Bank,11353,0,0,1,agree
Bank,11357,0,0,1,agree
Bank,11365,0,0,1,agree
Bank,11367,0,0,1,agree
Bank,11377,0,0,1,agree
Bank,11382,0,0,1,agree
Bank,11383,0,0,1,agree
Bank,11384,0,0,1,agree
Bank,11385,0,0,1,agree
Bank,11394,0,0,1,agree
Bank,11396,0,0,1,agree
Bank,11397,0,0,1,agree
Bank,11398,0,0,1,agree
Bank,11411,0,0,1,agree
Bank,11415,0,0,1,agree
Bank,11442,0,0,1,agree
Bank,11446,0,0,1,agree
Bank,11453,0,0,1,agree
Bank,11455,0,0,1,agree
Bank,11456,0,0,1,agree
Bank,11461,0,0,1,agree
Bank,11468,0,0,1,agree
Bank,11472,0,0,1,agree
Bank,11473,0,0,1,agree
Bank,11482,0,0,1,agree
Bank,11483,0,0,1,agree
Bank,11484,0,0,1,agree
Bank,11486,0,0,1,agree
Bank,11490,0,0,1,agree
Bank,11491,0,0,1,agree
Bank,11493,0,0,1,agree
Bank,11494,0,0,1,agree
Bank,11498,0,0,1,agree
Bank,11504,0,0,1,agree
Bank,11505,0,0,1,agree
Bank,11506,0,0,1,agree
Bank,11507,0,0,1,agree
Bank,11512,0,0,1,agree
Bank,11522,0,0,1,agree
Bank,11523,0,0,1,agree
Bank,11524,0,0,1,agree
Bank,11527,0,0,1,agree
Bank,11535,0,0,1,agree
Bank,11536,0,0,1,agree
Bank,11539,0,0,1,agree
Bank,11540,0,0,1,agree
Bank,11547,0,0,1,agree
Bank,11553,0,0,1,agree
Bank,11559,0,0,1,agree
Bank,11563,0,0,1,agree
Bank,11569,0,0,1,agree
Bank,11571,0,0,1,agree
Bank,11573,0,0,1,agree
Bank,11575,0,0,1,agree
Bank,11582,0,0,1,agree
Bank,11585,0,0,1,agree
Bank,11590,0,0,1,agree
Bank,11594,0,0,1,agree
Bank,11595,0,0,1,agree
Bank,11596,0,0,1,agree
Bank,11608,0,0,1,agree
Bank,11609,0,0,1,agree
Bank,11610,0,0,1,agree
Bank,11611,0,0,1,agree
Bank,11615,0,0,1,agree
Bank,11616,0,0,1,agree
Bank,11619,0,0,1,agree
Bank,11623,0,0,1,agree
Bank,11628,0,0,1,agree
Bank,11629,0,0,1,agree
Bank,11637,0,0,1,agree
Bank,11638,0,0,1,agree
Bank,11641,0,0,1,agree
Bank,11642,0,0,1,agree
Bank,11648,0,0,1,agree
Bank,11652,0,0,1,agree
Bank,11655,0,0,1,agree
Bank,11661,0,0,1,agree
Bank,11666,0,0,1,agree
Bank,11667,0,0,1,agree
Bank,11672,0,0,1,agree
Bank,11673,0,0,1,agree
Bank,11675,0,0,1,agree
Bank,11678,0,0,1,agree
Bank,11681,0,0,1,agree
Bank,11683,0,0,1,agree
Bank,11684,0,0,1,agree
Bank,11685,0,0,1,agree
Bank,11691,0,0,1,agree
Bank,11698,0,0,1,agree
Bank,11702,0,0,1,agree
Bank,11706,0,0,1,agree
Bank,11707,0,0,1,agree
Bank,11715,0,0,1,agree
Bank,11716,0,0,1,agree
Bank,11724,0,0,1,agree
Bank,11729,0,0,1,agree
Bank,11731,0,0,1,agree
Bank,11732,0,0,1,agree
Bank,11738,0,0,1,agree
Bank,11739,0,0,1,agree
Bank,11740,0,0,1,agree
Bank,11741,0,0,1,agree
Bank,11743,0,0,1,agree
Bank,11751,0,0,1,agree
Bank,11753,0,0,1,agree
Bank,11757,0,0,1,agree
Bank,11758,0,0,1,agree
Bank,11760,0,0,1,agree
Bank,11768,0,0,1,agree
Bank,11772,0,0,1,agree
Bank,11775,0,0,1,agree
Bank,11788,0,0,1,agree
Bank,11789,0,0,1,agree
Bank,11790,0,0,1,agree
Bank,11794,0,0,1,agree
Bank,11795,0,0,1,agree
Bank,11797,0,0,1,agree
Bank,11798,0,0,1,agree
Bank,11803,0,0,1,agree
Bank,11805,0,0,1,agree
Bank,11809,0,0,1,agree
Bank,11811,0,0,1,agree
Bank,11812,0,0,1,agree
Bank,11817,0,0,1,agree
Bank,11818,0,0,1,agree
Bank,11822,0,0,1,agree
Bank,11824,0,0,1,agree
Bank,11831,0,0,1,agree
Bank,11836,0,0,1,agree
Bank,11840,0,0,1,agree
Bank,11841,0,0,1,agree
Bank,11842,0,0,1,agree
Bank,11844,0,0,1,agree
Bank,11849,0,0,1,agree
Bank,11853,0,0,1,agree
Bank,11854,0,0,1,agree
Bank,11855,0,0,1,agree
Bank,11860,0,0,1,agree
Bank,11877,0,0,1,agree
Bank,11878,0,0,1,agree
Bank,11881,0,0,1,agree
Bank,11883,0,0,1,agree
Bank,11886,0,0,1,agree
Bank,11893,0,0,1,agree
Bank,11903,0,0,1,agree
Bank,11904,0,0,1,agree
Bank,11907,0,0,1,agree
Bank,11908,0,0,1,agree
Bank,11910,0,0,1,agree
Bank,11916,0,0,1,agree
Bank,11917,0,0,1,agree
Bank,11918,0,0,1,agree
Bank,11931,0,0,1,agree
Bank,11936,0,0,1,agree
Bank,11937,0,0,1,agree
Bank,11941,0,0,1,agree
Bank,11945,0,0,1,agree
Bank,11947,0,0,1,agree
Bank,11949,0,0,1,agree
Bank,11950,0,0,1,agree
Bank,11952,0,0,1,agree
Bank,11953,0,0,1,agree
Bank,11957,0,0,1,agree
Bank,11959,0,0,1,agree
Bank,11960,0,0,1,agree
Bank,11961,0,0,1,agree
Bank,11966,0,0,1,agree
Bank,11979,0,0,1,agree
Bank,11986,0,0,1,agree
Bank,11991,0,0,1,agree
Bank,11992,0,0,1,agree
Bank,11996,0,0,1,agree
Bank,12001,0,0,1,agree
Bank,12002,0,0,1,agree
Bank,12006,0,0,1,agree
Bank,12011,0,0,1,agree
Bank,12013,0,0,1,agree
Bank,12017,0,0,1,agree
Bank,12019,0,0,1,agree
Bank,12024,0,0,1,agree
Bank,12026,0,0,1,agree
Bank,12029,0,0,1,agree
Bank,12030,0,0,1,agree
Bank,12031,0,0,1,agree
Bank,12032,0,0,1,agree
Bank,12035,0,0,1,agree
Bank,12036,0,0,1,agree
Bank,12038,0,0,1,agree
Bank,12039,0,0,1,agree
Bank,12051,0,0,1,agree
Bank,12052,0,0,1,agree
Bank,12071,0,0,1,agree
Bank,12073,0,0,1,agree
Bank,12077,0,0,1,agree
Bank,12080,0,0,1,agree
Bank,12082,0,0,1,agree
Bank,12084,0,0,1,agree
Bank,12087,0,0,1,agree
Bank,12092,0,0,1,agree
Bank,12095,0,0,1,agree
Bank,12096,0,0,1,agree
Bank,12101,0,0,1,agree
Bank,12104,0,0,1,agree
Bank,12107,0,0,1,agree
Bank,12109,0,0,1,agree
Bank,12112,0,0,1,agree
Bank,12113,0,0,1,agree
Bank,12120,0,0,1,agree
Bank,12126,0,0,1,agree
Bank,12131,0,0,1,agree
Bank,12132,0,0,1,agree
Bank,12134,0,0,1,agree
Bank,12135,0,0,1,agree
Bank,12142,0,0,1,agree
Bank,12143,0,0,1,agree
Bank,12145,0,0,1,agree
Bank,12151,0,0,1,agree
Bank,12159,0,0,1,agree
Bank,12161,0,0,1,agree
Bank,12176,0,0,1,agree
Bank,12178,0,0,1,agree
Bank,12184,0,0,1,agree
Bank,12191,0,0,1,agree
Bank,12194,0,0,1,agree
Bank,12199,0,0,1,agree
Bank,12200,0,0,1,agree
Bank,12207,0,0,1,agree
Bank,12218,0,0,1,agree
Bank,12222,0,0,1,agree
Bank,12226,0,0,1,agree
Bank,12235,0,0,1,agree
Bank,12240,0,0,1,agree
Bank,12244,0,0,1,agree
Bank,12248,0,0,1,agree
Bank,12255,0,0,1,agree
Bank,12259,0,0,1,agree
Bank,12272,0,0,1,agree
Bank,12279,0,0,1,agree
Bank,12289,0,0,1,agree
Bank,12294,0,0,1,agree
Bank,12301,0,0,1,agree
Bank,12302,0,0,1,agree
Bank,12304,0,0,1,agree
Bank,12307,0,0,1,agree
Bank,12310,0,0,1,agree
Bank,12311,0,0,1,agree
Bank,12315,0,0,1,agree
Bank,12316,0,0,1,agree
Bank,12320,0,0,1,agree
Bank,12325,0,0,1,agree
Bank,12328,0,0,1,agree
Bank,12334,0,0,1,agree
Bank,12343,0,0,1,agree
Bank,12348,0,0,1,agree
Bank,12351,0,0,1,agree
Bank,12352,0,0,1,agree
Bank,12353,0,0,1,agree
Bank,12355,0,0,1,agree
Bank,12357,0,0,1,agree
Bank,12362,0,0,1,agree
Bank,12363,0,0,1,agree
Bank,12367,0,0,1,agree
Bank,12372,0,0,1,agree
Bank,12373,0,0,1,agree
Bank,12378,0,0,1,agree
Bank,12379,0,0,1,agree
Bank,12386,0,0,1,agree
Bank,12389,0,0,1,agree
Bank,12396,0,0,1,agree
Bank,12397,0,0,1,agree
Bank,12398,0,0,1,agree
Bank,12403,0,0,1,agree
Bank,12405,0,0,1,agree
Bank,12410,0,0,1,agree
Bank,12416,0,0,1,agree
Bank,12419,0,0,1,agree
Bank,12420,0,0,1,agree
Bank,12422,0,0,1,agree
Bank,12426,0,0,1,agree
Bank,12429,0,0,1,agree
Bank,12441,0,0,1,agree
Bank,12447,0,0,1,agree
Bank,12458,0,0,1,agree
Bank,12463,0,0,1,agree
Bank,12464,0,0,1,agree
Bank,12468,0,0,1,agree
Bank,12472,0,0,1,agree
Bank,12476,0,0,1,agree
Bank,12481,0,0,1,agree
Bank,12482,0,0,1,agree
Bank,12487,0,0,1,agree
Bank,12488,0,0,1,agree
Bank,12490,0,0,1,agree
Bank,12492,0,0,1,agree
Bank,12494,0,0,1,agree
Bank,12503,0,0,1,agree
Bank,12510,0,0,1,agree
Bank,12514,0,0,1,agree
Bank,12521,0,0,1,agree
Bank,12522,0,0,1,agree
Bank,12523,0,0,1,agree
Bank,12524,0,0,1,agree
Bank,12527,0,0,1,agree
Bank,12530,0,0,1,agree
Bank,12538,0,0,1,agree
Bank,12547,0,0,1,agree
Bank,12561,0,0,1,agree
Bank,12562,0,0,1,agree
Bank,12566,0,0,1,agree
Bank,12567,0,0,1,agree
Bank,12568,0,0,1,agree
Bank,12572,0,0,1,agree
Bank,12574,0,0,1,agree
Bank,12575,0,0,1,agree
Bank,12579,0,0,1,agree
Bank,12581,0,0,1,agree
Bank,12582,0,0,1,agree
Bank,12583,0,0,1,agree
Bank,12586,0,0,1,agree
Bank,12591,0,0,1,agree
Bank,12596,0,0,1,agree
Bank,12598,0,0,1,agree
Bank,12604,0,0,1,agree
Bank,12606,0,0,1,agree
Bank,12611,0,0,1,agree
Bank,12613,0,0,1,agree
Bank,12619,0,0,1,agree
Bank,12624,0,0,1,agree
Bank,12626,0,0,1,agree
Bank,12627,0,0,1,agree
Bank,12633,0,0,1,agree
Bank,12635,0,0,1,agree
Bank,12638,0,0,1,agree
Bank,12643,0,0,1,agree
Bank,12644,0,0,1,agree
Bank,12646,0,0,1,agree
Bank,12648,0,0,1,agree
Bank,12654,0,0,1,agree
Bank,12658,0,0,1,agree
Bank,12669,0,0,1,agree
Bank,12671,0,0,1,agree
Bank,12672,0,0,1,agree
Bank,12674,0,0,1,agree
Bank,12676,0,0,1,agree
Bank,12682,0,0,1,agree
Bank,12686,0,0,1,agree
Bank,12689,0,0,1,agree
Bank,12694,0,0,1,agree
Bank,12696,0,0,1,agree
Bank,12699,0,0,1,agree
Bank,12702,0,0,1,agree
Bank,12704,0,0,1,agree
Bank,12707,0,0,1,agree
Bank,12709,0,0,1,agree
Bank,12716,0,0,1,agree
Bank,12721,0,0,1,agree
Bank,12725,0,0,1,agree
Bank,12726,0,0,1,agree
Bank,12732,0,0,1,agree
Bank,12733,0,0,1,agree
Bank,12739,0,0,1,agree
Bank,12743,0,0,1,agree
Bank,12744,0,0,1,agree
Bank,12749,0,0,1,agree
Bank,12754,0,0,1,agree
Bank,12768,0,0,1,agree
Bank,12769,0,0,1,agree
Bank,12774,0,0,1,agree
Bank,12775,0,0,1,agree
Bank,12777,0,0,1,agree
Bank,12779,0,0,1,agree
Bank,12797,0,0,1,agree
Bank,12798,0,0,1,agree
Bank,12800,0,0,1,agree
Bank,12801,0,0,1,agree
Bank,12811,0,0,1,agree
Bank,12813,0,0,1,agree
Bank,12816,0,0,1,agree
Bank,12820,0,0,1,agree
Bank,12821,0,0,1,agree
Bank,12822,0,0,1,agree
Bank,12824,0,0,1,agree
Bank,12826,0,0,1,agree
Bank,12827,0,0,1,agree
Bank,12832,0,0,1,agree
Bank,12835,0,0,1,agree
Bank,12839,0,0,1,agree
Bank,12841,0,0,1,agree
Bank,12842,0,0,1,agree
Bank,12843,0,0,1,agree
Bank,12847,0,0,1,agree
Bank,12848,0,0,1,agree
Bank,12850,0,0,1,agree
Bank,12854,0,0,1,agree
Bank,12856,0,0,1,agree
Bank,12857,0,0,1,agree
Bank,12859,0,0,1,agree
Bank,12860,0,0,1,agree
Bank,12865,0,0,1,agree
Bank,12871,0,0,1,agree
Bank,12873,0,0,1,agree
Bank,12876,0,0,1,agree
Bank,12877,0,0,1,agree
Bank,12894,0,0,1,agree
Bank,12897,0,0,1,agree
Bank,12900,0,0,1,agree
Bank,12902,0,0,1,agree
Bank,12909,0,0,1,agree
Bank,12910,0,0,1,agree
Bank,12913,0,0,1,agree
Bank,12917,0,0,1,agree
Bank,12918,0,0,1,agree
Bank,12929,0,0,1,agree
Bank,12931,0,0,1,agree
Bank,12932,0,0,1,agree
Bank,12935,0,0,1,agree
Bank,12938,0,0,1,agree
Bank,12946,0,0,1,agree
Bank,12952,0,0,1,agree
Bank,12955,0,0,1,agree
Bank,12960,0,0,1,agree
Bank,12981,0,0,1,agree
Bank,12983,0,0,1,agree
Bank,12986,0,0,1,agree
Bank,12989,0,0,1,agree
Bank,12991,0,0,1,agree
Bank,12992,0,0,1,agree
Bank,12994,0,0,1,agree
Bank,12995,0,0,1,agree
Bank,12996,0,0,1,agree
Bank,13000,0,0,1,agree
Bank,13001,0,0,1,agree
Bank,13005,0,0,1,agree
Bank,13011,0,0,1,agree
Bank,13013,0,0,1,agree
Bank,13017,0,0,1,agree
Bank,13025,0,0,1,agree
Bank,13046,0,0,1,agree
Bank,13047,0,0,1,agree
Bank,13048,0,0,1,agree
Bank,13052,0,0,1,agree
Bank,13053,0,0,1,agree
Bank,13057,0,0,1,agree
Bank,13065,0,0,1,agree
Bank,13068,0,0,1,agree
Bank,13069,0,0,1,agree
Bank,13072,0,0,1,agree
Bank,13073,0,0,1,agree
Bank,13074,0,0,1,agree
Bank,13079,0,0,1,agree
Bank,13082,0,0,1,agree
Bank,13083,0,0,1,agree
Bank,13085,0,0,1,agree
Bank,13086,0,0,1,agree
Bank,13092,0,0,1,agree
Bank,13101,0,0,1,agree
Bank,13109,0,0,1,agree
Bank,13123,0,0,1,agree
Bank,13137,0,0,1,agree
Bank,13141,0,0,1,agree
Bank,13143,0,0,1,agree
Bank,13144,0,0,1,agree
Bank,13145,0,0,1,agree
Bank,13148,0,0,1,agree
Bank,13151,0,0,1,agree
Bank,13152,0,0,1,agree
Bank,13163,0,0,1,agree
Bank,13168,0,0,1,agree
Bank,13171,0,0,1,agree
Bank,13173,0,0,1,agree
Bank,13182,0,0,1,agree
Bank,13189,0,0,1,agree
Bank,13190,0,0,1,agree
Bank,13191,0,0,1,agree
Bank,13209,0,0,1,agree
Bank,13210,0,0,1,agree
Bank,13212,0,0,1,agree
Bank,13214,0,0,1,agree
Bank,13221,0,0,1,agree
Bank,13224,0,0,1,agree
Bank,13226,0,0,1,agree
Bank,13228,0,0,1,agree
Bank,13236,0,0,1,agree
Bank,13238,0,0,1,agree
Bank,13248,0,0,1,agree
Bank,13250,0,0,1,agree
Bank,13252,0,0,1,agree
Bank,13253,0,0,1,agree
Bank,13255,0,0,1,agree
Bank,13259,0,0,1,agree
Bank,13265,0,0,1,agree
Bank,13275,0,0,1,agree
Bank,13294,0,0,1,agree
Bank,13295,0,0,1,agree
Bank,13297,0,0,1,agree
Bank,13299,0,0,1,agree
Bank,13301,0,0,1,agree
Bank,13307,0,0,1,agree
Bank,13309,0,0,1,agree
Bank,13310,0,0,1,agree
Bank,13311,0,0,1,agree
Bank,13312,0,0,1,agree
Bank,13314,0,0,1,agree
Bank,13315,0,0,1,agree
Bank,13323,0,0,1,agree
Bank,13329,0,0,1,agree
Bank,13330,0,0,1,agree
Bank,13336,0,0,1,agree
Bank,13348,0,0,1,agree
Bank,13350,0,0,1,agree
Bank,13361,0,0,1,agree
Bank,13363,0,0,1,agree
Bank,13375,0,0,1,agree
Bank,13377,0,0,1,agree
Bank,13378,0,0,1,agree
Bank,13380,0,0,1,agree
Bank,13383,0,0,1,agree
Bank,13401,0,0,1,agree
Bank,13402,0,0,1,agree
Bank,13404,0,0,1,agree
Bank,13411,0,0,1,agree
Bank,13416,0,0,1,agree
Bank,13420,0,0,1,agree
Bank,13422,0,0,1,agree
Bank,13425,0,0,1,agree
Bank,13426,0,0,1,agree
Bank,13436,0,0,1,agree
Bank,13438,0,0,1,agree
Bank,13440,0,0,1,agree
Bank,13443,0,0,1,agree
Bank,13447,0,0,1,agree
Bank,13452,0,0,1,agree
Bank,13457,0,0,1,agree
Bank,13461,0,0,1,agree
Bank,13466,0,0,1,agree
Bank,13473,0,0,1,agree
Bank,13475,0,0,1,agree
Bank,13486,0,0,1,agree
Bank,13493,0,0,1,agree
Bank,13494,0,0,1,agree
Bank,13496,0,0,1,agree
Bank,13498,0,0,1,agree
Bank,13500,0,0,1,agree
Bank,13501,0,0,1,agree
Bank,13511,0,0,1,agree
Bank,13516,0,0,1,agree
Bank,13520,0,0,1,agree
Bank,13521,0,0,1,agree
Bank,13525,0,0,1,agree
Bank,13536,0,0,1,agree
Bank,13543,0,0,1,agree
Bank,13546,0,0,1,agree
Bank,13556,0,0,1,agree
Bank,13560,0,0,1,agree
Bank,13561,0,0,1,agree
Bank,13569,0,0,1,agree
Bank,13571,0,0,1,agree
Bank,13573,0,0,1,agree
Bank,13574,0,0,1,agree
Bank,13575,0,0,1,agree
Bank,13577,0,0,1,agree
Bank,13580,0,0,1,agree
Bank,13582,0,0,1,agree
Bank,13583,0,0,1,agree
Bank,13584,0,0,1,agree
Bank,13592,0,0,1,agree
Bank,13595,0,0,1,agree
Bank,13597,0,0,1,agree
Bank,13598,0,0,1,agree
Bank,13599,0,0,1,agree
Bank,13600,0,0,1,agree
Bank,13604,0,0,1,agree
Bank,13608,0,0,1,agree
Bank,13612,0,0,1,agree
Bank,13614,0,0,1,agree
Bank,13618,0,0,1,agree
Bank,13622,0,0,1,agree
Bank,13624,0,0,1,agree
Bank,13626,0,0,1,agree
Bank,13634,0,0,1,agree
Bank,13640,0,0,1,agree
Bank,13641,0,0,1,agree
Bank,13645,0,0,1,agree
Bank,13648,0,0,1,agree
Bank,13651,0,0,1,agree
Bank,13652,0,0,1,agree
Bank,13655,0,0,1,agree
Bank,13657,0,0,1,agree
Bank,13659,0,0,1,agree
Bank,13660,0,0,1,agree
Bank,13664,0,0,1,agree
Bank,13667,0,0,1,agree
Bank,13669,0,0,1,agree
Bank,13671,0,0,1,agree
Bank,13675,0,0,1,agree
Bank,13679,0,0,1,agree
Bank,13682,0,0,1,agree
Bank,13684,0,0,1,agree
Bank,13688,0,0,1,agree
Bank,13693,0,0,1,agree
Bank,13702,0,0,1,agree
Bank,13704,0,0,1,agree
Bank,13714,0,0,1,agree
Bank,13722,0,0,1,agree
Bank,13737,0,0,1,agree
Bank,13738,0,0,1,agree
Bank,13740,0,0,1,agree
Bank,13743,0,0,1,agree
Bank,13753,0,0,1,agree
Bank,13757,0,0,1,agree
Bank,13760,0,0,1,agree
Bank,13762,0,0,1,agree
Bank,13764,0,0,1,agree
Bank,13767,0,0,1,agree
Bank,13770,0,0,1,agree
Bank,13777,0,0,1,agree
Bank,13779,0,0,1,agree
Bank,13784,0,0,1,agree
Bank,13787,0,0,1,agree
Bank,13790,0,0,1,agree
Bank,13794,0,0,1,agree
Bank,13797,0,0,1,agree
Bank,13798,0,0,1,agree
Bank,13799,0,0,1,agree
Bank,13801,0,0,1,agree
Bank,13805,0,0,1,agree
Bank,13808,0,0,1,agree
Bank,13809,0,0,1,agree
Bank,13810,0,0,1,agree
Bank,13812,0,0,1,agree
Bank,13813,0,0,1,agree
Bank,13817,0,0,1,agree
Bank,13825,0,0,1,agree
Bank,13826,0,0,1,agree
Bank,13829,0,0,1,agree
Bank,13836,0,0,1,agree
Bank,13839,0,0,1,agree
Bank,13841,0,0,1,agree
Bank,13844,0,0,1,agree
Bank,13852,0,0,1,agree
Bank,13853,0,0,1,agree
Bank,13854,0,0,1,agree
Bank,13857,0,0,1,agree
Bank,13860,0,0,1,agree
Bank,13861,0,0,1,agree
Bank,13864,0,0,1,agree
Bank,13865,0,0,1,agree
Bank,13869,0,0,1,agree
Bank,13870,0,0,1,agree
Bank,13877,0,0,1,agree
Bank,13878,0,0,1,agree
Bank,13879,0,0,1,agree
Bank,13894,0,0,1,agree
Bank,13895,0,0,1,agree
Bank,13910,0,0,1,agree
Bank,13912,0,0,1,agree
Bank,13913,0,0,1,agree
Bank,13921,0,0,1,agree
Bank,13922,0,0,1,agree
Bank,13927,0,0,1,agree
Bank,13931,0,0,1,agree
Bank,13932,0,0,1,agree
Bank,13933,0,0,1,agree
Bank,13935,0,0,1,agree
Bank,13939,0,0,1,agree
Bank,13941,0,0,1,agree
Bank,13943,0,0,1,agree
Bank,13952,0,0,1,agree
Bank,13953,0,0,1,agree
Bank,13954,0,0,1,agree
Bank,13958,0,0,1,agree
Bank,13961,0,0,1,agree
Bank,13962,0,0,1,agree
Bank,13963,0,0,1,agree
Bank,13968,0,0,1,agree
Bank,13972,0,0,1,agree
Bank,13974,0,0,1,agree
Bank,13979,0,0,1,agree
Bank,13980,0,0,1,agree
Bank,13989,0,0,1,agree
Bank,13992,0,0,1,agree
Bank,13995,0,0,1,agree
Bank,13997,0,0,1,agree
Bank,13999,0,0,1,agree
Bank,14000,0,0,1,agree
Bank,14003,0,0,1,agree
Bank,14012,0,0,1,agree
Bank,14023,0,0,1,agree
Bank,14024,0,0,1,agree
Bank,14026,0,0,1,agree
Bank,14027,0,0,1,agree
Bank,14035,0,0,1,agree
Bank,14040,0,0,1,agree
Bank,14042,0,0,1,agree
Bank,14045,0,0,1,agree
Bank,14049,0,0,1,agree
Bank,14051,0,0,1,agree
Bank,14052,0,0,1,agree
Bank,14060,0,0,1,agree
Bank,14061,0,0,1,agree
Bank,14064,0,0,1,agree
Bank,14065,0,0,1,agree
Bank,14066,0,0,1,agree
Bank,14069,0,0,1,agree
Bank,14073,0,0,1,agree
Bank,14080,0,0,1,agree
Bank,14081,0,0,1,agree
Bank,14085,0,0,1,agree
Bank,14086,0,0,1,agree
Bank,14088,0,0,1,agree
Bank,14093,0,0,1,agree
Bank,14097,0,0,1,agree
Bank,14100,0,0,1,agree
Bank,14101,0,0,1,agree
Bank,14102,0,0,1,agree
Bank,14106,0,0,1,agree
Bank,14108,0,0,1,agree
Bank,14111,0,0,1,agree
Bank,14112,0,0,1,agree
Bank,14116,0,0,1,agree
Bank,14118,0,0,1,agree
Bank,14121,0,0,1,agree
Bank,14124,0,0,1,agree
Bank,14127,0,0,1,agree
Bank,14130,0,0,1,agree
Bank,14134,0,0,1,agree
Bank,14149,0,0,1,agree
Bank,14159,0,0,1,agree
Bank,14168,0,0,1,agree
Bank,14171,0,0,1,agree
Bank,14172,0,0,1,agree
Bank,14176,0,0,1,agree
Bank,14177,0,0,1,agree
Bank,14178,0,0,1,agree
Bank,14179,0,0,1,agree
Bank,14190,0,0,1,agree
Bank,14193,0,0,1,agree
Bank,14196,0,0,1,agree
Bank,14204,0,0,1,agree
Bank,14215,0,0,1,agree
Bank,14216,0,0,1,agree
Bank,14220,0,0,1,agree
Bank,14221,0,0,1,agree
Bank,14233,0,0,1,agree
Bank,14239,0,0,1,agree
Bank,14242,0,0,1,agree
Bank,14243,0,0,1,agree
Bank,14245,0,0,1,agree
Bank,14252,0,0,1,agree
Bank,14253,0,0,1,agree
Bank,14258,0,0,1,agree
Bank,14259,0,0,1,agree
Bank,14271,0,0,1,agree
Bank,14274,0,0,1,agree
Bank,14276,0,0,1,agree
Bank,14280,0,0,1,agree
Bank,14284,0,0,1,agree
Bank,14285,0,0,1,agree
Bank,14287,0,0,1,agree
Bank,14292,0,0,1,agree
Bank,14293,0,0,1,agree
Bank,14298,0,0,1,agree
Bank,14319,0,0,1,agree
Bank,14320,0,0,1,agree
Bank,14323,0,0,1,agree
Bank,14325,0,0,1,agree
Bank,14326,0,0,1,agree
Bank,14329,0,0,1,agree
Bank,14350,0,0,1,agree
Bank,14357,0,0,1,agree
Bank,14361,0,0,1,agree
Bank,14364,0,0,1,agree
Bank,14365,0,0,1,agree
Bank,14374,0,0,1,agree
Bank,14375,0,0,1,agree
Bank,14380,0,0,1,agree
Bank,14384,0,0,1,agree
Bank,14386,0,0,1,agree
Bank,14391,0,0,1,agree
Bank,14393,0,0,1,agree
Bank,14394,0,0,1,agree
Bank,14399,0,0,1,agree
Bank,14401,0,0,1,agree
Bank,14403,0,0,1,agree
Bank,14409,0,0,1,agree
Bank,14412,0,0,1,agree
Bank,14421,0,0,1,agree
Bank,14422,0,0,1,agree
Bank,14427,0,0,1,agree
Bank,14436,0,0,1,agree
Bank,14441,0,0,1,agree
Bank,14443,0,0,1,agree
Bank,14454,0,0,1,agree
Bank,14460,0,0,1,agree
Bank,14463,0,0,1,agree
Bank,14464,0,0,1,agree
Bank,14467,0,0,1,agree
Bank,14476,0,0,1,agree
Bank,14477,0,0,1,agree
Bank,14482,0,0,1,agree
Bank,14483,0,0,1,agree
Bank,14484,0,0,1,agree
Bank,14489,0,0,1,agree
Bank,14492,0,0,1,agree
Bank,14497,0,0,1,agree
Bank,14506,0,0,1,agree
Bank,14507,0,0,1,agree
Bank,14509,0,0,1,agree
Bank,14510,0,0,1,agree
Bank,14515,0,0,1,agree
Bank,14516,0,0,1,agree
Bank,14519,0,0,1,agree
Bank,14530,0,0,1,agree
Bank,14537,0,0,1,agree
Bank,14540,0,0,1,agree
Bank,14542,0,0,1,agree
Bank,14543,0,0,1,agree
Bank,14555,0,0,1,agree
Bank,14557,0,0,1,agree
Bank,14561,0,0,1,agree
Bank,14562,0,0,1,agree
Bank,14564,0,0,1,agree
Bank,14570,0,0,1,agree
Bank,14573,0,0,1,agree
Bank,14579,0,0,1,agree
Bank,14583,0,0,1,agree
Bank,14584,0,0,1,agree
Bank,14585,0,0,1,agree
Bank,14587,0,0,1,agree
Bank,14588,0,0,1,agree
Bank,14593,0,0,1,agree
Bank,14596,0,0,1,agree
Bank,14598,0,0,1,agree
Bank,14602,0,0,1,agree
Bank,14604,0,0,1,agree
Bank,14608,0,0,1,agree
Bank,14610,0,0,1,agree
Bank,14611,0,0,1,agree
Bank,14615,0,0,1,agree
Bank,14619,0,0,1,agree
Bank,14621,0,0,1,agree
Bank,14624,0,0,1,agree
Bank,14625,0,0,1,agree
Bank,14627,0,0,1,agree
Bank,14632,0,0,1,agree
Bank,14634,0,0,1,agree
Bank,14637,0,0,1,agree
Bank,14638,0,0,1,agree
Bank,14647,0,0,1,agree
Bank,14649,0,0,1,agree
Bank,14657,0,0,1,agree
Bank,14661,0,0,1,agree
Bank,14663,0,0,1,agree
Bank,14664,0,0,1,agree
Bank,14666,0,0,1,agree
Bank,14669,0,0,1,agree
Bank,14670,0,0,1,agree
Bank,14671,0,0,1,agree
Bank,14673,0,0,1,agree
Bank,14676,0,0,1,agree
Bank,14679,0,0,1,agree
Bank,14682,0,0,1,agree
Bank,14691,0,0,1,agree
Bank,14693,0,0,1,agree
Bank,14698,0,0,1,agree
Bank,14699,0,0,1,agree
Bank,14701,0,0,1,agree
Bank,14708,0,0,1,agree
Bank,14710,0,0,1,agree
Bank,14711,0,0,1,agree
Bank,14722,0,0,1,agree
Bank,14725,0,0,1,agree
Bank,14729,0,0,1,agree
Bank,14732,0,0,1,agree
Bank,14733,0,0,1,agree
Bank,14734,0,0,1,agree
Bank,14740,0,0,1,agree
Bank,14748,0,0,1,agree
Bank,14755,0,0,1,agree
Bank,14756,0,0,1,agree
Bank,14757,0,0,1,agree
Bank,14770,0,0,1,agree
Bank,14775,0,0,1,agree
Bank,14777,0,0,1,agree
Bank,14779,0,0,1,agree
Bank,14780,0,0,1,agree
Bank,14781,0,0,1,agree
Bank,14791,0,0,1,agree
Bank,14797,0,0,1,agree
Bank,14806,0,0,1,agree
Bank,14810,0,0,1,agree
Bank,14813,0,0,1,agree
Bank,14815,0,0,1,agree
Bank,14816,0,0,1,agree
Bank,14820,0,0,1,agree
Bank,14823,0,0,1,agree
Bank,14832,0,0,1,agree
Bank,14836,0,0,1,agree
Bank,14840,0,0,1,agree
Bank,14841,0,0,1,agree
Bank,14850,0,0,1,agree
Bank,14855,0,0,1,agree
Bank,14857,0,0,1,agree
Bank,14858,0,0,1,agree
Bank,14860,0,0,1,agree
Bank,14863,0,0,1,agree
Bank,14864,0,0,1,agree
Bank,14865,0,0,1,agree
Bank,14866,0,0,1,agree
Bank,14870,0,0,1,agree
Bank,14871,0,0,1,agree
Bank,14872,0,0,1,agree
Bank,14876,0,0,1,agree
Bank,14887,0,0,1,agree
Bank,14891,0,0,1,agree
Bank,14903,0,0,1,agree
Bank,14915,0,0,1,agree
Bank,14921,0,0,1,agree
Bank,14922,0,0,1,agree
Bank,14923,0,0,1,agree
Bank,14925,0,0,1,agree
Bank,14930,0,0,1,agree
Bank,14931,0,0,1,agree
Bank,14933,0,0,1,agree
Bank,14934,0,0,1,agree
Bank,14936,0,0,1,agree
Bank,14941,0,0,1,agree
Bank,14950,0,0,1,agree
Bank,14951,0,0,1,agree
Bank,14953,0,0,1,agree
Bank,14960,0,0,1,agree
Bank,14961,0,0,1,agree
Bank,14964,0,0,1,agree
Bank,14973,0,0,1,agree
Bank,14979,0,0,1,agree
Bank,14980,0,0,1,agree
Bank,14982,0,0,1,agree
Bank,14983,0,0,1,agree
Bank,14986,0,0,1,agree
Bank,14988,0,0,1,agree
Bank,14993,0,0,1,agree
Bank,15000,0,0,1,agree
Bank,15001,0,0,1,agree
Bank,15009,0,0,1,agree
Bank,15012,0,0,1,agree
Bank,15015,0,0,1,agree
Bank,15018,0,0,1,agree
Bank,15024,0,0,1,agree
Bank,15029,0,0,1,agree
Bank,15039,0,0,1,agree
Bank,15047,0,0,1,agree
Bank,15073,0,0,1,agree
Bank,15077,0,0,1,agree
Bank,15078,0,0,1,agree
Bank,15079,0,0,1,agree
Bank,15084,0,0,1,agree
Bank,15090,0,0,1,agree
Bank,15096,0,0,1,agree
Bank,15098,0,0,1,agree
Bank,15102,0,0,1,agree
Bank,15109,0,0,1,agree
Bank,15113,0,0,1,agree
Bank,15119,0,0,1,agree
Bank,15125,0,0,1,agree
Bank,15128,0,0,1,agree
Bank,15129,0,0,1,agree
Bank,15132,0,0,1,agree
Bank,15138,0,0,1,agree
Bank,15152,0,0,1,agree
Bank,15153,0,0,1,agree
Bank,15156,0,0,1,agree
Bank,15157,0,0,1,agree
Bank,15161,0,0,1,agree
Bank,15163,0,0,1,agree
Bank,15164,0,0,1,agree
Bank,15165,0,0,1,agree
Bank,15172,0,0,1,agree
Bank,15177,0,0,1,agree
Bank,15183,0,0,1,agree
Bank,15194,0,0,1,agree
Bank,15195,0,0,1,agree
Bank,15197,0,0,1,agree
Bank,15198,0,0,1,agree
Bank,15200,0,0,1,agree
Bank,15220,0,0,1,agree
Bank,15222,0,0,1,agree
Bank,15223,0,0,1,agree
Bank,15224,0,0,1,agree
Bank,15234,0,0,1,agree
Bank,15236,0,0,1,agree
Bank,15238,0,0,1,agree
Bank,15242,0,0,1,agree
Bank,15243,0,0,1,agree
Bank,15245,0,0,1,agree
Bank,15251,0,0,1,agree
Bank,15255,0,0,1,agree
Bank,15257,0,0,1,agree
Bank,15262,0,0,1,agree
Bank,15263,0,0,1,agree
Bank,15269,0,0,1,agree
Bank,15272,0,0,1,agree
Bank,15273,0,0,1,agree
Bank,15274,0,0,1,agree
Bank,15276,0,0,1,agree
Bank,15278,0,0,1,agree
Bank,15280,0,0,1,agree
Bank,15281,0,0,1,agree
Bank,15282,0,0,1,agree
Bank,15292,0,0,1,agree
Bank,15297,0,0,1,agree
Bank,15299,0,0,1,agree
Bank,15306,0,0,1,agree
Bank,15308,0,0,1,agree
Bank,15310,0,0,1,agree
Bank,15322,0,0,1,agree
Bank,15327,0,0,1,agree
Bank,15329,0,0,1,agree
Bank,15331,0,0,1,agree
Bank,15334,0,0,1,agree
Bank,15336,0,0,1,agree
Bank,15338,0,0,1,agree
Bank,15343,0,0,1,agree
Bank,15344,0,0,1,agree
Bank,15346,0,0,1,agree
Bank,15347,0,0,1,agree
Bank,15353,0,0,1,agree
Bank,15354,0,0,1,agree
Bank,15355,0,0,1,agree
Bank,15360,0,0,1,agree
Bank,15364,0,0,1,agree
Bank,15366,0,0,1,agree
Bank,15371,0,0,1,agree
Bank,15378,0,0,1,agree
Bank,15384,0,0,1,agree
Bank,15390,0,0,1,agree
Bank,15392,0,0,1,agree
Bank,15393,0,0,1,agree
Bank,15397,0,0,1,agree
Bank,15403,0,0,1,agree
Bank,15404,0,0,1,agree
Bank,15405,0,0,1,agree
Bank,15406,0,0,1,agree
Bank,15408,0,0,1,agree
Bank,15409,0,0,1,agree
Bank,15411,0,0,1,agree
Bank,15413,0,0,1,agree
Bank,15418,0,0,1,agree
Bank,15422,0,0,1,agree
Bank,15430,0,0,1,agree
Bank,15438,0,0,1,agree
Bank,15441,0,0,1,agree
Bank,15454,0,0,1,agree
Bank,15465,0,0,1,agree
Bank,15468,0,0,1,agree
Bank,15471,0,0,1,agree
Bank,15472,0,0,1,agree
Bank,15476,0,0,1,agree
Bank,15479,0,0,1,agree
Bank,15481,0,0,1,agree
Bank,15482,0,0,1,agree
Bank,15486,0,0,1,agree
Bank,15495,0,0,1,agree
Bank,15496,0,0,1,agree
Bank,15507,0,0,1,agree
Bank,15510,0,0,1,agree
Bank,15513,0,0,1,agree
Bank,15514,0,0,1,agree
Bank,15516,0,0,1,agree
Bank,15517,0,0,1,agree
Bank,15519,0,0,1,agree
Bank,15522,0,0,1,agree
Bank,15523,0,0,1,agree
Bank,15525,0,0,1,agree
Bank,15527,0,0,1,agree
Bank,15528,0,0,1,agree
Bank,15533,0,0,1,agree
Bank,15535,0,0,1,agree
Bank,15539,0,0,1,agree
Bank,15541,0,0,1,agree
Bank,15542,0,0,1,agree
Bank,15545,0,0,1,agree
Bank,15550,0,0,1,agree
Bank,15551,0,0,1,agree
Bank,15557,0,0,1,agree
Bank,15559,0,0,1,agree
Bank,15564,0,0,1,agree
Bank,15565,0,0,1,agree
Bank,15566,0,0,1,agree
Bank,15567,0,0,1,agree
Bank,15575,0,0,1,agree
Bank,15584,0,0,1,agree
Bank,15593,0,0,1,agree
Bank,15594,0,0,1,agree
Bank,15596,0,0,1,agree
Bank,15600,0,0,1,agree
Bank,15602,0,0,1,agree
Bank,15603,0,0,1,agree
Bank,15605,0,0,1,agree
Bank,15611,0,0,1,agree
Bank,15613,0,0,1,agree
Bank,15617,0,0,1,agree
Bank,15621,0,0,1,agree
Bank,15626,0,0,1,agree
Bank,15627,0,0,1,agree
Bank,15628,0,0,1,agree
Bank,15631,0,0,1,agree
Bank,15632,0,0,1,agree
Bank,15637,0,0,1,agree
Bank,15652,0,0,1,agree
Bank,15653,0,0,1,agree
Bank,15656,0,0,1,agree
Bank,15657,0,0,1,agree
Bank,15667,0,0,1,agree
Bank,15669,0,0,1,agree
Bank,15676,0,0,1,agree
Bank,15677,0,0,1,agree
Bank,15679,0,0,1,agree
Bank,15680,0,0,1,agree
Bank,15681,0,0,1,agree
Bank,15683,0,0,1,agree
Bank,15685,0,0,1,agree
Bank,15695,0,0,1,agree
Bank,15700,0,0,1,agree
Bank,15703,0,0,1,agree
Bank,15705,0,0,1,agree
Bank,15711,0,0,1,agree
Bank,15718,0,0,1,agree
Bank,15724,0,0,1,agree
Bank,15728,0,0,1,agree
Bank,15729,0,0,1,agree
Bank,15732,0,0,1,agree
Bank,15736,0,0,1,agree
Bank,15737,0,0,1,agree
Bank,15739,0,0,1,agree
Bank,15740,0,0,1,agree
Bank,15742,0,0,1,agree
Bank,15745,0,0,1,agree
Bank,15752,0,0,1,agree
Bank,15761,0,0,1,agree
Bank,15768,0,0,1,agree
Bank,15769,0,0,1,agree
Bank,15774,0,0,1,agree
Bank,15775,0,0,1,agree
Bank,15777,0,0,1,agree
Bank,15778,0,0,1,agree
Bank,15781,0,0,1,agree
Bank,15782,0,0,1,agree
Bank,15784,0,0,1,agree
Bank,15795,0,0,1,agree
Bank,15798,0,0,1,agree
Bank,15799,0,0,1,agree
Bank,15803,0,0,1,agree
Bank,15809,0,0,1,agree
Bank,15811,0,0,1,agree
Bank,15812,0,0,1,agree
Bank,15813,0,0,1,agree
Bank,15814,0,0,1,agree
Bank,15818,0,0,1,agree
Bank,15820,0,0,1,agree
Bank,15824,0,0,1,agree
Bank,15826,0,0,1,agree
Bank,15828,0,0,1,agree
Bank,15832,0,0,1,agree
Bank,15838,0,0,1,agree
Bank,15839,0,0,1,agree
Bank,15842,0,0,1,agree
Bank,15844,0,0,1,agree
Bank,15851,0,0,1,agree
Bank,15857,0,0,1,agree
Bank,15858,0,0,1,agree
Bank,15867,0,0,1,agree
Bank,15872,0,0,1,agree
Bank,15873,0,0,1,agree
Bank,15877,0,0,1,agree
Bank,15883,0,0,1,agree
Bank,15891,0,0,1,agree
Bank,15896,0,0,1,agree
Bank,15898,0,0,1,agree
Bank,15900,0,0,1,agree
Bank,15901,0,0,1,agree
Bank,15904,0,0,1,agree
Bank,15907,0,0,1,agree
Bank,15908,0,0,1,agree
Bank,15909,0,0,1,agree
Bank,15915,0,0,1,agree
Bank,15921,0,0,1,agree
Bank,15923,0,0,1,agree
Bank,15927,0,0,1,agree
Bank,15928,0,0,1,agree
Bank,15934,0,0,1,agree
Bank,15936,0,0,1,agree
Bank,15938,0,0,1,agree
Bank,15940,0,0,1,agree
Bank,15942,0,0,1,agree
Bank,15943,0,0,1,agree
Bank,15944,0,0,1,agree
Bank,15945,0,0,1,agree
Bank,15948,0,0,1,agree
Bank,15951,0,0,1,agree
Bank,15961,0,0,1,agree
Bank,15963,0,0,1,agree
Bank,15966,0,0,1,agree
Bank,15968,0,0,1,agree
Bank,15984,0,0,1,agree
Bank,15985,0,0,1,agree
Bank,15991,0,0,1,agree
Bank,15994,0,0,1,agree
Bank,16005,0,0,1,agree
Bank,16016,0,0,1,agree
Bank,16028,0,0,1,agree
Bank,16029,0,0,1,agree
Bank,16032,0,0,1,agree
Bank,16034,0,0,1,agree
Bank,16038,0,0,1,agree
Bank,16042,0,0,1,agree
Bank,16049,0,0,1,agree
Bank,16053,0,0,1,agree
Bank,16055,0,0,1,agree
Bank,16056,0,0,1,agree
Bank,16067,0,0,1,agree
Bank,16077,0,0,1,agree
Bank,16081,0,0,1,agree
Bank,16082,0,0,1,agree
Bank,16087,0,0,1,agree
Bank,16088,0,0,1,agree
Bank,16091,0,0,1,agree
Bank,16093,0,0,1,agree
Bank,16097,0,0,1,agree
Bank,16099,0,0,1,agree
Bank,16100,0,0,1,agree
Bank,16102,0,0,1,agree
Bank,16104,0,0,1,agree
Bank,16108,0,0,1,agree
Bank,16109,0,0,1,agree
Bank,16116,0,0,1,agree
Bank,16119,0,0,1,agree
Bank,16120,0,0,1,agree
Bank,16122,0,0,1,agree
Bank,16127,0,0,1,agree
Bank,16130,0,0,1,agree
Bank,16131,0,0,1,agree
Bank,16134,0,0,1,agree
Bank,16138,0,0,1,agree
Bank,16139,0,0,1,agree
Bank,16143,0,0,1,agree
Bank,16146,0,0,1,agree
Bank,16152,0,0,1,agree
Bank,16156,0,0,1,agree
Bank,16157,0,0,1,agree
Bank,16161,0,0,1,agree
Bank,16165,0,0,1,agree
Bank,16167,0,0,1,agree
Bank,16169,0,0,1,agree
Bank,16171,0,0,1,agree
Bank,16173,0,0,1,agree
Bank,16175,0,0,1,agree
Bank,16179,0,0,1,agree
Bank,16180,0,0,1,agree
Bank,16184,0,0,1,agree
Bank,16186,0,0,1,agree
Bank,16190,0,0,1,agree
Bank,16198,0,0,1,agree
Bank,16209,0,0,1,agree
Bank,16213,0,0,1,agree
Bank,16214,0,0,1,agree
Bank,16217,0,0,1,agree
Bank,16218,0,0,1,agree
Bank,16219,0,0,1,agree
Bank,16220,0,0,1,agree
Bank,16221,0,0,1,agree
Bank,16224,0,0,1,agree
Bank,16241,0,0,1,agree
Bank,16243,0,0,1,agree
Bank,16244,0,0,1,agree
Bank,16253,0,0,1,agree
Bank,16254,0,0,1,agree
Bank,16260,0,0,1,agree
Bank,16263,0,0,1,agree
Bank,16264,0,0,1,agree
Bank,16265,0,0,1,agree
Bank,16271,0,0,1,agree
Bank,16273,0,0,1,agree
Bank,16277,0,0,1,agree
Bank,16285,0,0,1,agree
Bank,16286,0,0,1,agree
Bank,16289,0,0,1,agree
Bank,16291,0,0,1,agree
Bank,16294,0,0,1,agree
Bank,16301,0,0,1,agree
Bank,16304,0,0,1,agree
Bank,16305,0,0,1,agree
Bank,16307,0,0,1,agree
Bank,16311,0,0,1,agree
Bank,16321,0,0,1,agree
Bank,16325,0,0,1,agree
Bank,16327,0,0,1,agree
Bank,16328,0,0,1,agree
Bank,16341,0,0,1,agree
Bank,16346,0,0,1,agree
Bank,16349,0,0,1,agree
Bank,16350,0,0,1,agree
Bank,16351,0,0,1,agree
Bank,16357,0,0,1,agree
Bank,16359,0,0,1,agree
Bank,16366,0,0,1,agree
Bank,16368,0,0,1,agree
Bank,16373,0,0,1,agree
Bank,16376,0,0,1,agree
Bank,16379,0,0,1,agree
Bank,16392,0,0,1,agree
Bank,16398,0,0,1,agree
Bank,16400,0,0,1,agree
Bank,16404,0,0,1,agree
Bank,16405,0,0,1,agree
Bank,16411,0,0,1,agree
Bank,16415,0,0,1,agree
Bank,16421,0,0,1,agree
Bank,16450,0,0,1,agree
Bank,16451,0,0,1,agree
Bank,16452,0,0,1,agree
Bank,16455,0,0,1,agree
Bank,16457,0,0,1,agree
Bank,16464,0,0,1,agree
Bank,16473,0,0,1,agree
Bank,16474,0,0,1,agree
Bank,16476,0,0,1,agree
Bank,16479,0,0,1,agree
Bank,16485,0,0,1,agree
Bank,16490,0,0,1,agree
Bank,16499,0,0,1,agree
Bank,16500,0,0,1,agree
Bank,16502,0,0,1,agree
Bank,16504,0,0,1,agree
Bank,16511,0,0,1,agree
Bank,16513,0,0,1,agree
Bank,16524,0,0,1,agree
Bank,16525,0,0,1,agree
Bank,16526,0,0,1,agree
Bank,16530,0,0,1,agree
Bank,16541,0,0,1,agree
Bank,16542,0,0,1,agree
Bank,16544,0,0,1,agree
Bank,16545,0,0,1,agree
Bank,16547,0,0,1,agree
Bank,16557,0,0,1,agree
Bank,16560,0,0,1,agree
Bank,16571,0,0,1,agree
Bank,16576,0,0,1,agree
Bank,16580,0,0,1,agree
Bank,16584,0,0,1,agree
Bank,16595,0,0,1,agree
Bank,16603,0,0,1,agree
Bank,16609,0,0,1,agree
Bank,16615,0,0,1,agree
Bank,16620,0,0,1,agree
Bank,16624,0,0,1,agree
Bank,16628,0,0,1,agree
Bank,16629,0,0,1,agree
Bank,16632,0,0,1,agree
Bank,16636,0,0,1,agree
Bank,16639,0,0,1,agree
Bank,16643,0,0,1,agree
Bank,16648,0,0,1,agree
Bank,16650,0,0,1,agree
Bank,16652,0,0,1,agree
Bank,16653,0,0,1,agree
Bank,16654,0,0,1,agree
Bank,16661,0,0,1,agree
Bank,16662,0,0,1,agree
Bank,16670,0,0,1,agree
Bank,16673,0,0,1,agree
Bank,16676,0,0,1,agree
Bank,16683,0,0,1,agree
Bank,16686,0,0,1,agree
Bank,16692,0,0,1,agree
Bank,16693,0,0,1,agree
Bank,16695,0,0,1,agree
Bank,16698,0,0,1,agree
Bank,16699,0,0,1,agree
Bank,16701,0,0,1,agree
Bank,16706,0,0,1,agree
Bank,16708,0,0,1,agree
Bank,16709,0,0,1,agree
Bank,16714,0,0,1,agree
Bank,16716,0,0,1,agree
Bank,16722,0,0,1,agree
Bank,16731,0,0,1,agree
Bank,16737,0,0,1,agree
Bank,16740,0,0,1,agree
Bank,16741,0,0,1,agree
Bank,16758,0,0,1,agree
Bank,16767,0,0,1,agree
Bank,16768,0,0,1,agree
Bank,16772,0,0,1,agree
Bank,16776,0,0,1,agree
Bank,16777,0,0,1,agree
Bank,16778,0,0,1,agree
Bank,16785,0,0,1,agree
Bank,16787,0,0,1,agree
Bank,16788,0,0,1,agree
Bank,16790,0,0,1,agree
Bank,16796,0,0,1,agree
Bank,16798,0,0,1,agree
Bank,16803,0,0,1,agree
Bank,16808,0,0,1,agree
Bank,16815,0,0,1,agree
Bank,16820,0,0,1,agree
Bank,16830,0,0,1,agree
Bank,16831,0,0,1,agree
Bank,16833,0,0,1,agree
Bank,16840,0,0,1,agree
Bank,16841,0,0,1,agree
Bank,16844,0,0,1,agree
Bank,16845,0,0,1,agree
Bank,16849,0,0,1,agree
Bank,16852,0,0,1,agree
Bank,16857,0,0,1,agree
Bank,16859,0,0,1,agree
Bank,16862,0,0,1,agree
Bank,16867,0,0,1,agree
Bank,16870,0,0,1,agree
Bank,16871,0,0,1,agree
Bank,16882,0,0,1,agree
Bank,16889,0,0,1,agree
Bank,16895,0,0,1,agree
Bank,16896,0,0,1,agree
Bank,16897,0,0,1,agree
Bank,16901,0,0,1,agree
Bank,16905,0,0,1,agree
Bank,16907,0,0,1,agree
Bank,16909,0,0,1,agree
Bank,16922,0,0,1,agree
Bank,16923,0,0,1,agree
Bank,16926,0,0,1,agree
Bank,16928,0,0,1,agree
Bank,16930,0,0,1,agree
Bank,16932,0,0,1,agree
Bank,16937,0,0,1,agree
Bank,16938,0,0,1,agree
Bank,16939,0,0,1,agree
Bank,16940,0,0,1,agree
Bank,16948,0,0,1,agree
Bank,16950,0,0,1,agree
Bank,16954,0,0,1,agree
Bank,16959,0,0,1,agree
Bank,16978,0,0,1,agree
Bank,16981,0,0,1,agree
Bank,16989,0,0,1,agree
Bank,16992,0,0,1,agree
Bank,16994,0,0,1,agree
Bank,17002,0,0,1,agree
Bank,17003,0,0,1,agree
Bank,17004,0,0,1,agree
Bank,17008,0,0,1,agree
Bank,17011,0,0,1,agree
Bank,17017,0,0,1,agree
Bank,17021,0,0,1,agree
Bank,17022,0,0,1,agree
Bank,17027,0,0,1,agree
Bank,17028,0,0,1,agree
Bank,17033,0,0,1,agree
Bank,17035,0,0,1,agree
Bank,17039,0,0,1,agree
Bank,17040,0,0,1,agree
Bank,17042,0,0,1,agree
Bank,17043,0,0,1,agree
Bank,17069,0,0,1,agree
Bank,17075,0,0,1,agree
Bank,17088,0,0,1,agree
Bank,17089,0,0,1,agree
Bank,17101,0,0,1,agree
Bank,17103,0,0,1,agree
Bank,17113,0,0,1,agree
Bank,17118,0,0,1,agree
Bank,17126,0,0,1,agree
Bank,17128,0,0,1,agree
Bank,17133,0,0,1,agree
Bank,17143,0,0,1,agree
Bank,17144,0,0,1,agree
Bank,17147,0,0,1,agree
Bank,17150,0,0,1,agree
Bank,17152,0,0,1,agree
Bank,17155,0,0,1,agree
Bank,17158,0,0,1,agree
Bank,17164,0,0,1,agree
Bank,17165,0,0,1,agree
Bank,17172,0,0,1,agree
Bank,17174,0,0,1,agree
Bank,17175,0,0,1,agree
Bank,17179,0,0,1,agree
Bank,17181,0,0,1,agree
Bank,17182,0,0,1,agree
Bank,17183,0,0,1,agree
Bank,17185,0,0,1,agree
Bank,17187,0,0,1,agree
Bank,17190,0,0,1,agree
Bank,17192,0,0,1,agree
Bank,17196,0,0,1,agree
Bank,17199,0,0,1,agree
Bank,17201,0,0,1,agree
Bank,17206,0,0,1,agree
Bank,17210,0,0,1,agree
Bank,17211,0,0,1,agree
Bank,17212,0,0,1,agree
Bank,17213,0,0,1,agree
Bank,17220,0,0,1,agree
Bank,17224,0,0,1,agree
Bank,17228,0,0,1,agree
Bank,17233,0,0,1,agree
Bank,17236,0,0,1,agree
Bank,17242,0,0,1,agree
Bank,17245,0,0,1,agree
Bank,17249,0,0,1,agree
Bank,17257,0,0,1,agree
Bank,17261,0,0,1,agree
Bank,17264,0,0,1,agree
Bank,17266,0,0,1,agree
Bank,17272,0,0,1,agree
Bank,17275,0,0,1,agree
Bank,17289,0,0,1,agree
Bank,17294,0,0,1,agree
Bank,17295,0,0,1,agree
Bank,17298,0,0,1,agree
Bank,17299,0,0,1,agree
Bank,17310,0,0,1,agree
Bank,17311,0,0,1,agree
Bank,17319,0,0,1,agree
Bank,17322,0,0,1,agree
Bank,17323,0,0,1,agree
Bank,17325,0,0,1,agree
Bank,17326,0,0,1,agree
Bank,17329,0,0,1,agree
Bank,17331,0,0,1,agree
Bank,17337,0,0,1,agree
Bank,17340,0,0,1,agree
Bank,17346,0,0,1,agree
Bank,17348,0,0,1,agree
Bank,17355,0,0,1,agree
Bank,17362,0,0,1,agree
Bank,17364,0,0,1,agree
Bank,17366,0,0,1,agree
Bank,17383,0,0,1,agree
Bank,17387,0,0,1,agree
Bank,17389,0,0,1,agree
Bank,17393,0,0,1,agree
Bank,17398,0,0,1,agree
Bank,17403,0,0,1,agree
Bank,17407,0,0,1,agree
Bank,17413,0,0,1,agree
Bank,17420,0,0,1,agree
Bank,17421,0,0,1,agree
Bank,17425,0,0,1,agree
Bank,17430,0,0,1,agree
Bank,17431,0,0,1,agree
Bank,17432,0,0,1,agree
Bank,17437,0,0,1,agree
Bank,17447,0,0,1,agree
Bank,17452,0,0,1,agree
Bank,17455,0,0,1,agree
Bank,17458,0,0,1,agree
Bank,17460,0,0,1,agree
Bank,17463,0,0,1,agree
Bank,17474,0,0,1,agree
Bank,17476,0,0,1,agree
Bank,17479,0,0,1,agree
Bank,17488,0,0,1,agree
Bank,17490,0,0,1,agree
Bank,17499,0,0,1,agree
Bank,17503,0,0,1,agree
Bank,17505,0,0,1,agree
Bank,17506,0,0,1,agree
Bank,17509,0,0,1,agree
Bank,17511,0,0,1,agree
Bank,17515,0,0,1,agree
Bank,17521,0,0,1,agree
Bank,17530,0,0,1,agree
Bank,17537,0,0,1,agree
Bank,17538,0,0,1,agree
Bank,17549,0,0,1,agree
Bank,17551,0,0,1,agree
Bank,17553,0,0,1,agree
Bank,17558,0,0,1,agree
Bank,17565,0,0,1,agree
Bank,17574,0,0,1,agree
Bank,17578,0,0,1,agree
Bank,17584,0,0,1,agree
Bank,17585,0,0,1,agree
Bank,17592,0,0,1,agree
Bank,17594,0,0,1,agree
Bank,17598,0,0,1,agree
Bank,17599,0,0,1,agree
Bank,17612,0,0,1,agree
Bank,17616,0,0,1,agree
Bank,17622,0,0,1,agree
Bank,17624,0,0,1,agree
Bank,17628,0,0,1,agree
Bank,17630,0,0,1,agree
Bank,17631,0,0,1,agree
Bank,17634,0,0,1,agree
Bank,17641,0,0,1,agree
Bank,17642,0,0,1,agree
Bank,17643,0,0,1,agree
Bank,17646,0,0,1,agree
Bank,17651,0,0,1,agree
Bank,17655,0,0,1,agree
Bank,17659,0,0,1,agree
Bank,17664,0,0,1,agree
Bank,17668,0,0,1,agree
Bank,17677,0,0,1,agree
Bank,17678,0,0,1,agree
Bank,17682,0,0,1,agree
Bank,17684,0,0,1,agree
Bank,17686,0,0,1,agree
Bank,17687,0,0,1,agree
Bank,17688,0,0,1,agree
Bank,17689,0,0,1,agree
Bank,17692,0,0,1,agree
Bank,17693,0,0,1,agree
Bank,17699,0,0,1,agree
Bank,17702,0,0,1,agree
Bank,17705,0,0,1,agree
Bank,17707,0,0,1,agree
Bank,17712,0,0,1,agree
Bank,17713,0,0,1,agree
Bank,17721,0,0,1,agree
Bank,17724,0,0,1,agree
Bank,17725,0,0,1,agree
Bank,17726,0,0,1,agree
Bank,17729,0,0,1,agree
Bank,17730,0,0,1,agree
Bank,17738,0,0,1,agree
Bank,17750,0,0,1,agree
Bank,17754,0,0,1,agree
Bank,17756,0,0,1,agree
Bank,17762,0,0,1,agree
Bank,17763,0,0,1,agree
Bank,17768,0,0,1,agree
Bank,17770,0,0,1,agree
Bank,17781,0,0,1,agree
Bank,17784,0,0,1,agree
Bank,17791,0,0,1,agree
Bank,17793,0,0,1,agree
Bank,17797,0,0,1,agree
Bank,17798,0,0,1,agree
Bank,17799,0,0,1,agree
Bank,17801,0,0,1,agree
Bank,17803,0,0,1,agree
Bank,17814,0,0,1,agree
Bank,17816,0,0,1,agree
Bank,17825,0,0,1,agree
Bank,17826,0,0,1,agree
Bank,17836,0,0,1,agree
Bank,17838,0,0,1,agree
Bank,17839,0,0,1,agree
Bank,17841,0,0,1,agree
Bank,17849,0,0,1,agree
Bank,17853,0,0,1,agree
Bank,17854,0,0,1,agree
Bank,17860,0,0,1,agree
Bank,17861,0,0,1,agree
Bank,17870,0,0,1,agree
Bank,17871,0,0,1,agree
Bank,17872,0,0,1,agree
Bank,17873,0,0,1,agree
Bank,17874,0,0,1,agree
Bank,17880,0,0,1,agree
Bank,17884,0,0,1,agree
Bank,17885,0,0,1,agree
Bank,17890,0,0,1,agree
Bank,17891,0,0,1,agree
Bank,17892,0,0,1,agree
Bank,17898,0,0,1,agree
Bank,17899,0,0,1,agree
Bank,17918,0,0,1,agree
Bank,17921,0,0,1,agree
Bank,17924,0,0,1,agree
Bank,17932,0,0,1,agree
Bank,17933,0,0,1,agree
Bank,17937,0,0,1,agree
Bank,17952,0,0,1,agree
Bank,17953,0,0,1,agree
Bank,17956,0,0,1,agree
Bank,17960,0,0,1,agree
Bank,17967,0,0,1,agree
Bank,17970,0,0,1,agree
Bank,17977,0,0,1,agree
Bank,17982,0,0,1,agree
Bank,17987,0,0,1,agree
Bank,17988,0,0,1,agree
Bank,17990,0,0,1,agree
Bank,17991,0,0,1,agree
Bank,17996,0,0,1,agree
Bank,17997,0,0,1,agree
Bank,18001,0,0,1,agree
Bank,18003,0,0,1,agree
Bank,18004,0,0,1,agree
Bank,18010,0,0,1,agree
Bank,18013,0,0,1,agree
Bank,18016,0,0,1,agree
Bank,18017,0,0,1,agree
Bank,18020,0,0,1,agree
Bank,18025,0,0,1,agree
Bank,18029,0,0,1,agree
Bank,18045,0,0,1,agree
Bank,18049,0,0,1,agree
Bank,18051,0,0,1,agree
Bank,18054,0,0,1,agree
Bank,18055,0,0,1,agree
Bank,18058,0,0,1,agree
Bank,18059,0,0,1,agree
Bank,18060,0,0,1,agree
Bank,18061,0,0,1,agree
Bank,18065,0,0,1,agree
Bank,18070,0,0,1,agree
Bank,18074,0,0,1,agree
Bank,18075,0,0,1,agree
Bank,18081,0,0,1,agree
Bank,18090,0,0,1,agree
Bank,18092,0,0,1,agree
Bank,18096,0,0,1,agree
Bank,18098,0,0,1,agree
Bank,18100,0,0,1,agree
Bank,18101,0,0,1,agree
Bank,18102,0,0,1,agree
Bank,18103,0,0,1,agree
Bank,18105,0,0,1,agree
Bank,18106,0,0,1,agree
Bank,18115,0,0,1,agree
Bank,18117,0,0,1,agree
Bank,18121,0,0,1,agree
Bank,18128,0,0,1,agree
Bank,18129,0,0,1,agree
Bank,18132,0,0,1,agree
Bank,18137,0,0,1,agree
Bank,18144,0,0,1,agree
Bank,18146,0,0,1,agree
Bank,18150,0,0,1,agree
Bank,18152,0,0,1,agree
Bank,18153,0,0,1,agree
Bank,18158,0,0,1,agree
Bank,18162,0,0,1,agree
Bank,18164,0,0,1,agree
Bank,18166,0,0,1,agree
Bank,18171,0,0,1,agree
Bank,18174,0,0,1,agree
Bank,18176,0,0,1,agree
Bank,18177,0,0,1,agree
Bank,18188,0,0,1,agree
Bank,18189,0,0,1,agree
Bank,18196,0,0,1,agree
Bank,18204,0,0,1,agree
Bank,18208,0,0,1,agree
Bank,18210,0,0,1,agree
Bank,18211,0,0,1,agree
Bank,18220,0,0,1,agree
Bank,18223,0,0,1,agree
Bank,18224,0,0,1,agree
Bank,18225,0,0,1,agree
Bank,18226,0,0,1,agree
Bank,18231,0,0,1,agree
Bank,18233,0,0,1,agree
Bank,18234,0,0,1,agree
Bank,18237,0,0,1,agree
Bank,18238,0,0,1,agree
Bank,18246,0,0,1,agree
Bank,18249,0,0,1,agree
Bank,18251,0,0,1,agree
Bank,18253,0,0,1,agree
Bank,18259,0,0,1,agree
Bank,18260,0,0,1,agree
Bank,18262,0,0,1,agree
Bank,18270,0,0,1,agree
Bank,18280,0,0,1,agree
Bank,18288,0,0,1,agree
Bank,18289,0,0,1,agree
Bank,18293,0,0,1,agree
Bank,18295,0,0,1,agree
Bank,18296,0,0,1,agree
Bank,18299,0,0,1,agree
Bank,18301,0,0,1,agree
Bank,18303,0,0,1,agree
Bank,18304,0,0,1,agree
Bank,18305,0,0,1,agree
Bank,18307,0,0,1,agree
Bank,18308,0,0,1,agree
Bank,18309,0,0,1,agree
Bank,18311,0,0,1,agree
Bank,18312,0,0,1,agree
Bank,18320,0,0,1,agree
Bank,18323,0,0,1,agree
Bank,18327,0,0,1,agree
Bank,18331,0,0,1,agree
Bank,18332,0,0,1,agree
Bank,18333,0,0,1,agree
Bank,18335,0,0,1,agree
Bank,18338,0,0,1,agree
Bank,18339,0,0,1,agree
Bank,18345,0,0,1,agree
Bank,18353,0,0,1,agree
Bank,18355,0,0,1,agree
Bank,18356,0,0,1,agree
Bank,18357,0,0,1,agree
Bank,18358,0,0,1,agree
Bank,18360,0,0,1,agree
Bank,18361,0,0,1,agree
Bank,18364,0,0,1,agree
Bank,18365,0,0,1,agree
Bank,18366,0,0,1,agree
Bank,18367,0,0,1,agree
Bank,18370,0,0,1,agree
Bank,18381,0,0,1,agree
Bank,18383,0,0,1,agree
Bank,18390,0,0,1,agree
Bank,18391,0,0,1,agree
Bank,18392,0,0,1,agree
Bank,18394,0,0,1,agree
Bank,18395,0,0,1,agree
Bank,18396,0,0,1,agree
Bank,18398,0,0,1,agree
Bank,18399,0,0,1,agree
Bank,18422,0,0,1,agree
Bank,18428,0,0,1,agree
Bank,18440,0,0,1,agree
Bank,18444,0,0,1,agree
Bank,18455,0,0,1,agree
Bank,18457,0,0,1,agree
Bank,18459,0,0,1,agree
Bank,18461,0,0,1,agree
Bank,18464,0,0,1,agree
Bank,18471,0,0,1,agree
Bank,18475,0,0,1,agree
Bank,18478,0,0,1,agree
Bank,18480,0,0,1,agree
Bank,18482,0,0,1,agree
Bank,18485,0,0,1,agree
Bank,18489,0,0,1,agree
Bank,18490,0,0,1,agree
Bank,18491,0,0,1,agree
Bank,18495,0,0,1,agree
Bank,18503,0,0,1,agree
Bank,18508,0,0,1,agree
Bank,18511,0,0,1,agree
Bank,18517,0,0,1,agree
Bank,18520,0,0,1,agree
Bank,18522,0,0,1,agree
Bank,18535,0,0,1,agree
Bank,18539,0,0,1,agree
Bank,18543,0,0,1,agree
Bank,18546,0,0,1,agree
Bank,18553,0,0,1,agree
Bank,18555,0,0,1,agree
Bank,18559,0,0,1,agree
Bank,18561,0,0,1,agree
Bank,18562,0,0,1,agree
Bank,18567,0,0,1,agree
Bank,18575,0,0,1,agree
Bank,18576,0,0,1,agree
Bank,18587,0,0,1,agree
Bank,18597,0,0,1,agree
Bank,18598,0,0,1,agree
Bank,18599,0,0,1,agree
Bank,18601,0,0,1,agree
Bank,18608,0,0,1,agree
Bank,18611,0,0,1,agree
Bank,18616,0,0,1,agree
Bank,18622,0,0,1,agree
Bank,18629,0,0,1,agree
Bank,18632,0,0,1,agree
Bank,18633,0,0,1,agree
Bank,18634,0,0,1,agree
Bank,18635,0,0,1,agree
Bank,18637,0,0,1,agree
Bank,18645,0,0,1,agree
Bank,18653,0,0,1,agree
Bank,18656,0,0,1,agree
Bank,18663,0,0,1,agree
Bank,18667,0,0,1,agree
Bank,18668,0,0,1,agree
Bank,18669,0,0,1,agree
Bank,18670,0,0,1,agree
Bank,18681,0,0,1,agree
Bank,18682,0,0,1,agree
Bank,18683,0,0,1,agree
Bank,18686,0,0,1,agree
Bank,18688,0,0,1,agree
Bank,18690,0,0,1,agree
Bank,18700,0,0,1,agree
Bank,18702,0,0,1,agree
Bank,18704,0,0,1,agree
Bank,18708,0,0,1,agree
Bank,18710,0,0,1,agree
Bank,18713,0,0,1,agree
Bank,18715,0,0,1,agree
Bank,18716,0,0,1,agree
Bank,18719,0,0,1,agree
Bank,18721,0,0,1,agree
Bank,18725,0,0,1,agree
Bank,18731,0,0,1,agree
Bank,18734,0,0,1,agree
Bank,18735,0,0,1,agree
Bank,18736,0,0,1,agree
Bank,18744,0,0,1,agree
Bank,18747,0,0,1,agree
Bank,18750,0,0,1,agree
Bank,18752,0,0,1,agree
Bank,18753,0,0,1,agree
Bank,18755,0,0,1,agree
Bank,18763,0,0,1,agree
Bank,18771,0,0,1,agree
Bank,18773,0,0,1,agree
Bank,18775,0,0,1,agree
Bank,18778,0,0,1,agree
Bank,18779,0,0,1,agree
Bank,18782,0,0,1,agree
Bank,18787,0,0,1,agree
Bank,18790,0,0,1,agree
Bank,18795,0,0,1,agree
Bank,18800,0,0,1,agree
Bank,18802,0,0,1,agree
Bank,18804,0,0,1,agree
Bank,18810,0,0,1,agree
Bank,18811,0,0,1,agree
Bank,18815,0,0,1,agree
Bank,18817,0,0,1,agree
Bank,18826,0,0,1,agree
Bank,18828,0,0,1,agree
Bank,18837,0,0,1,agree
Bank,18839,0,0,1,agree
Bank,18840,0,0,1,agree
Bank,18844,0,0,1,agree
Bank,18845,0,0,1,agree
Bank,18852,0,0,1,agree
Bank,18856,0,0,1,agree
Bank,18863,0,0,1,agree
Bank,18866,0,0,1,agree
Bank,18872,0,0,1,agree
Bank,18873,0,0,1,agree
Bank,18878,0,0,1,agree
Bank,18880,0,0,1,agree
Bank,18883,0,0,1,agree
Bank,18885,0,0,1,agree
Bank,18886,0,0,1,agree
Bank,18889,0,0,1,agree
Bank,18893,0,0,1,agree
Bank,18897,0,0,1,agree
Bank,18900,0,0,1,agree
Bank,18907,0,0,1,agree
Bank,18908,0,0,1,agree
Bank,18912,0,0,1,agree
Bank,18914,0,0,1,agree
Bank,18923,0,0,1,agree
Bank,18925,0,0,1,agree
Bank,18929,0,0,1,agree
Bank,18930,0,0,1,agree
Bank,18931,0,0,1,agree
Bank,18935,0,0,1,agree
Bank,18939,0,0,1,agree
Bank,18950,0,0,1,agree
Bank,18952,0,0,1,agree
Bank,18954,0,0,1,agree
Bank,18958,0,0,1,agree
Bank,18961,0,0,1,agree
Bank,18965,0,0,1,agree
Bank,18967,0,0,1,agree
Bank,18970,0,0,1,agree
Bank,18972,0,0,1,agree
Bank,18976,0,0,1,agree
Bank,18981,0,0,1,agree
Bank,18982,0,0,1,agree
Bank,18987,0,0,1,agree
Bank,18995,0,0,1,agree
Bank,19004,0,0,1,agree
Bank,19008,0,0,1,agree
Bank,19009,0,0,1,agree
Bank,19016,0,0,1,agree
Bank,19020,0,0,1,agree
Bank,19021,0,0,1,agree
Bank,19027,0,0,1,agree
Bank,19030,0,0,1,agree
Bank,19032,0,0,1,agree
Bank,19033,0,0,1,agree
Bank,19051,0,0,1,agree
Bank,19052,0,0,1,agree
Bank,19055,0,0,1,agree
Bank,19056,0,0,1,agree
Bank,19063,0,0,1,agree
Bank,19064,0,0,1,agree
Bank,19065,0,0,1,agree
Bank,19068,0,0,1,agree
Bank,19070,0,0,1,agree
Bank,19085,0,0,1,agree
Bank,19087,0,0,1,agree
Bank,19090,0,0,1,agree
Bank,19091,0,0,1,agree
Bank,19096,0,0,1,agree
Bank,19097,0,0,1,agree
Bank,19099,0,0,1,agree
Bank,19101,0,0,1,agree
Bank,19103,0,0,1,agree
Bank,19104,0,0,1,agree
Bank,19105,0,0,1,agree
Bank,19119,0,0,1,agree
Bank,19120,0,0,1,agree
Bank,19124,0,0,1,agree
Bank,19125,0,0,1,agree
Bank,19127,0,0,1,agree
Bank,19130,0,0,1,agree
Bank,19137,0,0,1,agree
Bank,19139,0,0,1,agree
Bank,19146,0,0,1,agree
Bank,19148,0,0,1,agree
Bank,19150,0,0,1,agree
Bank,19152,0,0,1,agree
Bank,19159,0,0,1,agree
Bank,19161,0,0,1,agree
Bank,19166,0,0,1,agree
Bank,19173,0,0,1,agree
Bank,19182,0,0,1,agree
Bank,19193,0,0,1,agree
Bank,19196,0,0,1,agree
Bank,19199,0,0,1,agree
Bank,19202,0,0,1,agree
Bank,19204,0,0,1,agree
Bank,19205,0,0,1,agree
Bank,19207,0,0,1,agree
Bank,19213,0,0,1,agree
Bank,19214,0,0,1,agree
Bank,19215,0,0,1,agree
Bank,19220,0,0,1,agree
Bank,19227,0,0,1,agree
Bank,19234,0,0,1,agree
Bank,19236,0,0,1,agree
Bank,19238,0,0,1,agree
Bank,19245,0,0,1,agree
Bank,19247,0,0,1,agree
Bank,19253,0,0,1,agree
Bank,19256,0,0,1,agree
Bank,19258,0,0,1,agree
Bank,19264,0,0,1,agree
Bank,19265,0,0,1,agree
Bank,19267,0,0,1,agree
Bank,19269,0,0,1,agree
Bank,19276,0,0,1,agree
Bank,19280,0,0,1,agree
Bank,19282,0,0,1,agree
Bank,19285,0,0,1,agree
Bank,19286,0,0,1,agree
Bank,19289,0,0,1,agree
Bank,19290,0,0,1,agree
Bank,19292,0,0,1,agree
Bank,19297,0,0,1,agree
Bank,19300,0,0,1,agree
Bank,19315,0,0,1,agree
Bank,19316,0,0,1,agree
Bank,19322,0,0,1,agree
Bank,19323,0,0,1,agree
Bank,19324,0,0,1,agree
Bank,19328,0,0,1,agree
Bank,19330,0,0,1,agree
Bank,19331,0,0,1,agree
Bank,19333,0,0,1,agree
Bank,19338,0,0,1,agree
Bank,19342,0,0,1,agree
Bank,19344,0,0,1,agree
Bank,19346,0,0,1,agree
Bank,19348,0,0,1,agree
Bank,19353,0,0,1,agree
Bank,19355,0,0,1,agree
Bank,19359,0,0,1,agree
Bank,19369,0,0,1,agree
Bank,19375,0,0,1,agree
Bank,19383,0,0,1,agree
Bank,19389,0,0,1,agree
Bank,19391,0,0,1,agree
Bank,19395,0,0,1,agree
Bank,19397,0,0,1,agree
Bank,19398,0,0,1,agree
Bank,19399,0,0,1,agree
Bank,19401,0,0,1,agree
Bank,19402,0,0,1,agree
Bank,19407,0,0,1,agree
Bank,19414,0,0,1,agree
Bank,19417,0,0,1,agree
Bank,19420,0,0,1,agree
Bank,19422,0,0,1,agree
Bank,19423,0,0,1,agree
Bank,19428,0,0,1,agree
Bank,19432,0,0,1,agree
Bank,19433,0,0,1,agree
Bank,19443,0,0,1,agree
Bank,19446,0,0,1,agree
Bank,19449,0,0,1,agree
Bank,19450,0,0,1,agree
Bank,19451,0,0,1,agree
Bank,19452,0,0,1,agree
Bank,19453,0,0,1,agree
Bank,19460,0,0,1,agree
Bank,19472,0,0,1,agree
Bank,19479,0,0,1,agree
Bank,19481,0,0,1,agree
Bank,19482,0,0,1,agree
Bank,19484,0,0,1,agree
Bank,19485,0,0,1,agree
Bank,19487,0,0,1,agree
Bank,19490,0,0,1,agree
Bank,19492,0,0,1,agree
Bank,19496,0,0,1,agree
Bank,19500,0,0,1,agree
Bank,19505,0,0,1,agree
Bank,19517,0,0,1,agree
Bank,19521,0,0,1,agree
Bank,19524,0,0,1,agree
Bank,19526,0,0,1,agree
Bank,19535,0,0,1,agree
Bank,19537,0,0,1,agree
Bank,19540,0,0,1,agree
Bank,19541,0,0,1,agree
Bank,19542,0,0,1,agree
Bank,19548,0,0,1,agree
Bank,19556,0,0,1,agree
Bank,19564,0,0,1,agree
Bank,19575,0,0,1,agree
Bank,19576,0,0,1,agree
Bank,19577,0,0,1,agree
Bank,19578,0,0,1,agree
Bank,19579,0,0,1,agree
Bank,19587,0,0,1,agree
Bank,19589,0,0,1,agree
Bank,19592,0,0,1,agree
Bank,19593,0,0,1,agree
Bank,19605,0,0,1,agree
Bank,19606,0,0,1,agree
Bank,19610,0,0,1,agree
Bank,19611,0,0,1,agree
Bank,19627,0,0,1,agree
Bank,19631,0,0,1,agree
Bank,19636,0,0,1,agree
Bank,19637,0,0,1,agree
Bank,19638,0,0,1,agree
Bank,19642,0,0,1,agree
Bank,19643,0,0,1,agree
Bank,19647,0,0,1,agree
Bank,19651,0,0,1,agree
Bank,19658,0,0,1,agree
Bank,19662,0,0,1,agree
Bank,19664,0,0,1,agree
Bank,19667,0,0,1,agree
Bank,19668,0,0,1,agree
Bank,19670,0,0,1,agree
Bank,19674,0,0,1,agree
Bank,19678,0,0,1,agree
Bank,19681,0,0,1,agree
Bank,19690,0,0,1,agree
Bank,19695,0,0,1,agree
Bank,19696,0,0,1,agree
Bank,19700,0,0,1,agree
Bank,19701,0,0,1,agree
Bank,19703,0,0,1,agree
Bank,19705,0,0,1,agree
Bank,19707,0,0,1,agree
Bank,19709,0,0,1,agree
Bank,19711,0,0,1,agree
Bank,19727,0,0,1,agree
Bank,19729,0,0,1,agree
Bank,19732,0,0,1,agree
Bank,19739,0,0,1,agree
Bank,19754,0,0,1,agree
Bank,19762,0,0,1,agree
Bank,19769,0,0,1,agree
Bank,19774,0,0,1,agree
Bank,19779,0,0,1,agree
Bank,19781,0,0,1,agree
Bank,19791,0,0,1,agree
Bank,19794,0,0,1,agree
Bank,19797,0,0,1,agree
Bank,19800,0,0,1,agree
Bank,19810,0,0,1,agree
Bank,19812,0,0,1,agree
Bank,19824,0,0,1,agree
Bank,19825,0,0,1,agree
Bank,19833,0,0,1,agree
Bank,19839,0,0,1,agree
Bank,19840,0,0,1,agree
Bank,19842,0,0,1,agree
Bank,19843,0,0,1,agree
Bank,19844,0,0,1,agree
Bank,19845,0,0,1,agree
Bank,19861,0,0,1,agree
Bank,19863,0,0,1,agree
Bank,19866,0,0,1,agree
Bank,19870,0,0,1,agree
Bank,19872,0,0,1,agree
Bank,19876,0,0,1,agree
Bank,19879,0,0,1,agree
Bank,19890,0,0,1,agree
Bank,19900,0,0,1,agree
Bank,19902,0,0,1,agree
Bank,19903,0,0,1,agree
Bank,19904,0,0,1,agree
Bank,19906,0,0,1,agree
Bank,19912,0,0,1,agree
Bank,19918,0,0,1,agree
Bank,19927,0,0,1,agree
Bank,19928,0,0,1,agree
Bank,19936,0,0,1,agree
Bank,19939,0,0,1,agree
Bank,19942,0,0,1,agree
Bank,19950,0,0,1,agree
Bank,19953,0,0,1,agree
Bank,19962,0,0,1,agree
Bank,19969,0,0,1,agree
Bank,19984,0,0,1,agree
Bank,19988,0,0,1,agree
Bank,19991,0,0,1,agree
Bank,19994,0,0,1,agree
Bank,20000,0,0,1,agree
Bank,20001,0,0,1,agree
Bank,20003,0,0,1,agree
Bank,20011,0,0,1,agree
Bank,20012,0,0,1,agree
Bank,20030,0,0,1,agree
Bank,20036,0,0,1,agree
Bank,20038,0,0,1,agree
Bank,20052,0,0,1,agree
Bank,20054,0,0,1,agree
Bank,20056,0,0,1,agree
Bank,20058,0,0,1,agree
Bank,20062,0,0,1,agree
Bank,20063,0,0,1,agree
Bank,20069,0,0,1,agree
Bank,20073,0,0,1,agree
Bank,20075,0,0,1,agree
Bank,20083,0,0,1,agree
Bank,20087,0,0,1,agree
Bank,20089,0,0,1,agree
Bank,20090,0,0,1,agree
Bank,20103,0,0,1,agree
Bank,20112,0,0,1,agree
Bank,20113,0,0,1,agree
Bank,20114,0,0,1,agree
Bank,20121,0,0,1,agree
Bank,20141,0,0,1,agree
Bank,20147,0,0,1,agree
Bank,20151,0,0,1,agree
Bank,20153,0,0,1,agree
Bank,20161,0,0,1,agree
Bank,20163,0,0,1,agree
Bank,20171,0,0,1,agree
Bank,20173,0,0,1,agree
Bank,20177,0,0,1,agree
Bank,20181,0,0,1,agree
Bank,20193,0,0,1,agree
Bank,20199,0,0,1,agree
Bank,20212,0,0,1,agree
Bank,20221,0,0,1,agree
Bank,20224,0,0,1,agree
Bank,20228,0,0,1,agree
Bank,20229,0,0,1,agree
Bank,20232,0,0,1,agree
Bank,20240,0,0,1,agree
Bank,20241,0,0,1,agree
Bank,20242,0,0,1,agree
Bank,20243,0,0,1,agree
Bank,20244,0,0,1,agree
Bank,20252,0,0,1,agree
Bank,20253,0,0,1,agree
Bank,20257,0,0,1,agree
Bank,20263,0,0,1,agree
Bank,20264,0,0,1,agree
Bank,20272,0,0,1,agree
Bank,20275,0,0,1,agree
Bank,20277,0,0,1,agree
Bank,20278,0,0,1,agree
Bank,20279,0,0,1,agree
Bank,20286,0,0,1,agree
Bank,20289,0,0,1,agree
Bank,20290,0,0,1,agree
Bank,20295,0,0,1,agree
Bank,20311,0,0,1,agree
Bank,20319,0,0,1,agree
Bank,20329,0,0,1,agree
Bank,20333,0,0,1,agree
Bank,20355,0,0,1,agree
Bank,20356,0,0,1,agree
Bank,20357,0,0,1,agree
Bank,20365,0,0,1,agree
Bank,20371,0,0,1,agree
Bank,20386,0,0,1,agree
Bank,20393,0,0,1,agree
Bank,20399,0,0,1,agree
Bank,20400,0,0,1,agree
Bank,20403,0,0,1,agree
Bank,20408,0,0,1,agree
Bank,20409,0,0,1,agree
Bank,20411,0,0,1,agree
Bank,20413,0,0,1,agree
Bank,20425,0,0,1,agree
Bank,20431,0,0,1,agree
Bank,20433,0,0,1,agree
Bank,20435,0,0,1,agree
Bank,20436,0,0,1,agree
Bank,20450,0,0,1,agree
Bank,20456,0,0,1,agree
Bank,20461,0,0,1,agree
Bank,20462,0,0,1,agree
Bank,20466,0,0,1,agree
Bank,20467,0,0,1,agree
Bank,20469,0,0,1,agree
Bank,20477,0,0,1,agree
Bank,20478,0,0,1,agree
Bank,20481,0,0,1,agree
Bank,20485,0,0,1,agree
Bank,20488,0,0,1,agree
Bank,20490,0,0,1,agree
Bank,20491,0,0,1,agree
Bank,20492,0,0,1,agree
Bank,20494,0,0,1,agree
Bank,20498,0,0,1,agree
Bank,20499,0,0,1,agree
Bank,20500,0,0,1,agree
Bank,20502,0,0,1,agree
Bank,20522,0,0,1,agree
Bank,20525,0,0,1,agree
Bank,20526,0,0,1,agree
Bank,20535,0,0,1,agree
Bank,20540,0,0,1,agree
Bank,20541,0,0,1,agree
Bank,20543,0,0,1,agree
Bank,20547,0,0,1,agree
Bank,20557,0,0,1,agree
Bank,20559,0,0,1,agree
Bank,20562,0,0,1,agree
Bank,20566,0,0,1,agree
Bank,20567,0,0,1,agree
Bank,20569,0,0,1,agree
Bank,20573,0,0,1,agree
Bank,20574,0,0,1,agree
Bank,20579,0,0,1,agree
Bank,20580,0,0,1,agree
Bank,20585,0,0,1,agree
Bank,20589,0,0,1,agree
Bank,20590,0,0,1,agree
Bank,20592,0,0,1,agree
Bank,20594,0,0,1,agree
Bank,20599,0,0,1,agree
Bank,20604,0,0,1,agree
Bank,20606,0,0,1,agree
Bank,20630,0,0,1,agree
Bank,20633,0,0,1,agree
Bank,20642,0,0,1,agree
Bank,20646,0,0,1,agree
Bank,20648,0,0,1,agree
Bank,20654,0,0,1,agree
Bank,20662,0,0,1,agree
Bank,20664,0,0,1,agree
Bank,20665,0,0,1,agree
Bank,20677,0,0,1,agree
Bank,20680,0,0,1,agree
Bank,20682,0,0,1,agree
Bank,20684,0,0,1,agree
Bank,20686,0,0,1,agree
Bank,20702,0,0,1,agree
Bank,20709,0,0,1,agree
Bank,20719,0,0,1,agree
Bank,20723,0,0,1,agree
Bank,20730,0,0,1,agree
Bank,20732,0,0,1,agree
Bank,20736,0,0,1,agree
Bank,20737,0,0,1,agree
Bank,20745,0,0,1,agree
Bank,20747,0,0,1,agree
Bank,20748,0,0,1,agree
Bank,20749,0,0,1,agree
Bank,20761,0,0,1,agree
Bank,20764,0,0,1,agree
Bank,20772,0,0,1,agree
Bank,20775,0,0,1,agree
Bank,20780,0,0,1,agree
Bank,20784,0,0,1,agree
Bank,20785,0,0,1,agree
Bank,20791,0,0,1,agree
Bank,20792,0,0,1,agree
Bank,20796,0,0,1,agree
Bank,20800,0,0,1,agree
Bank,20810,0,0,1,agree
Bank,20816,0,0,1,agree
Bank,20820,0,0,1,agree
Bank,20825,0,0,1,agree
Bank,20832,0,0,1,agree
Bank,20834,0,0,1,agree
Bank,20836,0,0,1,agree
Bank,20837,0,0,1,agree
Bank,20839,0,0,1,agree
Bank,20841,0,0,1,agree
Bank,20842,0,0,1,agree
Bank,20843,0,0,1,agree
Bank,20853,0,0,1,agree
Bank,20854,0,0,1,agree
Bank,20862,0,0,1,agree
Bank,20866,0,0,1,agree
Bank,20871,0,0,1,agree
Bank,20874,0,0,1,agree
Bank,20878,0,0,1,agree
Bank,20879,0,0,1,agree
Bank,20887,0,0,1,agree
Bank,20891,0,0,1,agree
Bank,20893,0,0,1,agree
Bank,20895,0,0,1,agree
Bank,20896,0,0,1,agree
Bank,20898,0,0,1,agree
Bank,20899,0,0,1,agree
Bank,20903,0,0,1,agree
Bank,20908,0,0,1,agree
Bank,20909,0,0,1,agree
Bank,20912,0,0,1,agree
Bank,20921,0,0,1,agree
Bank,20922,0,0,1,agree
Bank,20925,0,0,1,agree
Bank,20939,0,0,1,agree
Bank,20942,0,0,1,agree
Bank,20943,0,0,1,agree
Bank,20948,0,0,1,agree
Bank,20951,0,0,1,agree
Bank,20953,0,0,1,agree
Bank,20960,0,0,1,agree
Bank,20965,0,0,1,agree
Bank,20968,0,0,1,agree
Bank,20971,0,0,1,agree
Bank,20972,0,0,1,agree
Bank,20973,0,0,1,agree
Bank,20975,0,0,1,agree
Bank,20978,0,0,1,agree
Bank,20979,0,0,1,agree
Bank,20980,0,0,1,agree
Bank,20985,0,0,1,agree
Bank,20986,0,0,1,agree
Bank,20998,0,0,1,agree
Bank,20999,0,0,1,agree
Bank,21013,0,0,1,agree
Bank,21019,0,0,1,agree
Bank,21020,0,0,1,agree
Bank,21023,0,0,1,agree
Bank,21026,0,0,1,agree
Bank,21028,0,0,1,agree
Bank,21034,0,0,1,agree
Bank,21041,0,0,1,agree
Bank,21050,0,0,1,agree
Bank,21061,0,0,1,agree
Bank,21065,0,0,1,agree
Bank,21071,0,0,1,agree
Bank,21083,0,0,1,agree
Bank,21087,0,0,1,agree
Bank,21094,0,0,1,agree
Bank,21101,0,0,1,agree
Bank,21103,0,0,1,agree
Bank,21104,0,0,1,agree
Bank,21108,0,0,1,agree
Bank,21113,0,0,1,agree
Bank,21114,0,0,1,agree
Bank,21116,0,0,1,agree
Bank,21117,0,0,1,agree
Bank,21127,0,0,1,agree
Bank,21129,0,0,1,agree
Bank,21133,0,0,1,agree
Bank,21138,0,0,1,agree
Bank,21146,0,0,1,agree
Bank,21147,0,0,1,agree
Bank,21150,0,0,1,agree
Bank,21151,0,0,1,agree
Bank,21161,0,0,1,agree
Bank,21163,0,0,1,agree
Bank,21164,0,0,1,agree
Bank,21166,0,0,1,agree
Bank,21168,0,0,1,agree
Bank,21169,0,0,1,agree
Bank,21172,0,0,1,agree
Bank,21174,0,0,1,agree
Bank,21179,0,0,1,agree
Bank,21182,0,0,1,agree
Bank,21183,0,0,1,agree
Bank,21187,0,0,1,agree
Bank,21191,0,0,1,agree
Bank,21201,0,0,1,agree
Bank,21202,0,0,1,agree
Bank,21205,0,0,1,agree
Bank,21212,0,0,1,agree
Bank,21213,0,0,1,agree
Bank,21231,0,0,1,agree
Bank,21239,0,0,1,agree
Bank,21243,0,0,1,agree
Bank,21265,0,0,1,agree
Bank,21266,0,0,1,agree
Bank,21268,0,0,1,agree
Bank,21273,0,0,1,agree
Bank,21275,0,0,1,agree
Bank,21277,0,0,1,agree
Bank,21279,0,0,1,agree
Bank,21280,0,0,1,agree
Bank,21282,0,0,1,agree
Bank,21284,0,0,1,agree
Bank,21290,0,0,1,agree
Bank,21291,0,0,1,agree
Bank,21293,0,0,1,agree
Bank,21300,0,0,1,agree
Bank,21303,0,0,1,agree
Bank,21310,0,0,1,agree
Bank,21312,0,0,1,agree
Bank,21316,0,0,1,agree
Bank,21321,0,0,1,agree
Bank,21328,0,0,1,agree
Bank,21331,0,0,1,agree
Bank,21334,0,0,1,agree
Bank,21341,0,0,1,agree
Bank,21346,0,0,1,agree
Bank,21347,0,0,1,agree
Bank,21353,0,0,1,agree
Bank,21356,0,0,1,agree
Bank,21357,0,0,1,agree
Bank,21359,0,0,1,agree
Bank,21363,0,0,1,agree
Bank,21365,0,0,1,agree
Bank,21366,0,0,1,agree
Bank,21367,0,0,1,agree
Bank,21369,0,0,1,agree
Bank,21374,0,0,1,agree
Bank,21386,0,0,1,agree
Bank,21387,0,0,1,agree
Bank,21388,0,0,1,agree
Bank,21389,0,0,1,agree
Bank,21395,0,0,1,agree
Bank,21401,0,0,1,agree
Bank,21409,0,0,1,agree
Bank,21410,0,0,1,agree
Bank,21422,0,0,1,agree
Bank,21426,0,0,1,agree
Bank,21427,0,0,1,agree
Bank,21431,0,0,1,agree
Bank,21436,0,0,1,agree
Bank,21440,0,0,1,agree
Bank,21449,0,0,1,agree
Bank,21450,0,0,1,agree
Bank,21451,0,0,1,agree
Bank,21454,0,0,1,agree
Bank,21456,0,0,1,agree
Bank,21461,0,0,1,agree
Bank,21462,0,0,1,agree
Bank,21464,0,0,1,agree
Bank,21469,0,0,1,agree
Bank,21474,0,0,1,agree
Bank,21478,0,0,1,agree
Bank,21488,0,0,1,agree
Bank,21495,0,0,1,agree
Bank,21496,0,0,1,agree
Bank,21498,0,0,1,agree
Bank,21503,0,0,1,agree
Bank,21508,0,0,1,agree
Bank,21513,0,0,1,agree
Bank,21522,0,0,1,agree
Bank,21524,0,0,1,agree
Bank,21525,0,0,1,agree
Bank,21527,0,0,1,agree
Bank,21533,0,0,1,agree
Bank,21537,0,0,1,agree
Bank,21540,0,0,1,agree
Bank,21541,0,0,1,agree
Bank,21543,0,0,1,agree
Bank,21546,0,0,1,agree
Bank,21547,0,0,1,agree
Bank,21548,0,0,1,agree
Bank,21551,0,0,1,agree
Bank,21555,0,0,1,agree
Bank,21557,0,0,1,agree
Bank,21560,0,0,1,agree
Bank,21561,0,0,1,agree
Bank,21565,0,0,1,agree
Bank,21567,0,0,1,agree
Bank,21569,0,0,1,agree
Bank,21581,0,0,1,agree
Bank,21586,0,0,1,agree
Bank,21590,0,0,1,agree
Bank,21606,0,0,1,agree
Bank,21610,0,0,1,agree
Bank,21611,0,0,1,agree
Bank,21612,0,0,1,agree
Bank,21616,0,0,1,agree
Bank,21619,0,0,1,agree
Bank,21633,0,0,1,agree
Bank,21637,0,0,1,agree
Bank,21638,0,0,1,agree
Bank,21641,0,0,1,agree
Bank,21646,0,0,1,agree
Bank,21649,0,0,1,agree
Bank,21651,0,0,1,agree
Bank,21653,0,0,1,agree
Bank,21658,0,0,1,agree
Bank,21664,0,0,1,agree
Bank,21673,0,0,1,agree
Bank,21676,0,0,1,agree
Bank,21677,0,0,1,agree
Bank,21678,0,0,1,agree
Bank,21680,0,0,1,agree
Bank,21681,0,0,1,agree
Bank,21689,0,0,1,agree
Bank,21691,0,0,1,agree
Bank,21693,0,0,1,agree
Bank,21695,0,0,1,agree
Bank,21709,0,0,1,agree
Bank,21713,0,0,1,agree
Bank,21716,0,0,1,agree
Bank,21717,0,0,1,agree
Bank,21718,0,0,1,agree
Bank,21724,0,0,1,agree
Bank,21733,0,0,1,agree
Bank,21740,0,0,1,agree
Bank,21743,0,0,1,agree
Bank,21746,0,0,1,agree
Bank,21747,0,0,1,agree
Bank,21750,0,0,1,agree
Bank,21751,0,0,1,agree
Bank,21752,0,0,1,agree
Bank,21760,0,0,1,agree
Bank,21762,0,0,1,agree
Bank,21766,0,0,1,agree
Bank,21767,0,0,1,agree
Bank,21776,0,0,1,agree
Bank,21777,0,0,1,agree
Bank,21778,0,0,1,agree
Bank,21780,0,0,1,agree
Bank,21781,0,0,1,agree
Bank,21782,0,0,1,agree
Bank,21785,0,0,1,agree
Bank,21787,0,0,1,agree
Bank,21789,0,0,1,agree
Bank,21791,0,0,1,agree
Bank,21794,0,0,1,agree
Bank,21796,0,0,1,agree
Bank,21798,0,0,1,agree
Bank,21799,0,0,1,agree
Bank,21800,0,0,1,agree
Bank,21803,0,0,1,agree
Bank,21806,0,0,1,agree
Bank,21807,0,0,1,agree
Bank,21814,0,0,1,agree
Bank,21819,0,0,1,agree
Bank,21832,0,0,1,agree
Bank,21835,0,0,1,agree
Bank,21838,0,0,1,agree
Bank,21841,0,0,1,agree
Bank,21847,0,0,1,agree
Bank,21848,0,0,1,agree
Bank,21856,0,0,1,agree
Bank,21857,0,0,1,agree
Bank,21858,0,0,1,agree
Bank,21861,0,0,1,agree
Bank,21863,0,0,1,agree
Bank,21864,0,0,1,agree
Bank,21870,0,0,1,agree
Bank,21873,0,0,1,agree
Bank,21879,0,0,1,agree
Bank,21881,0,0,1,agree
Bank,21898,0,0,1,agree
Bank,21906,0,0,1,agree
Bank,21907,0,0,1,agree
Bank,21912,0,0,1,agree
Bank,21914,0,0,1,agree
Bank,21920,0,0,1,agree
Bank,21925,0,0,1,agree
Bank,21926,0,0,1,agree
Bank,21935,0,0,1,agree
Bank,21943,0,0,1,agree
Bank,21945,0,0,1,agree
Bank,21946,0,0,1,agree
Bank,21950,0,0,1,agree
Bank,21953,0,0,1,agree
Bank,21961,0,0,1,agree
Bank,21963,0,0,1,agree
Bank,21964,0,0,1,agree
Bank,21965,0,0,1,agree
Bank,21975,0,0,1,agree
Bank,21976,0,0,1,agree
Bank,21978,0,0,1,agree
Bank,21980,0,0,1,agree
Bank,21983,0,0,1,agree
Bank,21988,0,0,1,agree
Bank,21990,0,0,1,agree
Bank,21991,0,0,1,agree
Bank,21999,0,0,1,agree
Bank,22004,0,0,1,agree
Bank,22008,0,0,1,agree
Bank,22009,0,0,1,agree
Bank,22012,0,0,1,agree
Bank,22017,0,0,1,agree
Bank,22019,0,0,1,agree
Bank,22024,0,0,1,agree
Bank,22030,0,0,1,agree
Bank,22032,0,0,1,agree
Bank,22034,0,0,1,agree
Bank,22035,0,0,1,agree
Bank,22041,0,0,1,agree
Bank,22043,0,0,1,agree
Bank,22046,0,0,1,agree
Bank,22047,0,0,1,agree
Bank,22054,0,0,1,agree
Bank,22058,0,0,1,agree
Bank,22068,0,0,1,agree
Bank,22071,0,0,1,agree
Bank,22080,0,0,1,agree
Bank,22085,0,0,1,agree
Bank,22088,0,0,1,agree
Bank,22093,0,0,1,agree
Bank,22095,0,0,1,agree
Bank,22098,0,0,1,agree
Bank,22103,0,0,1,agree
Bank,22104,0,0,1,agree
Bank,22111,0,0,1,agree
Bank,22117,0,0,1,agree
Bank,22129,0,0,1,agree
Bank,22136,0,0,1,agree
Bank,22138,0,0,1,agree
Bank,22140,0,0,1,agree
Bank,22142,0,0,1,agree
Bank,22143,0,0,1,agree
Bank,22145,0,0,1,agree
Bank,22146,0,0,1,agree
Bank,22147,0,0,1,agree
Bank,22148,0,0,1,agree
Bank,22150,0,0,1,agree
Bank,22159,0,0,1,agree
Bank,22171,0,0,1,agree
Bank,22172,0,0,1,agree
Bank,22174,0,0,1,agree
Bank,22181,0,0,1,agree
Bank,22184,0,0,1,agree
Bank,22186,0,0,1,agree
Bank,22189,0,0,1,agree
Bank,22194,0,0,1,agree
Bank,22196,0,0,1,agree
Bank,22202,0,0,1,agree
Bank,22205,0,0,1,agree
Bank,22210,0,0,1,agree
Bank,22214,0,0,1,agree
Bank,22215,0,0,1,agree
Bank,22219,0,0,1,agree
Bank,22222,0,0,1,agree
Bank,22229,0,0,1,agree
Bank,22234,0,0,1,agree
Bank,22236,0,0,1,agree
Bank,22237,0,0,1,agree
Bank,22239,0,0,1,agree
Bank,22246,0,0,1,agree
Bank,22252,0,0,1,agree
Bank,22256,0,0,1,agree
Bank,22259,0,0,1,agree
Bank,22260,0,0,1,agree
Bank,22265,0,0,1,agree
Bank,22268,0,0,1,agree
Bank,22270,0,0,1,agree
Bank,22279,0,0,1,agree
Bank,22280,0,0,1,agree
Bank,22281,0,0,1,agree
Bank,22283,0,0,1,agree
Bank,22284,0,0,1,agree
Bank,22286,0,0,1,agree
Bank,22299,0,0,1,agree
Bank,22301,0,0,1,agree
Bank,22302,0,0,1,agree
Bank,22305,0,0,1,agree
Bank,22309,0,0,1,agree
Bank,22311,0,0,1,agree
Bank,22312,0,0,1,agree
Bank,22313,0,0,1,agree
Bank,22316,0,0,1,agree
Bank,22321,0,0,1,agree
Bank,22325,0,0,1,agree
Bank,22333,0,0,1,agree
Bank,22342,0,0,1,agree
Bank,22343,0,0,1,agree
Bank,22346,0,0,1,agree
Bank,22347,0,0,1,agree
Bank,22351,0,0,1,agree
Bank,22354,0,0,1,agree
Bank,22356,0,0,1,agree
Bank,22377,0,0,1,agree
Bank,22378,0,0,1,agree
Bank,22382,0,0,1,agree
Bank,22385,0,0,1,agree
Bank,22393,0,0,1,agree
Bank,22395,0,0,1,agree
Bank,22398,0,0,1,agree
Bank,22402,0,0,1,agree
Bank,22404,0,0,1,agree
Bank,22405,0,0,1,agree
Bank,22406,0,0,1,agree
Bank,22411,0,0,1,agree
Bank,22415,0,0,1,agree
Bank,22418,0,0,1,agree
Bank,22422,0,0,1,agree
Bank,22423,0,0,1,agree
Bank,22431,0,0,1,agree
Bank,22434,0,0,1,agree
Bank,22438,0,0,1,agree
Bank,22439,0,0,1,agree
Bank,22442,0,0,1,agree
Bank,22446,0,0,1,agree
Bank,22461,0,0,1,agree
Bank,22464,0,0,1,agree
Bank,22468,0,0,1,agree
Bank,22473,0,0,1,agree
Bank,22474,0,0,1,agree
Bank,22476,0,0,1,agree
Bank,22478,0,0,1,agree
Bank,22484,0,0,1,agree
Bank,22486,0,0,1,agree
Bank,22487,0,0,1,agree
Bank,22492,0,0,1,agree
Bank,22495,0,0,1,agree
Bank,22499,0,0,1,agree
Bank,22502,0,0,1,agree
Bank,22503,0,0,1,agree
Bank,22506,0,0,1,agree
Bank,22525,0,0,1,agree
Bank,22526,0,0,1,agree
Bank,22534,0,0,1,agree
Bank,22538,0,0,1,agree
Bank,22539,0,0,1,agree
Bank,22549,0,0,1,agree
Bank,22552,0,0,1,agree
Bank,22554,0,0,1,agree
Bank,22555,0,0,1,agree
Bank,22557,0,0,1,agree
Bank,22559,0,0,1,agree
Bank,22561,0,0,1,agree
Bank,22563,0,0,1,agree
Bank,22569,0,0,1,agree
Bank,22571,0,0,1,agree
Bank,22574,0,0,1,agree
Bank,22592,0,0,1,agree
Bank,22593,0,0,1,agree
Bank,22597,0,0,1,agree
Bank,22605,0,0,1,agree
Bank,22606,0,0,1,agree
Bank,22613,0,0,1,agree
Bank,22620,0,0,1,agree
Bank,22621,0,0,1,agree
Bank,22633,0,0,1,agree
Bank,22637,0,0,1,agree
Bank,22641,0,0,1,agree
Bank,22647,0,0,1,agree
Bank,22648,0,0,1,agree
Bank,22650,0,0,1,agree
Bank,22652,0,0,1,agree
Bank,22653,0,0,1,agree
Bank,22655,0,0,1,agree
Bank,22660,0,0,1,agree
Bank,22662,0,0,1,agree
Bank,22664,0,0,1,agree
Bank,22665,0,0,1,agree
Bank,22668,0,0,1,agree
Bank,22669,0,0,1,agree
Bank,22671,0,0,1,agree
Bank,22672,0,0,1,agree
Bank,22675,0,0,1,agree
Bank,22676,0,0,1,agree
Bank,22682,0,0,1,agree
Bank,22690,0,0,1,agree
Bank,22694,0,0,1,agree
Bank,22695,0,0,1,agree
Bank,22699,0,0,1,agree
Bank,22711,0,0,1,agree
Bank,22712,0,0,1,agree
Bank,22720,0,0,1,agree
Bank,22724,0,0,1,agree
Bank,22729,0,0,1,agree
Bank,22731,0,0,1,agree
Bank,22732,0,0,1,agree
Bank,22742,0,0,1,agree
Bank,22744,0,0,1,agree
Bank,22749,0,0,1,agree
Bank,22750,0,0,1,agree
Bank,22752,0,0,1,agree
Bank,22765,0,0,1,agree
Bank,22771,0,0,1,agree
Bank,22772,0,0,1,agree
Bank,22782,0,0,1,agree
Bank,22799,0,0,1,agree
Bank,22803,0,0,1,agree
Bank,22818,0,0,1,agree
Bank,22822,0,0,1,agree
Bank,22823,0,0,1,agree
Bank,22824,0,0,1,agree
Bank,22835,0,0,1,agree
Bank,22838,0,0,1,agree
Bank,22839,0,0,1,agree
Bank,22840,0,0,1,agree
Bank,22844,0,0,1,agree
Bank,22848,0,0,1,agree
Bank,22849,0,0,1,agree
Bank,22850,0,0,1,agree
Bank,22852,0,0,1,agree
Bank,22856,0,0,1,agree
Bank,22857,0,0,1,agree
Bank,22866,0,0,1,agree
Bank,22867,0,0,1,agree
Bank,22869,0,0,1,agree
Bank,22871,0,0,1,agree
Bank,22872,0,0,1,agree
Bank,22873,0,0,1,agree
Bank,22874,0,0,1,agree
Bank,22883,0,0,1,agree
Bank,22888,0,0,1,agree
Bank,22889,0,0,1,agree
Bank,22898,0,0,1,agree
Bank,22900,0,0,1,agree
Bank,22903,0,0,1,agree
Bank,22910,0,0,1,agree
Bank,22911,0,0,1,agree
Bank,22914,0,0,1,agree
Bank,22918,0,0,1,agree
Bank,22919,0,0,1,agree
Bank,22920,0,0,1,agree
Bank,22925,0,0,1,agree
Bank,22936,0,0,1,agree
Bank,22938,0,0,1,agree
Bank,22943,0,0,1,agree
Bank,22954,0,0,1,agree
Bank,22957,0,0,1,agree
Bank,22966,0,0,1,agree
Bank,22968,0,0,1,agree
Bank,22975,0,0,1,agree
Bank,22979,0,0,1,agree
Bank,22986,0,0,1,agree
Bank,22989,0,0,1,agree
Bank,22995,0,0,1,agree
Bank,23002,0,0,1,agree
Bank,23003,0,0,1,agree
Bank,23005,0,0,1,agree
Bank,23010,0,0,1,agree
Bank,23011,0,0,1,agree
Bank,23013,0,0,1,agree
Bank,23015,0,0,1,agree
Bank,23017,0,0,1,agree
Bank,23021,0,0,1,agree
Bank,23031,0,0,1,agree
Bank,23032,0,0,1,agree
Bank,23034,0,0,1,agree
Bank,23039,0,0,1,agree
Bank,23040,0,0,1,agree
Bank,23044,0,0,1,agree
Bank,23048,0,0,1,agree
Bank,23052,0,0,1,agree
Bank,23059,0,0,1,agree
Bank,23062,0,0,1,agree
Bank,23069,0,0,1,agree
Bank,23071,0,0,1,agree
Bank,23072,0,0,1,agree
Bank,23073,0,0,1,agree
Bank,23077,0,0,1,agree
Bank,23078,0,0,1,agree
Bank,23088,0,0,1,agree
Bank,23094,0,0,1,agree
Bank,23095,0,0,1,agree
Bank,23097,0,0,1,agree
Bank,23098,0,0,1,agree
Bank,23108,0,0,1,agree
Bank,23110,0,0,1,agree
Bank,23114,0,0,1,agree
Bank,23129,0,0,1,agree
Bank,23131,0,0,1,agree
Bank,23133,0,0,1,agree
Bank,23143,0,0,1,agree
Bank,23145,0,0,1,agree
Bank,23155,0,0,1,agree
Bank,23160,0,0,1,agree
Bank,23163,0,0,1,agree
Bank,23165,0,0,1,agree
Bank,23171,0,0,1,agree
Bank,23172,0,0,1,agree
Bank,23182,0,0,1,agree
Bank,23184,0,0,1,agree
Bank,23189,0,0,1,agree
Bank,23202,0,0,1,agree
Bank,23207,0,0,1,agree
Bank,23208,0,0,1,agree
Bank,23218,0,0,1,agree
Bank,23219,0,0,1,agree
Bank,23222,0,0,1,agree
Bank,23223,0,0,1,agree
Bank,23228,0,0,1,agree
Bank,23230,0,0,1,agree
Bank,23235,0,0,1,agree
Bank,23238,0,0,1,agree
Bank,23243,0,0,1,agree
Bank,23245,0,0,1,agree
Bank,23249,0,0,1,agree
Bank,23253,0,0,1,agree
Bank,23255,0,0,1,agree
Bank,23256,0,0,1,agree
Bank,23261,0,0,1,agree
Bank,23270,0,0,1,agree
Bank,23274,0,0,1,agree
Bank,23283,0,0,1,agree
Bank,23284,0,0,1,agree
Bank,23285,0,0,1,agree
Bank,23292,0,0,1,agree
Bank,23296,0,0,1,agree
Bank,23302,0,0,1,agree
Bank,23303,0,0,1,agree
Bank,23304,0,0,1,agree
Bank,23307,0,0,1,agree
Bank,23310,0,0,1,agree
Bank,23315,0,0,1,agree
Bank,23324,0,0,1,agree
Bank,23332,0,0,1,agree
Bank,23334,0,0,1,agree
Bank,23336,0,0,1,agree
Bank,23342,0,0,1,agree
Bank,23345,0,0,1,agree
Bank,23346,0,0,1,agree
Bank,23348,0,0,1,agree
Bank,23353,0,0,1,agree
Bank,23359,0,0,1,agree
Bank,23365,0,0,1,agree
Bank,23371,0,0,1,agree
Bank,23375,0,0,1,agree
Bank,23380,0,0,1,agree
Bank,23381,0,0,1,agree
Bank,23382,0,0,1,agree
Bank,23383,0,0,1,agree
Bank,23385,0,0,1,agree
Bank,23388,0,0,1,agree
Bank,23390,0,0,1,agree
Bank,23397,0,0,1,agree
Bank,23399,0,0,1,agree
Bank,23403,0,0,1,agree
Bank,23406,0,0,1,agree
Bank,23407,0,0,1,agree
Bank,23409,0,0,1,agree
Bank,23419,0,0,1,agree
Bank,23421,0,0,1,agree
Bank,23425,0,0,1,agree
Bank,23430,0,0,1,agree
Bank,23443,0,0,1,agree
Bank,23445,0,0,1,agree
Bank,23446,0,0,1,agree
Bank,23448,0,0,1,agree
Bank,23462,0,0,1,agree
Bank,23467,0,0,1,agree
Bank,23468,0,0,1,agree
Bank,23470,0,0,1,agree
Bank,23471,0,0,1,agree
Bank,23472,0,0,1,agree
Bank,23476,0,0,1,agree
Bank,23479,0,0,1,agree
Bank,23486,0,0,1,agree
Bank,23488,0,0,1,agree
Bank,23493,0,0,1,agree
Bank,23494,0,0,1,agree
Bank,23495,0,0,1,agree
Bank,23498,0,0,1,agree
Bank,23510,0,0,1,agree
Bank,23511,0,0,1,agree
Bank,23512,0,0,1,agree
Bank,23514,0,0,1,agree
Bank,23521,0,0,1,agree
Bank,23524,0,0,1,agree
Bank,23527,0,0,1,agree
Bank,23529,0,0,1,agree
Bank,23534,0,0,1,agree
Bank,23536,0,0,1,agree
Bank,23547,0,0,1,agree
Bank,23548,0,0,1,agree
Bank,23553,0,0,1,agree
Bank,23563,0,0,1,agree
Bank,23566,0,0,1,agree
Bank,23575,0,0,1,agree
Bank,23577,0,0,1,agree
Bank,23579,0,0,1,agree
Bank,23585,0,0,1,agree
Bank,23589,0,0,1,agree
Bank,23594,0,0,1,agree
Bank,23596,0,0,1,agree
Bank,23605,0,0,1,agree
Bank,23611,0,0,1,agree
Bank,23613,0,0,1,agree
Bank,23618,0,0,1,agree
Bank,23619,0,0,1,agree
Bank,23621,0,0,1,agree
Bank,23623,0,0,1,agree
Bank,23633,0,0,1,agree
Bank,23635,0,0,1,agree
Bank,23636,0,0,1,agree
Bank,23637,0,0,1,agree
Bank,23638,0,0,1,agree
Bank,23639,0,0,1,agree
Bank,23643,0,0,1,agree
Bank,23645,0,0,1,agree
Bank,23646,0,0,1,agree
Bank,23654,0,0,1,agree
Bank,23669,0,0,1,agree
Bank,23670,0,0,1,agree
Bank,23682,0,0,1,agree
Bank,23683,0,0,1,agree
Bank,23688,0,0,1,agree
Bank,23692,0,0,1,agree
Bank,23694,0,0,1,agree
Bank,23697,0,0,1,agree
Bank,23702,0,0,1,agree
Bank,23704,0,0,1,agree
Bank,23705,0,0,1,agree
Bank,23712,0,0,1,agree
Bank,23717,0,0,1,agree
Bank,23721,0,0,1,agree
Bank,23722,0,0,1,agree
Bank,23728,0,0,1,agree
Bank,23729,0,0,1,agree
Bank,23730,0,0,1,agree
Bank,23731,0,0,1,agree
Bank,23735,0,0,1,agree
Bank,23737,0,0,1,agree
Bank,23741,0,0,1,agree
Bank,23752,0,0,1,agree
Bank,23773,0,0,1,agree
Bank,23780,0,0,1,agree
Bank,23783,0,0,1,agree
Bank,23794,0,0,1,agree
Bank,23800,0,0,1,agree
Bank,23803,0,0,1,agree
Bank,23804,0,0,1,agree
Bank,23807,0,0,1,agree
Bank,23813,0,0,1,agree
Bank,23816,0,0,1,agree
Bank,23822,0,0,1,agree
Bank,23833,0,0,1,agree
Bank,23834,0,0,1,agree
Bank,23843,0,0,1,agree
Bank,23848,0,0,1,agree
Bank,23855,0,0,1,agree
Bank,23856,0,0,1,agree
Bank,23857,0,0,1,agree
Bank,23859,0,0,1,agree
Bank,23863,0,0,1,agree
Bank,23867,0,0,1,agree
Bank,23868,0,0,1,agree
Bank,23869,0,0,1,agree
Bank,23873,0,0,1,agree
Bank,23874,0,0,1,agree
Bank,23880,0,0,1,agree
Bank,23884,0,0,1,agree
Bank,23885,0,0,1,agree
Bank,23886,0,0,1,agree
Bank,23887,0,0,1,agree
Bank,23893,0,0,1,agree
Bank,23894,0,0,1,agree
Bank,23896,0,0,1,agree
Bank,23902,0,0,1,agree
Bank,23905,0,0,1,agree
Bank,23908,0,0,1,agree
Bank,23916,0,0,1,agree
Bank,23917,0,0,1,agree
Bank,23918,0,0,1,agree
Bank,23924,0,0,1,agree
Bank,23925,0,0,1,agree
Bank,23928,0,0,1,agree
Bank,23930,0,0,1,agree
Bank,23931,0,0,1,agree
Bank,23935,0,0,1,agree
Bank,23942,0,0,1,agree
Bank,23949,0,0,1,agree
Bank,23953,0,0,1,agree
Bank,23954,0,0,1,agree
Bank,23956,0,0,1,agree
Bank,23959,0,0,1,agree
Bank,23961,0,0,1,agree
Bank,23964,0,0,1,agree
Bank,23966,0,0,1,agree
Bank,23970,0,0,1,agree
Bank,23972,0,0,1,agree
Bank,23974,0,0,1,agree
Bank,23976,0,0,1,agree
Bank,23977,0,0,1,agree
Bank,23978,0,0,1,agree
Bank,23979,0,0,1,agree
Bank,23983,0,0,1,agree
Bank,23984,0,0,1,agree
Bank,23985,0,0,1,agree
Bank,23986,0,0,1,agree
Bank,23995,0,0,1,agree
Bank,24007,0,0,1,agree
Bank,24012,0,0,1,agree
Bank,24014,0,0,1,agree
Bank,24017,0,0,1,agree
Bank,24018,0,0,1,agree
Bank,24034,0,0,1,agree
Bank,24035,0,0,1,agree
Bank,24039,0,0,1,agree
Bank,24043,0,0,1,agree
Bank,24046,0,0,1,agree
Bank,24047,0,0,1,agree
Bank,24048,0,0,1,agree
Bank,24050,0,0,1,agree
Bank,24053,0,0,1,agree
Bank,24054,0,0,1,agree
Bank,24055,0,0,1,agree
Bank,24060,0,0,1,agree
Bank,24063,0,0,1,agree
Bank,24075,0,0,1,agree
Bank,24077,0,0,1,agree
Bank,24082,0,0,1,agree
Bank,24084,0,0,1,agree
Bank,24086,0,0,1,agree
Bank,24097,0,0,1,agree
Bank,24098,0,0,1,agree
Bank,24100,0,0,1,agree
Bank,24102,0,0,1,agree
Bank,24109,0,0,1,agree
Bank,24118,0,0,1,agree
Bank,24120,0,0,1,agree
Bank,24126,0,0,1,agree
Bank,24132,0,0,1,agree
Bank,24136,0,0,1,agree
Bank,24142,0,0,1,agree
Bank,24161,0,0,1,agree
Bank,24164,0,0,1,agree
Bank,24166,0,0,1,agree
Bank,24167,0,0,1,agree
Bank,24168,0,0,1,agree
Bank,24170,0,0,1,agree
Bank,24171,0,0,1,agree
Bank,24180,0,0,1,agree
Bank,24183,0,0,1,agree
Bank,24186,0,0,1,agree
Bank,24189,0,0,1,agree
Bank,24190,0,0,1,agree
Bank,24193,0,0,1,agree
Bank,24195,0,0,1,agree
Bank,24198,0,0,1,agree
Bank,24200,0,0,1,agree
Bank,24204,0,0,1,agree
Bank,24205,0,0,1,agree
Bank,24207,0,0,1,agree
Bank,24209,0,0,1,agree
Bank,24216,0,0,1,agree
Bank,24220,0,0,1,agree
Bank,24227,0,0,1,agree
Bank,24231,0,0,1,agree
Bank,24233,0,0,1,agree
Bank,24238,0,0,1,agree
Bank,24240,0,0,1,agree
Bank,24241,0,0,1,agree
Bank,24245,0,0,1,agree
Bank,24253,0,0,1,agree
Bank,24255,0,0,1,agree
Bank,24258,0,0,1,agree
Bank,24265,1,1,0,agree
Bank,24267,0,0,1,agree
Bank,24273,0,0,1,agree
Bank,24279,0,0,1,agree
Bank,24281,0,0,1,agree
Bank,24285,0,0,1,agree
Bank,24291,0,0,1,agree
Bank,24292,0,0,1,agree
Bank,24311,0,0,1,agree
Bank,24315,0,0,1,agree
Bank,24323,0,0,1,agree
Bank,24324,0,0,1,agree
Bank,24325,0,0,1,agree
Bank,24328,0,0,1,agree
Bank,24329,0,0,1,agree
Bank,24332,0,0,1,agree
Bank,24334,0,0,1,agree
Bank,24336,0,0,1,agree
Bank,24341,0,0,1,agree
Bank,24344,0,0,1,agree
Bank,24345,0,0,1,agree
Bank,24347,0,0,1,agree
Bank,24364,0,0,1,agree
Bank,24372,0,0,1,agree
Bank,24375,0,0,1,agree
Bank,24382,0,0,1,agree
Bank,24385,0,0,1,agree
Bank,24387,0,0,1,agree
Bank,24389,0,0,1,agree
Bank,24392,0,0,1,agree
Bank,24393,0,0,1,agree
Bank,24394,0,0,1,agree
Bank,24398,0,0,1,agree
Bank,24399,0,0,1,agree
Bank,24400,0,0,1,agree
Bank,24401,0,0,1,agree
Bank,24404,0,0,1,agree
Bank,24405,0,0,1,agree
Bank,24408,0,0,1,agree
Bank,24409,0,0,1,agree
Bank,24411,0,0,1,agree
Bank,24412,0,0,1,agree
Bank,24417,0,0,1,agree
Bank,24418,0,0,1,agree
Bank,24419,0,0,1,agree
Bank,24423,0,0,1,agree
Bank,24427,0,0,1,agree
Bank,24429,0,0,1,agree
Bank,24434,0,0,1,agree
Bank,24435,0,0,1,agree
Bank,24439,0,0,1,agree
Bank,24443,0,0,1,agree
Bank,24447,0,0,1,agree
Bank,24451,0,0,1,agree
Bank,24459,0,0,1,agree
Bank,24466,0,0,1,agree
Bank,24468,0,0,1,agree
Bank,24471,0,0,1,agree
Bank,24476,0,0,1,agree
Bank,24477,0,0,1,agree
Bank,24483,0,0,1,agree
Bank,24491,0,0,1,agree
Bank,24492,0,0,1,agree
Bank,24494,0,0,1,agree
Bank,24495,0,0,1,agree
Bank,24503,0,0,1,agree
Bank,24505,0,0,1,agree
Bank,24506,0,0,1,agree
Bank,24507,1,1,0,agree
Bank,24509,0,0,1,agree
Bank,24515,0,0,1,agree
Bank,24519,0,0,1,agree
Bank,24521,0,0,1,agree
Bank,24523,0,0,1,agree
Bank,24526,0,0,1,agree
Bank,24528,0,0,1,agree
Bank,24529,0,0,1,agree
Bank,24533,0,0,1,agree
Bank,24543,0,0,1,agree
Bank,24549,0,0,1,agree
Bank,24553,0,0,1,agree
Bank,24560,0,0,1,agree
Bank,24561,0,0,1,agree
Bank,24562,0,0,1,agree
Bank,24563,0,0,1,agree
Bank,24565,0,0,1,agree
Bank,24566,0,0,1,agree
Bank,24568,0,0,1,agree
Bank,24578,0,0,1,agree
Bank,24584,0,0,1,agree
Bank,24586,0,0,1,agree
Bank,24590,0,0,1,agree
Bank,24591,0,0,1,agree
Bank,24593,0,0,1,agree
Bank,24598,0,0,1,agree
Bank,24599,0,0,1,agree
Bank,24600,0,0,1,agree
Bank,24608,0,0,1,agree
Bank,24609,0,0,1,agree
Bank,24613,0,0,1,agree
Bank,24621,0,0,1,agree
Bank,24622,0,0,1,agree
Bank,24624,0,0,1,agree
Bank,24629,0,0,1,agree
Bank,24634,0,0,1,agree
Bank,24636,0,0,1,agree
Bank,24637,0,0,1,agree
Bank,24646,0,0,1,agree
Bank,24647,0,0,1,agree
Bank,24648,0,0,1,agree
Bank,24665,0,0,1,agree
Bank,24666,0,0,1,agree
Bank,24670,0,0,1,agree
Bank,24682,0,0,1,agree
Bank,24688,0,0,1,agree
Bank,24690,0,0,1,agree
Bank,24691,0,0,1,agree
Bank,24696,0,0,1,agree
Bank,24706,0,0,1,agree
Bank,24712,0,0,1,agree
Bank,24716,0,0,1,agree
Bank,24719,0,0,1,agree
Bank,24720,0,0,1,agree
Bank,24726,0,0,1,agree
Bank,24729,0,0,1,agree
Bank,24732,0,0,1,agree
Bank,24734,0,0,1,agree
Bank,24738,0,0,1,agree
Bank,24741,0,0,1,agree
Bank,24742,0,0,1,agree
Bank,24746,0,0,1,agree
Bank,24752,0,0,1,agree
Bank,24761,0,0,1,agree
Bank,24773,0,0,1,agree
Bank,24777,0,0,1,agree
Bank,24778,0,0,1,agree
Bank,24782,0,0,1,agree
Bank,24784,0,0,1,agree
Bank,24785,0,0,1,agree
Bank,24786,0,0,1,agree
Bank,24790,0,0,1,agree
Bank,24792,0,0,1,agree
Bank,24798,0,0,1,agree
Bank,24807,0,0,1,agree
Bank,24811,0,0,1,agree
Bank,24816,0,0,1,agree
Bank,24819,0,0,1,agree
Bank,24820,0,0,1,agree
Bank,24830,0,0,1,agree
Bank,24832,0,0,1,agree
Bank,24833,0,0,1,agree
Bank,24843,0,0,1,agree
Bank,24847,0,0,1,agree
Bank,24851,0,0,1,agree
Bank,24855,0,0,1,agree
Bank,24868,0,0,1,agree
Bank,24873,0,0,1,agree
Bank,24893,0,0,1,agree
Bank,24894,0,0,1,agree
Bank,24906,0,0,1,agree
Bank,24909,0,0,1,agree
Bank,24913,0,0,1,agree
Bank,24917,0,0,1,agree
Bank,24932,0,0,1,agree
Bank,24934,0,0,1,agree
Bank,24937,0,0,1,agree
Bank,24945,0,0,1,agree
Bank,24946,0,0,1,agree
Bank,24949,0,0,1,agree
Bank,24951,0,0,1,agree
Bank,24952,0,0,1,agree
Bank,24959,0,0,1,agree
Bank,24963,0,0,1,agree
Bank,24968,0,0,1,agree
Bank,24969,0,0,1,agree
Bank,24971,0,0,1,agree
Bank,24974,0,0,1,agree
Bank,24981,0,0,1,agree
Bank,24989,0,0,1,agree
Bank,25002,0,0,1,agree
Bank,25006,0,0,1,agree
Bank,25010,0,0,1,agree
Bank,25011,0,0,1,agree
Bank,25014,0,0,1,agree
Bank,25015,0,0,1,agree
Bank,25016,0,0,1,agree
Bank,25019,0,0,1,agree
Bank,25020,0,0,1,agree
Bank,25023,0,0,1,agree
Bank,25036,0,0,1,agree
Bank,25039,0,0,1,agree
Bank,25042,0,0,1,agree
Bank,25044,0,0,1,agree
Bank,25046,0,0,1,agree
Bank,25048,0,0,1,agree
Bank,25056,0,0,1,agree
Bank,25060,0,0,1,agree
Bank,25067,0,0,1,agree
Bank,25070,0,0,1,agree
Bank,25080,0,0,1,agree
Bank,25086,0,0,1,agree
Bank,25098,0,0,1,agree
Bank,25101,0,0,1,agree
Bank,25104,0,0,1,agree
Bank,25106,0,0,1,agree
Bank,25115,0,0,1,agree
Bank,25119,1,1,0,agree
Bank,25123,0,0,1,agree
Bank,25131,0,0,1,agree
Bank,25132,0,0,1,agree
Bank,25137,0,0,1,agree
Bank,25139,0,0,1,agree
Bank,25151,0,0,1,agree
Bank,25157,0,0,1,agree
Bank,25169,0,0,1,agree
Bank,25170,0,0,1,agree
Bank,25172,0,0,1,agree
Bank,25173,0,0,1,agree
Bank,25175,0,0,1,agree
Bank,25178,0,0,1,agree
Bank,25182,0,0,1,agree
Bank,25185,0,0,1,agree
Bank,25188,0,0,1,agree
Bank,25189,0,0,1,agree
Bank,25193,0,0,1,agree
Bank,25195,0,0,1,agree
Bank,25197,0,0,1,agree
Bank,25200,0,0,1,agree
Bank,25212,0,0,1,agree
Bank,25214,0,0,1,agree
Bank,25217,0,0,1,agree
Bank,25218,0,0,1,agree
Bank,25221,0,0,1,agree
Bank,25229,0,0,1,agree
Bank,25230,0,0,1,agree
Bank,25240,0,0,1,agree
Bank,25245,0,0,1,agree
Bank,25246,0,0,1,agree
Bank,25252,0,0,1,agree
Bank,25254,0,0,1,agree
Bank,25256,0,0,1,agree
Bank,25258,0,0,1,agree
Bank,25263,0,0,1,agree
Bank,25267,0,0,1,agree
Bank,25271,0,0,1,agree
Bank,25280,0,0,1,agree
Bank,25281,0,0,1,agree
Bank,25292,0,0,1,agree
Bank,25293,0,0,1,agree
Bank,25296,0,0,1,agree
Bank,25299,0,0,1,agree
Bank,25305,0,0,1,agree
Bank,25309,0,0,1,agree
Bank,25316,0,0,1,agree
Bank,25321,0,0,1,agree
Bank,25326,0,0,1,agree
Bank,25331,0,0,1,agree
Bank,25333,0,0,1,agree
Bank,25337,0,0,1,agree
Bank,25350,0,0,1,agree
Bank,25361,0,0,1,agree
Bank,25362,0,0,1,agree
Bank,25364,0,0,1,agree
Bank,25368,0,0,1,agree
Bank,25369,0,0,1,agree
Bank,25375,0,0,1,agree
Bank,25376,0,0,1,agree
Bank,25378,0,0,1,agree
Bank,25379,0,0,1,agree
Bank,25381,0,0,1,agree
Bank,25384,0,0,1,agree
Bank,25387,0,0,1,agree
Bank,25388,0,0,1,agree
Bank,25397,0,0,1,agree
Bank,25398,0,0,1,agree
Bank,25403,0,0,1,agree
Bank,25417,0,0,1,agree
Bank,25425,0,0,1,agree
Bank,25429,0,0,1,agree
Bank,25430,0,0,1,agree
Bank,25435,0,0,1,agree
Bank,25450,0,0,1,agree
Bank,25460,0,0,1,agree
Bank,25464,0,0,1,agree
Bank,25479,1,1,0,agree
Bank,25482,0,0,1,agree
Bank,25491,0,0,1,agree
Bank,25504,0,0,1,agree
Bank,25509,0,0,1,agree
Bank,25516,0,0,1,agree
Bank,25520,0,0,1,agree
Bank,25531,0,0,1,agree
Bank,25536,0,0,1,agree
Bank,25539,0,0,1,agree
Bank,25541,0,0,1,agree
Bank,25543,0,0,1,agree
Bank,25555,0,0,1,agree
Bank,25557,0,0,1,agree
Bank,25559,0,0,1,agree
Bank,25561,0,0,1,agree
Bank,25563,0,0,1,agree
Bank,25564,0,0,1,agree
Bank,25566,0,0,1,agree
Bank,25571,0,0,1,agree
Bank,25572,0,0,1,agree
Bank,25574,0,0,1,agree
Bank,25586,0,0,1,agree
Bank,25590,0,0,1,agree
Bank,25591,0,0,1,agree
Bank,25594,0,0,1,agree
Bank,25603,0,0,1,agree
Bank,25604,0,0,1,agree
Bank,25608,0,0,1,agree
Bank,25609,0,0,1,agree
Bank,25614,0,0,1,agree
Bank,25622,0,0,1,agree
Bank,25628,0,0,1,agree
Bank,25630,0,0,1,agree
Bank,25633,0,0,1,agree
Bank,25643,0,0,1,agree
Bank,25648,0,0,1,agree
Bank,25650,0,0,1,agree
Bank,25654,0,0,1,agree
Bank,25668,0,0,1,agree
Bank,25669,0,0,1,agree
Bank,25670,0,0,1,agree
Bank,25673,0,0,1,agree
Bank,25674,0,0,1,agree
Bank,25677,0,0,1,agree
Bank,25679,0,0,1,agree
Bank,25681,0,0,1,agree
Bank,25683,0,0,1,agree
Bank,25685,0,0,1,agree
Bank,25686,0,0,1,agree
Bank,25698,0,0,1,agree
Bank,25700,0,0,1,agree
Bank,25708,0,0,1,agree
Bank,25709,0,0,1,agree
Bank,25713,0,0,1,agree
Bank,25718,0,0,1,agree
Bank,25721,0,0,1,agree
Bank,25723,0,0,1,agree
Bank,25726,0,0,1,agree
Bank,25731,0,0,1,agree
Bank,25732,0,0,1,agree
Bank,25733,0,0,1,agree
Bank,25734,0,0,1,agree
Bank,25736,0,0,1,agree
Bank,25737,0,0,1,agree
Bank,25741,0,0,1,agree
Bank,25759,0,0,1,agree
Bank,25762,0,0,1,agree
Bank,25763,0,0,1,agree
Bank,25766,0,0,1,agree
Bank,25771,0,0,1,agree
Bank,25775,0,0,1,agree
Bank,25776,0,0,1,agree
Bank,25784,0,0,1,agree
Bank,25789,0,0,1,agree
Bank,25791,0,0,1,agree
Bank,25793,0,0,1,agree
Bank,25794,0,0,1,agree
Bank,25796,0,0,1,agree
Bank,25798,0,0,1,agree
Bank,25801,0,0,1,agree
Bank,25803,0,0,1,agree
Bank,25805,0,0,1,agree
Bank,25807,0,0,1,agree
Bank,25809,0,0,1,agree
Bank,25815,0,0,1,agree
Bank,25817,0,0,1,agree
Bank,25819,0,0,1,agree
Bank,25820,0,0,1,agree
Bank,25821,0,0,1,agree
Bank,25825,0,0,1,agree
Bank,25826,0,0,1,agree
Bank,25829,0,0,1,agree
Bank,25836,0,0,1,agree
Bank,25839,0,0,1,agree
Bank,25841,0,0,1,agree
Bank,25842,0,0,1,agree
Bank,25847,0,0,1,agree
Bank,25848,0,0,1,agree
Bank,25850,0,0,1,agree
Bank,25851,0,0,1,agree
Bank,25858,0,0,1,agree
Bank,25867,0,0,1,agree
Bank,25868,0,0,1,agree
Bank,25887,0,0,1,agree
Bank,25892,0,0,1,agree
Bank,25898,0,0,1,agree
Bank,25900,0,0,1,agree
Bank,25907,0,0,1,agree
Bank,25914,0,0,1,agree
Bank,25917,0,0,1,agree
Bank,25922,0,0,1,agree
Bank,25931,0,0,1,agree
Bank,25932,0,0,1,agree
Bank,25934,0,0,1,agree
Bank,25939,0,0,1,agree
Bank,25940,0,0,1,agree
Bank,25946,0,0,1,agree
Bank,25947,0,0,1,agree
Bank,25948,0,0,1,agree
Bank,25949,0,0,1,agree
Bank,25952,0,0,1,agree
Bank,25955,0,0,1,agree
Bank,25956,0,0,1,agree
Bank,25958,0,0,1,agree
Bank,25967,0,0,1,agree
Bank,25968,0,0,1,agree
Bank,25969,0,0,1,agree
Bank,25974,0,0,1,agree
Bank,25975,0,0,1,agree
Bank,25982,0,0,1,agree
Bank,25991,0,0,1,agree
Bank,25992,0,0,1,agree
Bank,26000,0,0,1,agree
Bank,26007,1,1,0,agree
Bank,26014,0,0,1,agree
Bank,26022,0,0,1,agree
Bank,26023,0,0,1,agree
Bank,26028,0,0,1,agree
Bank,26031,0,0,1,agree
Bank,26032,0,0,1,agree
Bank,26033,0,0,1,agree
Bank,26037,0,0,1,agree
Bank,26050,0,0,1,agree
Bank,26053,0,0,1,agree
Bank,26055,0,0,1,agree
Bank,26057,0,0,1,agree
Bank,26058,0,0,1,agree
Bank,26061,0,0,1,agree
Bank,26064,0,0,1,agree
Bank,26068,0,0,1,agree
Bank,26070,1,1,0,agree
Bank,26074,0,0,1,agree
Bank,26076,0,0,1,agree
Bank,26079,0,0,1,agree
Bank,26097,0,0,1,agree
Bank,26109,0,0,1,agree
Bank,26114,0,0,1,agree
Bank,26116,0,0,1,agree
Bank,26117,0,0,1,agree
Bank,26118,0,0,1,agree
Bank,26121,0,0,1,agree
Bank,26133,0,0,1,agree
Bank,26143,0,0,1,agree
Bank,26145,0,0,1,agree
Bank,26148,0,0,1,agree
Bank,26153,1,1,0,agree
Bank,26156,0,0,1,agree
Bank,26168,0,0,1,agree
Bank,26169,0,0,1,agree
Bank,26170,0,0,1,agree
Bank,26181,0,0,1,agree
Bank,26195,0,0,1,agree
Bank,26198,0,0,1,agree
Bank,26200,0,0,1,agree
Bank,26209,0,0,1,agree
Bank,26212,0,0,1,agree
Bank,26213,0,0,1,agree
Bank,26215,0,0,1,agree
Bank,26216,0,0,1,agree
Bank,26217,0,0,1,agree
Bank,26220,0,0,1,agree
Bank,26221,0,0,1,agree
Bank,26223,0,0,1,agree
Bank,26247,0,0,1,agree
Bank,26251,0,0,1,agree
Bank,26252,0,0,1,agree
Bank,26258,0,0,1,agree
Bank,26261,0,0,1,agree
Bank,26266,0,0,1,agree
Bank,26267,0,0,1,agree
Bank,26280,0,0,1,agree
Bank,26281,0,0,1,agree
Bank,26288,0,0,1,agree
Bank,26304,0,0,1,agree
Bank,26318,0,0,1,agree
Bank,26327,0,0,1,agree
Bank,26333,0,0,1,agree
Bank,26335,0,0,1,agree
Bank,26337,0,0,1,agree
Bank,26342,0,0,1,agree
Bank,26343,0,0,1,agree
Bank,26344,0,0,1,agree
Bank,26345,0,0,1,agree
Bank,26356,0,0,1,agree
Bank,26357,0,0,1,agree
Bank,26361,0,0,1,agree
Bank,26362,0,0,1,agree
Bank,26365,0,0,1,agree
Bank,26367,0,0,1,agree
Bank,26368,0,0,1,agree
Bank,26370,0,0,1,agree
Bank,26374,0,0,1,agree
Bank,26377,0,0,1,agree
Bank,26378,0,0,1,agree
Bank,26380,0,0,1,agree
Bank,26389,0,0,1,agree
Bank,26393,0,0,1,agree
Bank,26398,0,0,1,agree
Bank,26400,0,0,1,agree
Bank,26403,0,0,1,agree
Bank,26409,0,0,1,agree
Bank,26410,0,0,1,agree
Bank,26415,0,0,1,agree
Bank,26416,0,0,1,agree
Bank,26418,0,0,1,agree
Bank,26419,0,0,1,agree
Bank,26420,0,0,1,agree
Bank,26422,0,0,1,agree
Bank,26424,0,0,1,agree
Bank,26429,0,0,1,agree
Bank,26431,0,0,1,agree
Bank,26434,0,0,1,agree
Bank,26445,0,0,1,agree
Bank,26450,0,0,1,agree
Bank,26452,0,0,1,agree
Bank,26453,0,0,1,agree
Bank,26455,0,0,1,agree
Bank,26458,0,0,1,agree
Bank,26461,0,0,1,agree
Bank,26466,0,0,1,agree
Bank,26467,0,0,1,agree
Bank,26476,0,0,1,agree
Bank,26477,0,0,1,agree
Bank,26478,0,0,1,agree
Bank,26479,0,0,1,agree
Bank,26486,0,0,1,agree
Bank,26488,0,0,1,agree
Bank,26489,0,0,1,agree
Bank,26490,0,0,1,agree
Bank,26494,0,0,1,agree
Bank,26495,0,0,1,agree
Bank,26496,0,0,1,agree
Bank,26500,0,0,1,agree
Bank,26502,0,0,1,agree
Bank,26507,0,0,1,agree
Bank,26515,0,0,1,agree
Bank,26517,0,0,1,agree
Bank,26519,0,0,1,agree
Bank,26522,0,0,1,agree
Bank,26531,0,0,1,agree
Bank,26535,0,0,1,agree
Bank,26538,0,0,1,agree
Bank,26544,0,0,1,agree
Bank,26546,0,0,1,agree
Bank,26549,0,0,1,agree
Bank,26553,0,0,1,agree
Bank,26557,0,0,1,agree
Bank,26565,0,0,1,agree
Bank,26576,0,0,1,agree
Bank,26581,0,0,1,agree
Bank,26595,0,0,1,agree
Bank,26597,0,0,1,agree
Bank,26604,0,0,1,agree
Bank,26607,0,0,1,agree
Bank,26612,0,0,1,agree
Bank,26613,0,0,1,agree
Bank,26617,0,0,1,agree
Bank,26618,0,0,1,agree
Bank,26625,0,0,1,agree
Bank,26627,0,0,1,agree
Bank,26634,0,0,1,agree
Bank,26642,0,0,1,agree
Bank,26644,0,0,1,agree
Bank,26645,0,0,1,agree
Bank,26661,0,0,1,agree
Bank,26663,0,0,1,agree
Bank,26679,0,0,1,agree
Bank,26681,0,0,1,agree
Bank,26682,0,0,1,agree
Bank,26683,0,0,1,agree
Bank,26688,0,0,1,agree
Bank,26697,0,0,1,agree
Bank,26699,0,0,1,agree
Bank,26706,0,0,1,agree
Bank,26707,0,0,1,agree
Bank,26722,0,0,1,agree
Bank,26724,0,0,1,agree
Bank,26725,0,0,1,agree
Bank,26726,0,0,1,agree
Bank,26729,0,0,1,agree
Bank,26730,0,0,1,agree
Bank,26733,0,0,1,agree
Bank,26734,0,0,1,agree
Bank,26737,0,0,1,agree
Bank,26739,0,0,1,agree
Bank,26742,0,0,1,agree
Bank,26744,0,0,1,agree
Bank,26749,0,0,1,agree
Bank,26762,0,0,1,agree
Bank,26771,0,0,1,agree
Bank,26773,0,0,1,agree
Bank,26774,0,0,1,agree
Bank,26775,0,0,1,agree
Bank,26777,0,0,1,agree
Bank,26780,0,0,1,agree
Bank,26784,0,0,1,agree
Bank,26787,0,0,1,agree
Bank,26788,0,0,1,agree
Bank,26796,0,0,1,agree
Bank,26797,0,0,1,agree
Bank,26799,0,0,1,agree
Bank,26805,0,0,1,agree
Bank,26806,0,0,1,agree
Bank,26807,0,0,1,agree
Bank,26809,0,0,1,agree
Bank,26813,0,0,1,agree
Bank,26815,0,0,1,agree
Bank,26818,0,0,1,agree
Bank,26823,0,0,1,agree
Bank,26824,0,0,1,agree
Bank,26827,0,0,1,agree
Bank,26828,0,0,1,agree
Bank,26829,0,0,1,agree
Bank,26830,0,0,1,agree
Bank,26832,0,0,1,agree
Bank,26852,0,0,1,agree
Bank,26856,0,0,1,agree
Bank,26862,0,0,1,agree
Bank,26865,0,0,1,agree
Bank,26866,1,1,0,agree
Bank,26871,0,0,1,agree
Bank,26878,0,0,1,agree
Bank,26879,0,0,1,agree
Bank,26883,0,0,1,agree
Bank,26888,0,0,1,agree
Bank,26890,0,0,1,agree
Bank,26896,0,0,1,agree
Bank,26897,0,0,1,agree
Bank,26898,0,0,1,agree
Bank,26899,0,0,1,agree
Bank,26902,0,0,1,agree
Bank,26916,0,0,1,agree
Bank,26928,0,0,1,agree
Bank,26938,0,0,1,agree
Bank,26941,0,0,1,agree
Bank,26943,0,0,1,agree
Bank,26946,0,0,1,agree
Bank,26949,0,0,1,agree
Bank,26961,0,0,1,agree
Bank,26977,0,0,1,agree
Bank,26981,0,0,1,agree
Bank,26988,0,0,1,agree
Bank,26993,0,0,1,agree
Bank,26994,0,0,1,agree
Bank,26998,0,0,1,agree
Bank,27000,0,0,1,agree
Bank,27004,0,0,1,agree
Bank,27010,0,0,1,agree
Bank,27014,0,0,1,agree
Bank,27017,0,0,1,agree
Bank,27018,0,0,1,agree
Bank,27020,0,0,1,agree
Bank,27022,0,0,1,agree
Bank,27026,0,0,1,agree
Bank,27032,0,0,1,agree
Bank,27034,0,0,1,agree
Bank,27037,0,0,1,agree
Bank,27040,0,0,1,agree
Bank,27041,0,0,1,agree
Bank,27042,0,0,1,agree
Bank,27044,0,0,1,agree
Bank,27045,0,0,1,agree
Bank,27052,0,0,1,agree
Bank,27053,0,0,1,agree
Bank,27054,0,0,1,agree
Bank,27062,0,0,1,agree
Bank,27068,0,0,1,agree
Bank,27073,0,0,1,agree
Bank,27087,0,0,1,agree
Bank,27096,0,0,1,agree
Bank,27101,0,0,1,agree
Bank,27102,0,0,1,agree
Bank,27107,0,0,1,agree
Bank,27110,0,0,1,agree
Bank,27111,0,0,1,agree
Bank,27118,0,0,1,agree
Bank,27123,0,0,1,agree
Bank,27124,0,0,1,agree
Bank,27128,0,0,1,agree
Bank,27132,0,0,1,agree
Bank,27133,0,0,1,agree
Bank,27135,0,0,1,agree
Bank,27136,0,0,1,agree
Bank,27138,0,0,1,agree
Bank,27144,0,0,1,agree
Bank,27147,0,0,1,agree
Bank,27149,0,0,1,agree
Bank,27152,0,0,1,agree
Bank,27156,0,0,1,agree
Bank,27166,0,0,1,agree
Bank,27171,0,0,1,agree
Bank,27174,0,0,1,agree
Bank,27177,0,0,1,agree
Bank,27178,0,0,1,agree
Bank,27179,0,0,1,agree
Bank,27183,0,0,1,agree
Bank,27185,0,0,1,agree
Bank,27191,0,0,1,agree
Bank,27192,0,0,1,agree
Bank,27197,0,0,1,agree
Bank,27200,0,0,1,agree
Bank,27208,0,0,1,agree
Bank,27210,0,0,1,agree
Bank,27211,0,0,1,agree
Bank,27221,0,0,1,agree
Bank,27222,0,0,1,agree
Bank,27227,0,0,1,agree
Bank,27230,0,0,1,agree
Bank,27231,0,0,1,agree
Bank,27237,0,0,1,agree
Bank,27238,0,0,1,agree
Bank,27241,0,0,1,agree
Bank,27242,0,0,1,agree
Bank,27243,0,0,1,agree
Bank,27246,0,0,1,agree
Bank,27249,0,0,1,agree
Bank,27256,0,0,1,agree
Bank,27262,0,0,1,agree
Bank,27265,0,0,1,agree
Bank,27267,0,0,1,agree
Bank,27270,0,0,1,agree
Bank,27273,0,0,1,agree
Bank,27274,0,0,1,agree
Bank,27275,0,0,1,agree
Bank,27282,0,0,1,agree
Bank,27284,0,0,1,agree
Bank,27290,0,0,1,agree
Bank,27298,0,0,1,agree
Bank,27300,0,0,1,agree
Bank,27307,0,0,1,agree
Bank,27310,0,0,1,agree
Bank,27314,0,0,1,agree
Bank,27320,0,0,1,agree
Bank,27322,0,0,1,agree
Bank,27334,0,0,1,agree
Bank,27340,0,0,1,agree
Bank,27341,0,0,1,agree
Bank,27343,0,0,1,agree
Bank,27344,0,0,1,agree
Bank,27350,0,0,1,agree
Bank,27363,0,0,1,agree
Bank,27367,0,0,1,agree
Bank,27369,0,0,1,agree
Bank,27375,0,0,1,agree
Bank,27381,0,0,1,agree
Bank,27384,0,0,1,agree
Bank,27389,0,0,1,agree
Bank,27393,0,0,1,agree
Bank,27399,0,0,1,agree
Bank,27405,0,0,1,agree
Bank,27408,0,0,1,agree
Bank,27410,0,0,1,agree
Bank,27411,0,0,1,agree
Bank,27412,0,0,1,agree
Bank,27414,0,0,1,agree
Bank,27415,0,0,1,agree
Bank,27416,0,0,1,agree
Bank,27425,0,0,1,agree
Bank,27429,0,0,1,agree
Bank,27432,0,0,1,agree
Bank,27435,0,0,1,agree
Bank,27439,0,0,1,agree
Bank,27443,0,0,1,agree
Bank,27444,0,0,1,agree
Bank,27448,0,0,1,agree
Bank,27457,0,0,1,agree
Bank,27458,0,0,1,agree
Bank,27462,0,0,1,agree
Bank,27464,0,0,1,agree
Bank,27468,0,0,1,agree
Bank,27470,0,0,1,agree
Bank,27473,0,0,1,agree
Bank,27475,0,0,1,agree
Bank,27478,0,0,1,agree
Bank,27487,0,0,1,agree
Bank,27491,0,0,1,agree
Bank,27495,0,0,1,agree
Bank,27496,0,0,1,agree
Bank,27504,0,0,1,agree
Bank,27506,0,0,1,agree
Bank,27516,0,0,1,agree
Bank,27517,0,0,1,agree
Bank,27520,0,0,1,agree
Bank,27524,0,0,1,agree
Bank,27527,0,0,1,agree
Bank,27532,0,0,1,agree
Bank,27533,0,0,1,agree
Bank,27540,0,0,1,agree
Bank,27541,0,0,1,agree
Bank,27554,0,0,1,agree
Bank,27559,0,0,1,agree
Bank,27562,0,0,1,agree
Bank,27567,0,0,1,agree
Bank,27569,0,0,1,agree
Bank,27570,0,0,1,agree
Bank,27582,0,0,1,agree
Bank,27592,0,0,1,agree
Bank,27594,0,0,1,agree
Bank,27603,0,0,1,agree
Bank,27609,0,0,1,agree
Bank,27610,0,0,1,agree
Bank,27614,0,0,1,agree
Bank,27616,0,0,1,agree
Bank,27619,0,0,1,agree
Bank,27621,0,0,1,agree
Bank,27623,0,0,1,agree
Bank,27626,0,0,1,agree
Bank,27630,0,0,1,agree
Bank,27634,0,0,1,agree
Bank,27636,0,0,1,agree
Bank,27639,0,0,1,agree
Bank,27645,0,0,1,agree
Bank,27648,0,0,1,agree
Bank,27651,0,0,1,agree
Bank,27654,0,0,1,agree
Bank,27656,0,0,1,agree
Bank,27664,0,0,1,agree
Bank,27668,0,0,1,agree
Bank,27670,0,0,1,agree
Bank,27672,0,0,1,agree
Bank,27673,0,0,1,agree
Bank,27678,0,0,1,agree
Bank,27681,0,0,1,agree
Bank,27683,0,0,1,agree
Bank,27692,0,0,1,agree
Bank,27695,0,0,1,agree
Bank,27700,0,0,1,agree
Bank,27702,0,0,1,agree
Bank,27708,0,0,1,agree
Bank,27711,0,0,1,agree
Bank,27712,0,0,1,agree
Bank,27714,0,0,1,agree
Bank,27718,0,0,1,agree
Bank,27720,0,0,1,agree
Bank,27723,0,0,1,agree
Bank,27724,0,0,1,agree
Bank,27725,0,0,1,agree
Bank,27726,0,0,1,agree
Bank,27728,0,0,1,agree
Bank,27732,0,0,1,agree
Bank,27734,0,0,1,agree
Bank,27751,0,0,1,agree
Bank,27759,0,0,1,agree
Bank,27766,0,0,1,agree
Bank,27767,0,0,1,agree
Bank,27768,0,0,1,agree
Bank,27775,0,0,1,agree
Bank,27778,0,0,1,agree
Bank,27779,0,0,1,agree
Bank,27780,0,0,1,agree
Bank,27781,0,0,1,agree
Bank,27782,0,0,1,agree
Bank,27786,0,0,1,agree
Bank,27789,0,0,1,agree
Bank,27797,0,0,1,agree
Bank,27799,0,0,1,agree
Bank,27802,0,0,1,agree
Bank,27804,0,0,1,agree
Bank,27807,0,0,1,agree
Bank,27812,0,0,1,agree
Bank,27822,0,0,1,agree
Bank,27831,0,0,1,agree
Bank,27833,0,0,1,agree
Bank,27840,0,0,1,agree
Bank,27841,0,0,1,agree
Bank,27842,0,0,1,agree
Bank,27849,0,0,1,agree
Bank,27853,0,0,1,agree
Bank,27859,0,0,1,agree
Bank,27870,0,0,1,agree
Bank,27871,0,0,1,agree
Bank,27877,0,0,1,agree
Bank,27880,0,0,1,agree
Bank,27883,0,0,1,agree
Bank,27885,0,0,1,agree
Bank,27894,0,0,1,agree
Bank,27899,0,0,1,agree
Bank,27902,0,0,1,agree
Bank,27906,0,0,1,agree
Bank,27908,0,0,1,agree
Bank,27910,0,0,1,agree
Bank,27914,0,0,1,agree
Bank,27932,0,0,1,agree
Bank,27938,0,0,1,agree
Bank,27939,0,0,1,agree
Bank,27941,0,0,1,agree
Bank,27952,0,0,1,agree
Bank,27955,0,0,1,agree
Bank,27960,0,0,1,agree
Bank,27961,0,0,1,agree
Bank,27967,0,0,1,agree
Bank,27969,0,0,1,agree
Bank,27972,0,0,1,agree
Bank,27976,0,0,1,agree
Bank,27980,0,0,1,agree
Bank,27986,0,0,1,agree
Bank,27994,0,0,1,agree
Bank,27998,0,0,1,agree
Bank,27999,0,0,1,agree
Bank,28003,0,0,1,agree
Bank,28010,0,0,1,agree
Bank,28012,0,0,1,agree
Bank,28023,0,0,1,agree
Bank,28025,0,0,1,agree
Bank,28036,0,0,1,agree
Bank,28040,0,0,1,agree
Bank,28042,0,0,1,agree
Bank,28047,0,0,1,agree
Bank,28054,0,0,1,agree
Bank,28055,0,0,1,agree
Bank,28060,0,0,1,agree
Bank,28061,0,0,1,agree
Bank,28062,0,0,1,agree
Bank,28065,0,0,1,agree
Bank,28067,0,0,1,agree
Bank,28071,0,0,1,agree
Bank,28072,0,0,1,agree
Bank,28076,0,0,1,agree
Bank,28078,0,0,1,agree
Bank,28079,0,0,1,agree
Bank,28081,0,0,1,agree
Bank,28085,0,0,1,agree
Bank,28088,0,0,1,agree
Bank,28103,0,0,1,agree
Bank,28109,0,0,1,agree
Bank,28114,0,0,1,agree
Bank,28119,0,0,1,agree
Bank,28126,0,0,1,agree
Bank,28132,0,0,1,agree
Bank,28137,0,0,1,agree
Bank,28144,0,0,1,agree
Bank,28149,0,0,1,agree
Bank,28150,0,0,1,agree
Bank,28154,0,0,1,agree
Bank,28156,0,0,1,agree
Bank,28157,0,0,1,agree
Bank,28159,0,0,1,agree
Bank,28160,0,0,1,agree
Bank,28164,0,0,1,agree
Bank,28174,0,0,1,agree
Bank,28185,0,0,1,agree
Bank,28192,0,0,1,agree
Bank,28197,0,0,1,agree
Bank,28209,0,0,1,agree
Bank,28216,0,0,1,agree
Bank,28223,0,0,1,agree
Bank,28228,0,0,1,agree
Bank,28230,0,0,1,agree
Bank,28234,0,0,1,agree
Bank,28237,0,0,1,agree
Bank,28240,0,0,1,agree
Bank,28242,0,0,1,agree
Bank,28248,0,0,1,agree
Bank,28256,0,0,1,agree
Bank,28257,0,0,1,agree
Bank,28264,0,0,1,agree
Bank,28265,0,0,1,agree
Bank,28274,0,0,1,agree
Bank,28283,0,0,1,agree
Bank,28295,0,0,1,agree
Bank,28302,0,0,1,agree
Bank,28303,0,0,1,agree
Bank,28313,0,0,1,agree
Bank,28317,0,0,1,agree
Bank,28318,0,0,1,agree
Bank,28321,0,0,1,agree
Bank,28327,0,0,1,agree
Bank,28329,0,0,1,agree
Bank,28331,0,0,1,agree
Bank,28339,0,0,1,agree
Bank,28341,0,0,1,agree
Bank,28346,0,0,1,agree
Bank,28350,0,0,1,agree
Bank,28352,0,0,1,agree
Bank,28363,0,0,1,agree
Bank,28367,0,0,1,agree
Bank,28382,0,0,1,agree
Bank,28384,0,0,1,agree
Bank,28393,0,0,1,agree
Bank,28399,0,0,1,agree
Bank,28403,0,0,1,agree
Bank,28404,0,0,1,agree
Bank,28405,0,0,1,agree
Bank,28406,0,0,1,agree
Bank,28407,0,0,1,agree
Bank,28408,0,0,1,agree
Bank,28410,0,0,1,agree
Bank,28412,0,0,1,agree
Bank,28413,0,0,1,agree
Bank,28417,0,0,1,agree
Bank,28420,0,0,1,agree
Bank,28425,0,0,1,agree
Bank,28427,0,0,1,agree
Bank,28433,0,0,1,agree
Bank,28440,0,0,1,agree
Bank,28447,0,0,1,agree
Bank,28448,0,0,1,agree
Bank,28451,0,0,1,agree
Bank,28459,0,0,1,agree
Bank,28467,0,0,1,agree
Bank,28472,0,0,1,agree
Bank,28477,0,0,1,agree
Bank,28478,0,0,1,agree
Bank,28483,0,0,1,agree
Bank,28484,0,0,1,agree
Bank,28485,0,0,1,agree
Bank,28493,0,0,1,agree
Bank,28500,0,0,1,agree
Bank,28509,0,0,1,agree
Bank,28513,0,0,1,agree
Bank,28521,0,0,1,agree
Bank,28524,0,0,1,agree
Bank,28525,0,0,1,agree
Bank,28526,0,0,1,agree
Bank,28528,0,0,1,agree
Bank,28531,0,0,1,agree
Bank,28548,0,0,1,agree
Bank,28555,0,0,1,agree
Bank,28557,0,0,1,agree
Bank,28559,0,0,1,agree
Bank,28560,0,0,1,agree
Bank,28570,0,0,1,agree
Bank,28571,0,0,1,agree
Bank,28573,0,0,1,agree
Bank,28574,0,0,1,agree
Bank,28575,0,0,1,agree
Bank,28577,0,0,1,agree
Bank,28583,0,0,1,agree
Bank,28587,0,0,1,agree
Bank,28592,0,0,1,agree
Bank,28600,0,0,1,agree
Bank,28603,0,0,1,agree
Bank,28607,0,0,1,agree
Bank,28612,0,0,1,agree
Bank,28616,0,0,1,agree
Bank,28618,0,0,1,agree
Bank,28626,0,0,1,agree
Bank,28632,0,0,1,agree
Bank,28644,0,0,1,agree
Bank,28650,0,0,1,agree
Bank,28651,0,0,1,agree
Bank,28653,0,0,1,agree
Bank,28656,0,0,1,agree
Bank,28661,0,0,1,agree
Bank,28668,0,0,1,agree
Bank,28669,0,0,1,agree
Bank,28676,0,0,1,agree
Bank,28680,0,0,1,agree
Bank,28689,0,0,1,agree
Bank,28692,0,0,1,agree
Bank,28693,0,0,1,agree
Bank,28703,0,0,1,agree
Bank,28704,0,0,1,agree
Bank,28706,0,0,1,agree
Bank,28707,0,0,1,agree
Bank,28720,0,0,1,agree
Bank,28734,0,0,1,agree
Bank,28736,0,0,1,agree
Bank,28737,0,0,1,agree
Bank,28745,0,0,1,agree
Bank,28749,0,0,1,agree
Bank,28751,0,0,1,agree
Bank,28753,0,0,1,agree
Bank,28756,0,0,1,agree
Bank,28763,0,0,1,agree
Bank,28766,0,0,1,agree
Bank,28770,0,0,1,agree
Bank,28776,0,0,1,agree
Bank,28777,0,0,1,agree
Bank,28778,0,0,1,agree
Bank,28784,0,0,1,agree
Bank,28791,0,0,1,agree
Bank,28794,0,0,1,agree
Bank,28795,0,0,1,agree
Bank,28801,0,0,1,agree
Bank,28802,0,0,1,agree
Bank,28813,0,0,1,agree
Bank,28815,0,0,1,agree
Bank,28818,0,0,1,agree
Bank,28825,0,0,1,agree
Bank,28839,0,0,1,agree
Bank,28841,0,0,1,agree
Bank,28845,0,0,1,agree
Bank,28854,0,0,1,agree
Bank,28860,0,0,1,agree
Bank,28861,0,0,1,agree
Bank,28862,0,0,1,agree
Bank,28868,0,0,1,agree
Bank,28869,0,0,1,agree
Bank,28870,0,0,1,agree
Bank,28871,0,0,1,agree
Bank,28873,0,0,1,agree
Bank,28874,0,0,1,agree
Bank,28875,0,0,1,agree
Bank,28876,0,0,1,agree
Bank,28877,0,0,1,agree
Bank,28886,0,0,1,agree
Bank,28887,0,0,1,agree
Bank,28890,0,0,1,agree
Bank,28891,0,0,1,agree
Bank,28892,0,0,1,agree
Bank,28895,0,0,1,agree
Bank,28906,0,0,1,agree
Bank,28912,0,0,1,agree
Bank,28914,0,0,1,agree
Bank,28915,0,0,1,agree
Bank,28925,0,0,1,agree
Bank,28926,0,0,1,agree
Bank,28928,0,0,1,agree
Bank,28932,0,0,1,agree
Bank,28937,0,0,1,agree
Bank,28945,0,0,1,agree
Bank,28953,0,0,1,agree
Bank,28957,0,0,1,agree
Bank,28959,0,0,1,agree
Bank,28968,0,0,1,agree
Bank,28969,0,0,1,agree
Bank,28989,0,0,1,agree
Bank,28992,0,0,1,agree
Bank,28993,0,0,1,agree
Bank,29000,0,0,1,agree
Bank,29006,0,0,1,agree
Bank,29012,0,0,1,agree
Bank,29013,0,0,1,agree
Bank,29028,0,0,1,agree
Bank,29029,0,0,1,agree
Bank,29048,0,0,1,agree
Bank,29052,0,0,1,agree
Bank,29056,0,0,1,agree
Bank,29057,0,0,1,agree
Bank,29060,0,0,1,agree
Bank,29063,0,0,1,agree
Bank,29064,0,0,1,agree
Bank,29067,0,0,1,agree
Bank,29072,0,0,1,agree
Bank,29073,0,0,1,agree
Bank,29074,1,1,0,agree
Bank,29076,0,0,1,agree
Bank,29077,0,0,1,agree
Bank,29086,0,0,1,agree
Bank,29088,0,0,1,agree
Bank,29093,0,0,1,agree
Bank,29095,0,0,1,agree
Bank,29097,0,0,1,agree
Bank,29098,0,0,1,agree
Bank,29101,0,0,1,agree
Bank,29103,0,0,1,agree
Bank,29106,0,0,1,agree
Bank,29108,0,0,1,agree
Bank,29114,0,0,1,agree
Bank,29118,0,0,1,agree
Bank,29121,0,0,1,agree
Bank,29127,0,0,1,agree
Bank,29134,0,0,1,agree
Bank,29135,0,0,1,agree
Bank,29136,0,0,1,agree
Bank,29139,0,0,1,agree
Bank,29149,0,0,1,agree
Bank,29151,0,0,1,agree
Bank,29160,0,0,1,agree
Bank,29164,0,0,1,agree
Bank,29191,0,0,1,agree
Bank,29196,0,0,1,agree
Bank,29200,0,0,1,agree
Bank,29208,0,0,1,agree
Bank,29209,0,0,1,agree
Bank,29210,0,0,1,agree
Bank,29213,0,0,1,agree
Bank,29215,0,0,1,agree
Bank,29217,0,0,1,agree
Bank,29219,0,0,1,agree
Bank,29224,0,0,1,agree
Bank,29225,0,0,1,agree
Bank,29227,0,0,1,agree
Bank,29229,0,0,1,agree
Bank,29234,0,0,1,agree
Bank,29237,0,0,1,agree
Bank,29238,0,0,1,agree
Bank,29244,0,0,1,agree
Bank,29246,0,0,1,agree
Bank,29250,0,0,1,agree
Bank,29255,0,0,1,agree
Bank,29256,0,0,1,agree
Bank,29270,0,0,1,agree
Bank,29272,0,0,1,agree
Bank,29273,0,0,1,agree
Bank,29276,0,0,1,agree
Bank,29277,0,0,1,agree
Bank,29281,0,0,1,agree
Bank,29282,0,0,1,agree
Bank,29292,0,0,1,agree
Bank,29296,0,0,1,agree
Bank,29318,0,0,1,agree
Bank,29320,0,0,1,agree
Bank,29328,0,0,1,agree
Bank,29333,0,0,1,agree
Bank,29336,0,0,1,agree
Bank,29338,0,0,1,agree
Bank,29346,0,0,1,agree
Bank,29347,0,0,1,agree
Bank,29348,0,0,1,agree
Bank,29350,0,0,1,agree
Bank,29351,0,0,1,agree
Bank,29354,0,0,1,agree
Bank,29359,0,0,1,agree
Bank,29368,0,0,1,agree
Bank,29375,0,0,1,agree
Bank,29380,0,0,1,agree
Bank,29382,0,0,1,agree
Bank,29384,0,0,1,agree
Bank,29389,0,0,1,agree
Bank,29393,0,0,1,agree
Bank,29400,0,0,1,agree
Bank,29401,0,0,1,agree
Bank,29402,0,0,1,agree
Bank,29406,0,0,1,agree
Bank,29408,0,0,1,agree
Bank,29411,0,0,1,agree
Bank,29415,0,0,1,agree
Bank,29426,0,0,1,agree
Bank,29433,0,0,1,agree
Bank,29434,0,0,1,agree
Bank,29438,0,0,1,agree
Bank,29449,0,0,1,agree
Bank,29451,0,0,1,agree
Bank,29453,0,0,1,agree
Bank,29456,0,0,1,agree
Bank,29457,0,0,1,agree
Bank,29461,0,0,1,agree
Bank,29465,0,0,1,agree
Bank,29467,0,0,1,agree
Bank,29468,0,0,1,agree
Bank,29475,0,0,1,agree
Bank,29491,0,0,1,agree
Bank,29496,0,0,1,agree
Bank,29497,0,0,1,agree
Bank,29499,0,0,1,agree
Bank,29512,0,0,1,agree
Bank,29513,0,0,1,agree
Bank,29514,0,0,1,agree
Bank,29522,0,0,1,agree
Bank,29523,0,0,1,agree
Bank,29524,0,0,1,agree
Bank,29528,0,0,1,agree
Bank,29532,0,0,1,agree
Bank,29533,0,0,1,agree
Bank,29536,0,0,1,agree
Bank,29539,0,0,1,agree
Bank,29544,0,0,1,agree
Bank,29551,0,0,1,agree
Bank,29556,0,0,1,agree
Bank,29557,0,0,1,agree
Bank,29559,0,0,1,agree
Bank,29565,0,0,1,agree
Bank,29572,0,0,1,agree
Bank,29580,0,0,1,agree
Bank,29593,0,0,1,agree
Bank,29595,0,0,1,agree
Bank,29596,0,0,1,agree
Bank,29616,0,0,1,agree
Bank,29627,0,0,1,agree
Bank,29630,0,0,1,agree
Bank,29632,0,0,1,agree
Bank,29634,0,0,1,agree
Bank,29637,0,0,1,agree
Bank,29640,0,0,1,agree
Bank,29642,0,0,1,agree
Bank,29643,0,0,1,agree
Bank,29645,0,0,1,agree
Bank,29651,0,0,1,agree
Bank,29660,0,0,1,agree
Bank,29662,0,0,1,agree
Bank,29663,0,0,1,agree
Bank,29667,0,0,1,agree
Bank,29675,0,0,1,agree
Bank,29680,0,0,1,agree
Bank,29683,0,0,1,agree
Bank,29685,0,0,1,agree
Bank,29692,0,0,1,agree
Bank,29693,0,0,1,agree
Bank,29694,0,0,1,agree
Bank,29703,0,0,1,agree
Bank,29704,0,0,1,agree
Bank,29706,0,0,1,agree
Bank,29718,0,0,1,agree
Bank,29719,0,0,1,agree
Bank,29720,0,0,1,agree
Bank,29722,0,0,1,agree
Bank,29727,0,0,1,agree
Bank,29731,0,0,1,agree
Bank,29736,0,0,1,agree
Bank,29740,0,0,1,agree
Bank,29742,0,0,1,agree
Bank,29746,0,0,1,agree
Bank,29753,0,0,1,agree
Bank,29755,0,0,1,agree
Bank,29757,0,0,1,agree
Bank,29758,0,0,1,agree
Bank,29760,0,0,1,agree
Bank,29761,0,0,1,agree
Bank,29762,0,0,1,agree
Bank,29763,0,0,1,agree
Bank,29771,0,0,1,agree
Bank,29775,0,0,1,agree
Bank,29777,0,0,1,agree
Bank,29779,0,0,1,agree
Bank,29781,0,0,1,agree
Bank,29784,0,0,1,agree
Bank,29788,0,0,1,agree
Bank,29791,0,0,1,agree
Bank,29794,0,0,1,agree
Bank,29797,0,0,1,agree
Bank,29798,0,0,1,agree
Bank,29804,0,0,1,agree
Bank,29807,0,0,1,agree
Bank,29812,0,0,1,agree
Bank,29816,0,0,1,agree
Bank,29823,0,0,1,agree
Bank,29827,0,0,1,agree
Bank,29833,0,0,1,agree
Bank,29837,0,0,1,agree
Bank,29840,0,0,1,agree
Bank,29841,0,0,1,agree
Bank,29846,0,0,1,agree
Bank,29847,0,0,1,agree
Bank,29849,0,0,1,agree
Bank,29852,0,0,1,agree
Bank,29854,0,0,1,agree
Bank,29861,0,0,1,agree
Bank,29869,0,0,1,agree
Bank,29870,0,0,1,agree
Bank,29875,0,0,1,agree
Bank,29880,0,0,1,agree
Bank,29884,0,0,1,agree
Bank,29892,0,0,1,agree
Bank,29895,0,0,1,agree
Bank,29898,0,0,1,agree
Bank,29900,0,0,1,agree
Bank,29905,0,0,1,agree
Bank,29906,0,0,1,agree
Bank,29909,0,0,1,agree
Bank,29914,0,0,1,agree
Bank,29917,0,0,1,agree
Bank,29918,0,0,1,agree
Bank,29921,0,0,1,agree
Bank,29925,0,0,1,agree
Bank,29928,0,0,1,agree
Bank,29944,0,0,1,agree
Bank,29946,0,0,1,agree
Bank,29947,0,0,1,agree
Bank,29951,0,0,1,agree
Bank,29954,0,0,1,agree
Bank,29959,0,0,1,agree
Bank,29961,0,0,1,agree
Bank,29965,0,0,1,agree
Bank,29970,0,0,1,agree
Bank,29983,0,0,1,agree
Bank,29985,0,0,1,agree
Bank,29986,0,0,1,agree
Bank,29989,0,0,1,agree
Bank,29991,0,0,1,agree
Bank,29997,0,0,1,agree
Bank,30005,0,0,1,agree
Bank,30008,0,0,1,agree
Bank,30010,0,0,1,agree
Bank,30013,0,0,1,agree
Bank,30023,0,0,1,agree
Bank,30026,0,0,1,agree
Bank,30029,0,0,1,agree
Bank,30030,0,0,1,agree
Bank,30031,0,0,1,agree
Bank,30034,0,0,1,agree
Bank,30050,0,0,1,agree
Bank,30053,0,0,1,agree
Bank,30054,0,0,1,agree
Bank,30055,0,0,1,agree
Bank,30059,0,0,1,agree
Bank,30065,0,0,1,agree
Bank,30068,0,0,1,agree
Bank,30071,0,0,1,agree
Bank,30076,0,0,1,agree
Bank,30078,0,0,1,agree
Bank,30086,0,0,1,agree
Bank,30087,0,0,1,agree
Bank,30088,0,0,1,agree
Bank,30100,0,0,1,agree
Bank,30104,0,0,1,agree
Bank,30105,0,0,1,agree
Bank,30108,0,0,1,agree
Bank,30109,0,0,1,agree
Bank,30120,0,0,1,agree
Bank,30123,0,0,1,agree
Bank,30127,0,0,1,agree
Bank,30128,0,0,1,agree
Bank,30135,0,0,1,agree
Bank,30137,0,0,1,agree
Bank,30138,0,0,1,agree
Bank,30140,0,0,1,agree
Bank,30142,0,0,1,agree
Bank,30146,0,0,1,agree
Bank,30157,0,0,1,agree
Bank,30160,0,0,1,agree
Bank,30161,0,0,1,agree
Bank,30165,0,0,1,agree
Bank,30171,0,0,1,agree
Bank,30172,0,0,1,agree
Bank,30178,0,0,1,agree
Bank,30179,0,0,1,agree
Bank,30180,0,0,1,agree
Bank,30183,0,0,1,agree
Bank,30185,0,0,1,agree
Bank,30187,0,0,1,agree
Bank,30189,0,0,1,agree
Bank,30196,0,0,1,agree
Bank,30197,0,0,1,agree
Bank,30212,0,0,1,agree
Bank,30218,0,0,1,agree
Bank,30221,0,0,1,agree
Bank,30237,0,0,1,agree
Bank,30248,0,0,1,agree
Bank,30249,0,0,1,agree
Bank,30251,0,0,1,agree
Bank,30252,0,0,1,agree
Bank,30253,0,0,1,agree
Bank,30255,0,0,1,agree
Bank,30269,0,0,1,agree
Bank,30272,0,0,1,agree
Bank,30273,0,0,1,agree
Bank,30280,0,0,1,agree
Bank,30282,0,0,1,agree
Bank,30291,0,0,1,agree
Bank,30295,0,0,1,agree
Bank,30296,0,0,1,agree
Bank,30299,0,0,1,agree
Bank,30300,0,0,1,agree
Bank,30312,0,0,1,agree
Bank,30315,0,0,1,agree
Bank,30320,0,0,1,agree
Bank,30322,0,0,1,agree
Bank,30324,0,0,1,agree
Bank,30331,0,0,1,agree
Bank,30337,0,0,1,agree
Bank,30352,0,0,1,agree
Bank,30353,0,0,1,agree
Bank,30355,0,0,1,agree
Bank,30358,0,0,1,agree
Bank,30364,0,0,1,agree
Bank,30366,0,0,1,agree
Bank,30367,0,0,1,agree
Bank,30374,0,0,1,agree
Bank,30376,0,0,1,agree
Bank,30381,0,0,1,agree
Bank,30384,0,0,1,agree
Bank,30389,0,0,1,agree
Bank,30397,0,0,1,agree
Bank,30410,0,0,1,agree
Bank,30413,0,0,1,agree
Bank,30420,0,0,1,agree
Bank,30429,0,0,1,agree
Bank,30444,0,0,1,agree
Bank,30447,0,0,1,agree
Bank,30449,0,0,1,agree
Bank,30450,0,0,1,agree
Bank,30451,0,0,1,agree
Bank,30458,0,0,1,agree
Bank,30463,0,0,1,agree
Bank,30465,0,0,1,agree
Bank,30466,0,0,1,agree
Bank,30471,0,0,1,agree
Bank,30472,0,0,1,agree
Bank,30473,0,0,1,agree
Bank,30477,0,0,1,agree
Bank,30478,0,0,1,agree
Bank,30480,0,0,1,agree
Bank,30481,0,0,1,agree
Bank,30489,0,0,1,agree
Bank,30490,0,0,1,agree
Bank,30491,0,0,1,agree
Bank,30493,0,0,1,agree
Bank,30498,0,0,1,agree
Bank,30503,0,0,1,agree
Bank,30517,0,0,1,agree
Bank,30519,0,0,1,agree
Bank,30520,0,0,1,agree
Bank,30521,0,0,1,agree
Bank,30525,0,0,1,agree
Bank,30534,0,0,1,agree
Bank,30545,0,0,1,agree
Bank,30547,0,0,1,agree
Bank,30554,0,0,1,agree
Bank,30558,0,0,1,agree
Bank,30561,0,0,1,agree
Bank,30563,0,0,1,agree
Bank,30564,0,0,1,agree
Bank,30566,0,0,1,agree
Bank,30570,0,0,1,agree
Bank,30572,0,0,1,agree
Bank,30575,0,0,1,agree
Bank,30583,0,0,1,agree
Bank,30586,0,0,1,agree
Bank,30589,0,0,1,agree
Bank,30614,0,0,1,agree
Bank,30618,1,1,0,agree
Bank,30620,0,0,1,agree
Bank,30622,0,0,1,agree
Bank,30628,0,0,1,agree
Bank,30629,0,0,1,agree
Bank,30630,0,0,1,agree
Bank,30631,0,0,1,agree
Bank,30645,0,0,1,agree
Bank,30649,0,0,1,agree
Bank,30657,0,0,1,agree
Bank,30658,0,0,1,agree
Bank,30659,0,0,1,agree
Bank,30666,0,0,1,agree
Bank,30668,0,0,1,agree
Bank,30678,0,0,1,agree
Bank,30681,0,0,1,agree
Bank,30684,0,0,1,agree
Bank,30686,0,0,1,agree
Bank,30688,0,0,1,agree
Bank,30693,0,0,1,agree
Bank,30695,0,0,1,agree
Bank,30706,0,0,1,agree
Bank,30707,0,0,1,agree
Bank,30717,0,0,1,agree
Bank,30729,0,0,1,agree
Bank,30736,0,0,1,agree
Bank,30738,0,0,1,agree
Bank,30742,0,0,1,agree
Bank,30744,0,0,1,agree
Bank,30747,0,0,1,agree
Bank,30748,0,0,1,agree
Bank,30750,0,0,1,agree
Bank,30752,0,0,1,agree
Bank,30758,0,0,1,agree
Bank,30759,0,0,1,agree
Bank,30770,0,0,1,agree
Bank,30772,0,0,1,agree
Bank,30774,0,0,1,agree
Bank,30778,0,0,1,agree
Bank,30782,0,0,1,agree
Bank,30783,0,0,1,agree
Bank,30795,0,0,1,agree
Bank,30797,0,0,1,agree
Bank,30798,0,0,1,agree
Bank,30800,0,0,1,agree
Bank,30802,0,0,1,agree
Bank,30805,0,0,1,agree
Bank,30806,0,0,1,agree
Bank,30808,0,0,1,agree
Bank,30811,0,0,1,agree
Bank,30824,0,0,1,agree
Bank,30832,0,0,1,agree
Bank,30834,0,0,1,agree
Bank,30836,0,0,1,agree
Bank,30842,0,0,1,agree
Bank,30843,0,0,1,agree
Bank,30846,0,0,1,agree
Bank,30847,0,0,1,agree
Bank,30851,0,0,1,agree
Bank,30854,0,0,1,agree
Bank,30858,0,0,1,agree
Bank,30863,0,0,1,agree
Bank,30869,0,0,1,agree
Bank,30872,0,0,1,agree
Bank,30874,0,0,1,agree
Bank,30880,0,0,1,agree
Bank,30881,0,0,1,agree
Bank,30882,0,0,1,agree
Bank,30892,0,0,1,agree
Bank,30893,0,0,1,agree
Bank,30899,0,0,1,agree
Bank,30900,0,0,1,agree
Bank,30901,0,0,1,agree
Bank,30903,0,0,1,agree
Bank,30904,0,0,1,agree
Bank,30910,0,0,1,agree
Bank,30911,0,0,1,agree
Bank,30913,0,0,1,agree
Bank,30914,0,0,1,agree
Bank,30918,0,0,1,agree
Bank,30920,0,0,1,agree
Bank,30922,0,0,1,agree
Bank,30925,0,0,1,agree
Bank,30926,0,0,1,agree
Bank,30934,0,0,1,agree
Bank,30938,0,0,1,agree
Bank,30939,0,0,1,agree
Bank,30950,0,0,1,agree
Bank,30954,0,0,1,agree
Bank,30966,0,0,1,agree
Bank,30967,0,0,1,agree
Bank,30969,0,0,1,agree
Bank,30971,0,0,1,agree
Bank,30972,0,0,1,agree
Bank,30973,0,0,1,agree
Bank,30978,0,0,1,agree
Bank,30980,0,0,1,agree
Bank,30982,0,0,1,agree
Bank,30983,0,0,1,agree
Bank,30984,0,0,1,agree
Bank,30987,0,0,1,agree
Bank,30993,0,0,1,agree
Bank,31001,0,0,1,agree
Bank,31002,0,0,1,agree
Bank,31003,0,0,1,agree
Bank,31004,0,0,1,agree
Bank,31010,0,0,1,agree
Bank,31013,0,0,1,agree
Bank,31015,0,0,1,agree
Bank,31017,0,0,1,agree
Bank,31021,1,1,0,agree
Bank,31023,0,0,1,agree
Bank,31030,0,0,1,agree
Bank,31036,0,0,1,agree
Bank,31038,0,0,1,agree
Bank,31044,0,0,1,agree
Bank,31047,0,0,1,agree
Bank,31060,0,0,1,agree
Bank,31062,0,0,1,agree
Bank,31069,0,0,1,agree
Bank,31076,0,0,1,agree
Bank,31079,0,0,1,agree
Bank,31095,0,0,1,agree
Bank,31100,0,0,1,agree
Bank,31102,0,0,1,agree
Bank,31107,0,0,1,agree
Bank,31114,0,0,1,agree
Bank,31117,0,0,1,agree
Bank,31122,0,0,1,agree
Bank,31131,0,0,1,agree
Bank,31133,0,0,1,agree
Bank,31137,0,0,1,agree
Bank,31138,0,0,1,agree
Bank,31144,0,0,1,agree
Bank,31149,0,0,1,agree
Bank,31150,0,0,1,agree
Bank,31155,0,0,1,agree
Bank,31160,0,0,1,agree
Bank,31164,0,0,1,agree
Bank,31168,0,0,1,agree
Bank,31171,0,0,1,agree
Bank,31173,0,0,1,agree
Bank,31175,0,0,1,agree
Bank,31181,0,0,1,agree
Bank,31183,0,0,1,agree
Bank,31185,0,0,1,agree
Bank,31191,0,0,1,agree
Bank,31193,0,0,1,agree
Bank,31195,0,0,1,agree
Bank,31203,0,0,1,agree
Bank,31206,0,0,1,agree
Bank,31210,0,0,1,agree
Bank,31218,0,0,1,agree
Bank,31219,0,0,1,agree
Bank,31223,0,0,1,agree
Bank,31227,0,0,1,agree
Bank,31232,0,0,1,agree
Bank,31238,0,0,1,agree
Bank,31241,0,0,1,agree
Bank,31244,0,0,1,agree
Bank,31246,0,0,1,agree
Bank,31252,0,0,1,agree
Bank,31253,0,0,1,agree
Bank,31256,0,0,1,agree
Bank,31258,0,0,1,agree
Bank,31263,0,0,1,agree
Bank,31265,0,0,1,agree
Bank,31266,0,0,1,agree
Bank,31267,0,0,1,agree
Bank,31268,0,0,1,agree
Bank,31283,0,0,1,agree
Bank,31291,0,0,1,agree
Bank,31292,0,0,1,agree
Bank,31301,0,0,1,agree
Bank,31308,0,0,1,agree
Bank,31310,0,0,1,agree
Bank,31317,0,0,1,agree
Bank,31327,0,0,1,agree
Bank,31328,0,0,1,agree
Bank,31330,0,0,1,agree
Bank,31336,0,0,1,agree
Bank,31339,0,0,1,agree
Bank,31341,0,0,1,agree
Bank,31344,0,0,1,agree
Bank,31352,0,0,1,agree
Bank,31354,0,0,1,agree
Bank,31358,0,0,1,agree
Bank,31364,0,0,1,agree
Bank,31366,0,0,1,agree
Bank,31369,0,0,1,agree
Bank,31370,0,0,1,agree
Bank,31374,0,0,1,agree
Bank,31378,0,0,1,agree
Bank,31383,0,0,1,agree
Bank,31392,0,0,1,agree
Bank,31393,0,0,1,agree
Bank,31394,0,0,1,agree
Bank,31399,0,0,1,agree
Bank,31403,0,0,1,agree
Bank,31405,0,0,1,agree
Bank,31408,0,0,1,agree
Bank,31409,0,0,1,agree
Bank,31417,0,0,1,agree
Bank,31419,0,0,1,agree
Bank,31420,0,0,1,agree
Bank,31424,0,0,1,agree
Bank,31427,0,0,1,agree
Bank,31430,0,0,1,agree
Bank,31432,0,0,1,agree
Bank,31435,0,0,1,agree
Bank,31437,0,0,1,agree
Bank,31439,0,0,1,agree
Bank,31441,0,0,1,agree
Bank,31451,0,0,1,agree
Bank,31452,0,0,1,agree
Bank,31457,0,0,1,agree
Bank,31463,0,0,1,agree
Bank,31464,0,0,1,agree
Bank,31473,0,0,1,agree
Bank,31475,0,0,1,agree
Bank,31477,0,0,1,agree
Bank,31493,0,0,1,agree
Bank,31495,0,0,1,agree
Bank,31502,0,0,1,agree
Bank,31507,0,0,1,agree
Bank,31519,0,0,1,agree
Bank,31521,0,0,1,agree
Bank,31522,0,0,1,agree
Bank,31527,0,0,1,agree
Bank,31530,0,0,1,agree
Bank,31535,0,0,1,agree
Bank,31538,0,0,1,agree
Bank,31540,0,0,1,agree
Bank,31555,0,0,1,agree
Bank,31558,0,0,1,agree
Bank,31560,0,0,1,agree
Bank,31564,0,0,1,agree
Bank,31566,0,0,1,agree
Bank,31569,0,0,1,agree
Bank,31571,0,0,1,agree
Bank,31573,0,0,1,agree
Bank,31575,0,0,1,agree
Bank,31589,0,0,1,agree
Bank,31593,1,1,0,agree
Bank,31594,0,0,1,agree
Bank,31602,0,0,1,agree
Bank,31606,0,0,1,agree
Bank,31608,0,0,1,agree
Bank,31614,0,0,1,agree
Bank,31616,1,1,0,agree
Bank,31623,0,0,1,agree
Bank,31624,0,0,1,agree
Bank,31626,0,0,1,agree
Bank,31629,0,0,1,agree
Bank,31630,0,0,1,agree
Bank,31632,0,0,1,agree
Bank,31642,0,0,1,agree
Bank,31644,0,0,1,agree
Bank,31645,0,0,1,agree
Bank,31659,0,0,1,agree
Bank,31660,0,0,1,agree
Bank,31666,0,0,1,agree
Bank,31667,0,0,1,agree
Bank,31674,0,0,1,agree
Bank,31676,0,0,1,agree
Bank,31678,0,0,1,agree
Bank,31679,0,0,1,agree
Bank,31680,0,0,1,agree
Bank,31685,0,0,1,agree
Bank,31688,0,0,1,agree
Bank,31695,0,0,1,agree
Bank,31700,0,0,1,agree
Bank,31705,0,0,1,agree
Bank,31707,0,0,1,agree
Bank,31708,0,0,1,agree
Bank,31711,0,0,1,agree
Bank,31714,0,0,1,agree
Bank,31716,0,0,1,agree
Bank,31720,0,0,1,agree
Bank,31728,0,0,1,agree
Bank,31731,0,0,1,agree
Bank,31734,0,0,1,agree
Bank,31740,0,0,1,agree
Bank,31741,0,0,1,agree
Bank,31745,0,0,1,agree
Bank,31746,0,0,1,agree
Bank,31748,0,0,1,agree
Bank,31750,0,0,1,agree
Bank,31752,0,0,1,agree
Bank,31755,0,0,1,agree
Bank,31756,0,0,1,agree
Bank,31762,0,0,1,agree
Bank,31764,0,0,1,agree
Bank,31768,0,0,1,agree
Bank,31772,1,1,0,agree
Bank,31776,0,0,1,agree
Bank,31779,0,0,1,agree
Bank,31787,0,0,1,agree
Bank,31788,0,0,1,agree
Bank,31792,1,1,0,agree
Bank,31799,0,0,1,agree
Bank,31800,0,0,1,agree
Bank,31801,0,0,1,agree
Bank,31803,0,0,1,agree
Bank,31804,0,0,1,agree
Bank,31811,0,0,1,agree
Bank,31813,0,0,1,agree
Bank,31816,0,0,1,agree
Bank,31817,0,0,1,agree
Bank,31820,0,0,1,agree
Bank,31823,0,0,1,agree
Bank,31824,0,0,1,agree
Bank,31828,0,0,1,agree
Bank,31832,0,0,1,agree
Bank,31834,0,0,1,agree
Bank,31838,0,0,1,agree
Bank,31839,0,0,1,agree
Bank,31840,0,0,1,agree
Bank,31843,0,0,1,agree
Bank,31844,0,0,1,agree
Bank,31849,0,0,1,agree
Bank,31853,0,0,1,agree
Bank,31855,0,0,1,agree
Bank,31861,0,0,1,agree
Bank,31863,0,0,1,agree
Bank,31864,0,0,1,agree
Bank,31869,0,0,1,agree
Bank,31870,0,0,1,agree
Bank,31871,0,0,1,agree
Bank,31874,0,0,1,agree
Bank,31878,0,0,1,agree
Bank,31882,0,0,1,agree
Bank,31883,0,0,1,agree
Bank,31888,0,0,1,agree
Bank,31891,0,0,1,agree
Bank,31894,0,0,1,agree
Bank,31898,0,0,1,agree
Bank,31899,0,0,1,agree
Bank,31914,0,0,1,agree
Bank,31918,0,0,1,agree
Bank,31919,1,1,0,agree
Bank,31923,0,0,1,agree
Bank,31924,0,0,1,agree
Bank,31932,0,0,1,agree
Bank,31933,0,0,1,agree
Bank,31939,0,0,1,agree
Bank,31948,0,0,1,agree
Bank,31950,0,0,1,agree
Bank,31954,0,0,1,agree
Bank,31957,0,0,1,agree
Bank,31960,0,0,1,agree
Bank,31971,0,0,1,agree
Bank,31979,0,0,1,agree
Bank,31982,0,0,1,agree
Bank,31984,0,0,1,agree
Bank,31985,0,0,1,agree
Bank,31991,0,0,1,agree
Bank,31993,0,0,1,agree
Bank,31994,0,0,1,agree
Bank,31995,0,0,1,agree
Bank,31996,0,0,1,agree
Bank,31999,0,0,1,agree
Bank,32000,0,0,1,agree
Bank,32004,0,0,1,agree
Bank,32006,0,0,1,agree
Bank,32014,0,0,1,agree
Bank,32018,0,0,1,agree
Bank,32024,0,0,1,agree
Bank,32025,1,1,0,agree
Bank,32027,0,0,1,agree
Bank,32028,1,1,0,agree
Bank,32035,0,0,1,agree
Bank,32036,0,0,1,agree
Bank,32042,1,1,0,agree
Bank,32043,0,0,1,agree
Bank,32045,0,0,1,agree
Bank,32051,1,1,0,agree
Bank,32058,0,0,1,agree
Bank,32061,0,0,1,agree
Bank,32063,0,0,1,agree
Bank,32064,0,0,1,agree
Bank,32066,0,0,1,agree
Bank,32071,0,0,1,agree
Bank,32074,0,0,1,agree
Bank,32075,0,0,1,agree
Bank,32080,0,0,1,agree
Bank,32083,0,0,1,agree
Bank,32084,0,0,1,agree
Bank,32085,0,0,1,agree
Bank,32092,0,0,1,agree
Bank,32098,0,0,1,agree
Bank,32099,0,0,1,agree
Bank,32101,0,0,1,agree
Bank,32105,0,0,1,agree
Bank,32106,0,0,1,agree
Bank,32111,0,0,1,agree
Bank,32115,0,0,1,agree
Bank,32120,0,0,1,agree
Bank,32121,0,0,1,agree
Bank,32122,0,0,1,agree
Bank,32125,0,0,1,agree
Bank,32127,0,0,1,agree
Bank,32145,0,0,1,agree
Bank,32147,1,1,0,agree
Bank,32150,0,0,1,agree
Bank,32154,0,0,1,agree
Bank,32157,0,0,1,agree
Bank,32158,0,0,1,agree
Bank,32161,0,0,1,agree
Bank,32164,1,1,0,agree
Bank,32166,0,0,1,agree
Bank,32174,0,0,1,agree
Bank,32178,0,0,1,agree
Bank,32179,0,0,1,agree
Bank,32182,0,0,1,agree
Bank,32184,0,0,1,agree
Bank,32190,1,1,0,agree
Bank,32192,0,0,1,agree
Bank,32194,0,0,1,agree
Bank,32197,0,0,1,agree
Bank,32205,0,0,1,agree
Bank,32208,0,0,1,agree
Bank,32209,0,0,1,agree
Bank,32211,0,0,1,agree
Bank,32214,0,0,1,agree
Bank,32226,0,0,1,agree
Bank,32230,0,0,1,agree
Bank,32232,0,0,1,agree
Bank,32235,0,0,1,agree
Bank,32245,0,0,1,agree
Bank,32247,1,1,0,agree
Bank,32253,0,0,1,agree
Bank,32255,0,0,1,agree
Bank,32262,0,0,1,agree
Bank,32270,0,0,1,agree
Bank,32271,0,0,1,agree
Bank,32274,0,0,1,agree
Bank,32282,1,1,0,agree
Bank,32284,0,0,1,agree
Bank,32285,0,0,1,agree
Bank,32286,0,0,1,agree
Bank,32294,0,0,1,agree
Bank,32301,0,0,1,agree
Bank,32308,0,0,1,agree
Bank,32310,0,0,1,agree
Bank,32314,0,0,1,agree
Bank,32317,0,0,1,agree
Bank,32319,0,0,1,agree
Bank,32321,0,0,1,agree
Bank,32322,0,0,1,agree
Bank,32323,0,0,1,agree
Bank,32327,0,0,1,agree
Bank,32330,0,0,1,agree
Bank,32333,0,0,1,agree
Bank,32337,0,0,1,agree
Bank,32345,0,0,1,agree
Bank,32346,0,0,1,agree
Bank,32349,0,0,1,agree
Bank,32355,0,0,1,agree
Bank,32377,0,0,1,agree
Bank,32378,0,0,1,agree
Bank,32380,0,0,1,agree
Bank,32381,0,0,1,agree
Bank,32382,0,0,1,agree
Bank,32386,0,0,1,agree
Bank,32387,0,0,1,agree
Bank,32391,0,0,1,agree
Bank,32392,0,0,1,agree
Bank,32397,0,0,1,agree
Bank,32405,0,0,1,agree
Bank,32411,0,0,1,agree
Bank,32417,0,0,1,agree
Bank,32419,0,0,1,agree
Bank,32423,1,1,0,agree
Bank,32424,0,0,1,agree
Bank,32427,0,0,1,agree
Bank,32428,0,0,1,agree
Bank,32435,0,0,1,agree
Bank,32436,0,0,1,agree
Bank,32437,0,0,1,agree
Bank,32438,0,0,1,agree
Bank,32442,0,0,1,agree
Bank,32445,0,0,1,agree
Bank,32447,0,0,1,agree
Bank,32453,0,0,1,agree
Bank,32454,0,0,1,agree
Bank,32458,0,0,1,agree
Bank,32468,0,0,1,agree
Bank,32469,0,0,1,agree
Bank,32480,0,0,1,agree
Bank,32488,0,0,1,agree
Bank,32495,0,0,1,agree
Bank,32497,0,0,1,agree
Bank,32501,0,0,1,agree
Bank,32502,0,0,1,agree
Bank,32503,0,0,1,agree
Bank,32505,0,0,1,agree
Bank,32514,0,0,1,agree
Bank,32520,0,0,1,agree
Bank,32521,0,0,1,agree
Bank,32529,0,0,1,agree
Bank,32530,0,0,1,agree
Bank,32532,0,0,1,agree
Bank,32533,0,0,1,agree
Bank,32544,0,0,1,agree
Bank,32564,1,1,0,agree
Bank,32568,0,0,1,agree
Bank,32579,0,0,1,agree
Bank,32582,0,0,1,agree
Bank,32583,0,0,1,agree
Bank,32591,0,0,1,agree
Bank,32595,0,0,1,agree
Bank,32598,0,0,1,agree
Bank,32604,0,0,1,agree
Bank,32605,0,0,1,agree
Bank,32607,0,0,1,agree
Bank,32609,1,1,0,agree
Bank,32614,0,0,1,agree
Bank,32615,0,0,1,agree
Bank,32616,0,0,1,agree
Bank,32632,0,0,1,agree
Bank,32633,0,0,1,agree
Bank,32637,0,0,1,agree
Bank,32638,0,0,1,agree
Bank,32640,0,0,1,agree
Bank,32642,0,0,1,agree
Bank,32646,0,0,1,agree
Bank,32665,0,0,1,agree
Bank,32669,0,0,1,agree
Bank,32675,0,0,1,agree
Bank,32682,0,0,1,agree
Bank,32685,0,0,1,agree
Bank,32687,0,0,1,agree
Bank,32690,1,1,0,agree
Bank,32694,0,0,1,agree
Bank,32696,0,0,1,agree
Bank,32700,0,0,1,agree
Bank,32703,0,0,1,agree
Bank,32704,0,0,1,agree
Bank,32705,0,0,1,agree
Bank,32714,0,0,1,agree
Bank,32717,0,0,1,agree
Bank,32721,0,0,1,agree
Bank,32723,0,0,1,agree
Bank,32726,0,0,1,agree
Bank,32731,0,0,1,agree
Bank,32732,0,0,1,agree
Bank,32733,0,0,1,agree
Bank,32735,0,0,1,agree
Bank,32745,0,0,1,agree
Bank,32751,0,0,1,agree
Bank,32754,0,0,1,agree
Bank,32761,0,0,1,agree
Bank,32765,0,0,1,agree
Bank,32774,0,0,1,agree
Bank,32782,0,0,1,agree
Bank,32787,0,0,1,agree
Bank,32794,0,0,1,agree
Bank,32799,0,0,1,agree
Bank,32800,0,0,1,agree
Bank,32804,0,0,1,agree
Bank,32806,0,0,1,agree
Bank,32813,0,0,1,agree
Bank,32819,0,0,1,agree
Bank,32825,0,0,1,agree
Bank,32836,0,0,1,agree
Bank,32837,0,0,1,agree
Bank,32841,0,0,1,agree
Bank,32857,0,0,1,agree
Bank,32858,0,0,1,agree
Bank,32861,0,0,1,agree
Bank,32864,0,0,1,agree
Bank,32874,0,0,1,agree
Bank,32881,0,0,1,agree
Bank,32883,0,0,1,agree
Bank,32888,0,0,1,agree
Bank,32892,0,0,1,agree
Bank,32895,0,0,1,agree
Bank,32896,0,0,1,agree
Bank,32899,0,0,1,agree
Bank,32908,0,0,1,agree
Bank,32911,0,0,1,agree
Bank,32912,0,0,1,agree
Bank,32913,0,0,1,agree
Bank,32917,0,0,1,agree
Bank,32921,0,0,1,agree
Bank,32930,0,0,1,agree
Bank,32944,0,0,1,agree
Bank,32945,0,0,1,agree
Bank,32951,0,0,1,agree
Bank,32959,0,0,1,agree
Bank,32962,0,0,1,agree
Bank,32967,0,0,1,agree
Bank,32974,0,0,1,agree
Bank,32985,0,0,1,agree
Bank,32989,0,0,1,agree
Bank,32990,0,0,1,agree
Bank,32993,0,0,1,agree
Bank,32994,0,0,1,agree
Bank,33002,0,0,1,agree
Bank,33005,0,0,1,agree
Bank,33007,0,0,1,agree
Bank,33009,0,0,1,agree
Bank,33011,0,0,1,agree
Bank,33015,0,0,1,agree
Bank,33017,0,0,1,agree
Bank,33021,0,0,1,agree
Bank,33022,0,0,1,agree
Bank,33025,1,1,0,agree
Bank,33036,0,0,1,agree
Bank,33042,0,0,1,agree
Bank,33045,0,0,1,agree
Bank,33047,0,0,1,agree
Bank,33048,1,1,0,agree
Bank,33051,0,0,1,agree
Bank,33055,0,0,1,agree
Bank,33057,0,0,1,agree
Bank,33059,0,0,1,agree
Bank,33064,0,0,1,agree
Bank,33066,0,0,1,agree
Bank,33067,0,0,1,agree
Bank,33068,0,0,1,agree
Bank,33076,0,0,1,agree
Bank,33080,0,0,1,agree
Bank,33083,0,0,1,agree
Bank,33086,0,0,1,agree
Bank,33091,0,0,1,agree
Bank,33093,0,0,1,agree
Bank,33105,0,0,1,agree
Bank,33116,0,0,1,agree
Bank,33123,0,0,1,agree
Bank,33133,0,0,1,agree
Bank,33134,0,0,1,agree
Bank,33136,0,0,1,agree
Bank,33138,0,0,1,agree
Bank,33139,0,0,1,agree
Bank,33141,0,0,1,agree
Bank,33142,0,0,1,agree
Bank,33147,0,0,1,agree
Bank,33153,0,0,1,agree
Bank,33158,0,0,1,agree
Bank,33172,0,0,1,agree
Bank,33177,0,0,1,agree
Bank,33185,0,0,1,agree
Bank,33186,0,0,1,agree
Bank,33188,0,0,1,agree
Bank,33189,0,0,1,agree
Bank,33196,1,1,0,agree
Bank,33200,0,0,1,agree
Bank,33203,0,0,1,agree
Bank,33205,0,0,1,agree
Bank,33212,0,0,1,agree
Bank,33213,0,0,1,agree
Bank,33214,0,0,1,agree
Bank,33215,0,0,1,agree
Bank,33217,0,0,1,agree
Bank,33223,0,0,1,agree
Bank,33227,0,0,1,agree
Bank,33229,0,0,1,agree
Bank,33231,0,0,1,agree
Bank,33237,0,0,1,agree
Bank,33241,0,0,1,agree
Bank,33242,0,0,1,agree
Bank,33243,0,0,1,agree
Bank,33244,0,0,1,agree
Bank,33246,0,0,1,agree
Bank,33248,0,0,1,agree
Bank,33252,0,0,1,agree
Bank,33255,0,0,1,agree
Bank,33262,0,0,1,agree
Bank,33270,0,0,1,agree
Bank,33271,0,0,1,agree
Bank,33272,0,0,1,agree
Bank,33274,0,0,1,agree
Bank,33276,0,0,1,agree
Bank,33278,0,0,1,agree
Bank,33284,0,0,1,agree
Bank,33298,0,0,1,agree
Bank,33299,0,0,1,agree
Bank,33300,0,0,1,agree
Bank,33303,0,0,1,agree
Bank,33307,0,0,1,agree
Bank,33308,0,0,1,agree
Bank,33316,0,0,1,agree
Bank,33320,0,0,1,agree
Bank,33330,0,0,1,agree
Bank,33332,0,0,1,agree
Bank,33343,0,0,1,agree
Bank,33346,0,0,1,agree
Bank,33348,0,0,1,agree
Bank,33352,0,0,1,agree
Bank,33353,0,0,1,agree
Bank,33365,0,0,1,agree
Bank,33369,0,0,1,agree
Bank,33375,0,0,1,agree
Bank,33382,0,0,1,agree
Bank,33383,0,0,1,agree
Bank,33385,0,0,1,agree
Bank,33394,0,0,1,agree
Bank,33400,0,0,1,agree
Bank,33407,0,0,1,agree
Bank,33408,0,0,1,agree
Bank,33411,0,0,1,agree
Bank,33421,0,0,1,agree
Bank,33423,0,0,1,agree
Bank,33425,0,0,1,agree
Bank,33428,0,0,1,agree
Bank,33432,0,0,1,agree
Bank,33442,0,0,1,agree
Bank,33454,0,0,1,agree
Bank,33456,0,0,1,agree
Bank,33462,1,1,0,agree
Bank,33470,0,0,1,agree
Bank,33471,0,0,1,agree
Bank,33472,0,0,1,agree
Bank,33476,0,0,1,agree
Bank,33488,0,0,1,agree
Bank,33492,0,0,1,agree
Bank,33493,0,0,1,agree
Bank,33497,1,1,0,agree
Bank,33499,0,0,1,agree
Bank,33514,0,0,1,agree
Bank,33530,0,0,1,agree
Bank,33533,0,0,1,agree
Bank,33535,0,0,1,agree
Bank,33538,0,0,1,agree
Bank,33541,0,0,1,agree
Bank,33554,0,0,1,agree
Bank,33555,0,0,1,agree
Bank,33561,0,0,1,agree
Bank,33563,0,0,1,agree
Bank,33575,0,0,1,agree
Bank,33582,0,0,1,agree
Bank,33598,0,0,1,agree
Bank,33599,0,0,1,agree
Bank,33607,0,0,1,agree
Bank,33610,0,0,1,agree
Bank,33611,0,0,1,agree
Bank,33616,0,0,1,agree
Bank,33620,0,0,1,agree
Bank,33625,0,0,1,agree
Bank,33626,0,0,1,agree
Bank,33628,0,0,1,agree
Bank,33629,0,0,1,agree
Bank,33632,0,0,1,agree
Bank,33638,0,0,1,agree
Bank,33639,0,0,1,agree
Bank,33650,0,0,1,agree
Bank,33651,0,0,1,agree
Bank,33652,0,0,1,agree
Bank,33655,0,0,1,agree
Bank,33656,0,0,1,agree
Bank,33658,0,0,1,agree
Bank,33667,0,0,1,agree
Bank,33679,0,0,1,agree
Bank,33682,0,0,1,agree
Bank,33685,0,0,1,agree
Bank,33690,0,0,1,agree
Bank,33691,0,0,1,agree
Bank,33694,0,0,1,agree
Bank,33700,0,0,1,agree
Bank,33701,1,1,0,agree
Bank,33705,0,0,1,agree
Bank,33708,0,0,1,agree
Bank,33711,0,0,1,agree
Bank,33712,0,0,1,agree
Bank,33715,1,1,0,agree
Bank,33720,0,0,1,agree
Bank,33721,0,0,1,agree
Bank,33723,0,0,1,agree
Bank,33728,0,0,1,agree
Bank,33731,0,0,1,agree
Bank,33739,0,0,1,agree
Bank,33745,0,0,1,agree
Bank,33746,0,0,1,agree
Bank,33751,0,0,1,agree
Bank,33754,0,0,1,agree
Bank,33763,1,1,0,agree
Bank,33767,0,0,1,agree
Bank,33770,0,0,1,agree
Bank,33773,0,0,1,agree
Bank,33780,0,0,1,agree
Bank,33783,0,0,1,agree
Bank,33788,0,0,1,agree
Bank,33789,0,0,1,agree
Bank,33795,0,0,1,agree
Bank,33796,0,0,1,agree
Bank,33800,0,0,1,agree
Bank,33805,0,0,1,agree
Bank,33819,0,0,1,agree
Bank,33829,0,0,1,agree
Bank,33832,0,0,1,agree
Bank,33834,0,0,1,agree
Bank,33835,0,0,1,agree
Bank,33838,0,0,1,agree
Bank,33842,0,0,1,agree
Bank,33845,1,1,0,agree
Bank,33847,0,0,1,agree
Bank,33849,0,0,1,agree
Bank,33861,0,0,1,agree
Bank,33862,1,1,0,agree
Bank,33863,0,0,1,agree
Bank,33865,0,0,1,agree
Bank,33867,0,0,1,agree
Bank,33868,1,1,0,agree
Bank,33872,1,1,0,agree
Bank,33880,1,1,0,agree
Bank,33882,0,0,1,agree
Bank,33884,0,0,1,agree
Bank,33885,1,1,0,agree
Bank,33888,1,1,0,agree
Bank,33894,0,0,1,agree
Bank,33896,0,0,1,agree
Bank,33897,0,0,1,agree
Bank,33899,1,1,0,agree
Bank,33902,0,0,1,agree
Bank,33910,0,0,1,agree
Bank,33913,1,1,0,agree
Bank,33917,0,0,1,agree
Bank,33918,1,1,0,agree
Bank,33922,0,0,1,agree
Bank,33923,1,1,0,agree
Bank,33925,0,0,1,agree
Bank,33930,1,1,0,agree
Bank,33933,0,0,1,agree
Bank,33934,0,0,1,agree
Bank,33936,0,0,1,agree
Bank,33953,0,0,1,agree
Bank,33955,0,0,1,agree
Bank,33957,0,0,1,agree
Bank,33958,0,0,1,agree
Bank,33960,0,0,1,agree
Bank,33965,0,0,1,agree
Bank,33967,0,0,1,agree
Bank,33972,1,1,0,agree
Bank,33974,0,0,1,agree
Bank,33983,0,0,1,agree
Bank,33988,0,0,1,agree
Bank,33989,0,0,1,agree
Bank,33992,1,1,0,agree
Bank,33996,0,0,1,agree
Bank,34006,1,1,0,agree
Bank,34009,0,0,1,agree
Bank,34014,1,1,0,agree
Bank,34015,0,0,1,agree
Bank,34016,0,0,1,agree
Bank,34021,0,0,1,agree
Bank,34023,0,0,1,agree
Bank,34026,0,0,1,agree
Bank,34033,0,0,1,agree
Bank,34041,0,0,1,agree
Bank,34045,0,0,1,agree
Bank,34046,1,1,0,agree
Bank,34048,1,1,0,agree
Bank,34058,0,0,1,agree
Bank,34059,1,1,0,agree
Bank,34060,1,1,0,agree
Bank,34061,0,0,1,agree
Bank,34062,0,0,1,agree
Bank,34067,0,0,1,agree
Bank,34068,0,0,1,agree
Bank,34073,0,0,1,agree
Bank,34074,1,1,0,agree
Bank,34086,1,1,0,agree
Bank,34090,1,1,0,agree
Bank,34095,1,1,0,agree
Bank,34096,1,1,0,agree
Bank,34102,0,0,1,agree
Bank,34104,0,0,1,agree
Bank,34107,0,0,1,agree
Bank,34109,1,1,0,agree
Bank,34110,0,0,1,agree
Bank,34117,0,0,1,agree
Bank,34123,0,0,1,agree
Bank,34128,1,1,0,agree
Bank,34130,0,0,1,agree
Bank,34132,0,0,1,agree
Bank,34134,0,0,1,agree
Bank,34135,0,0,1,agree
Bank,34138,0,0,1,agree
Bank,34141,0,0,1,agree
Bank,34145,0,0,1,agree
Bank,34149,0,0,1,agree
Bank,34161,1,1,0,agree
Bank,34165,1,1,0,agree
Bank,34170,1,1,0,agree
Bank,34171,0,0,1,agree
Bank,34173,1,1,0,agree
Bank,34176,0,0,1,agree
Bank,34179,0,0,1,agree
Bank,34180,0,0,1,agree
Bank,34184,0,0,1,agree
Bank,34203,0,0,1,agree
Bank,34206,0,0,1,agree
Bank,34207,0,0,1,agree
Bank,34235,0,0,1,agree
Bank,34243,0,0,1,agree
Bank,34248,0,0,1,agree
Bank,34249,0,0,1,agree
Bank,34252,0,0,1,agree
Bank,34253,0,0,1,agree
Bank,34263,0,0,1,agree
Bank,34272,0,0,1,agree
Bank,34274,0,0,1,agree
Bank,34275,0,0,1,agree
Bank,34277,0,0,1,agree
Bank,34278,0,0,1,agree
Bank,34282,0,0,1,agree
Bank,34283,0,0,1,agree
Bank,34286,0,0,1,agree
Bank,34290,0,0,1,agree
Bank,34292,0,0,1,agree
Bank,34294,0,0,1,agree
Bank,34295,0,0,1,agree
Bank,34296,0,0,1,agree
Bank,34299,0,0,1,agree
Bank,34301,0,0,1,agree
Bank,34302,0,0,1,agree
Bank,34306,0,0,1,agree
Bank,34308,1,1,0,agree
Bank,34309,0,0,1,agree
Bank,34310,0,0,1,agree
Bank,34313,0,0,1,agree
Bank,34314,0,0,1,agree
Bank,34322,0,0,1,agree
Bank,34324,0,0,1,agree
Bank,34326,0,0,1,agree
Bank,34327,0,0,1,agree
Bank,34330,0,0,1,agree
Bank,34334,0,0,1,agree
Bank,34347,1,1,0,agree
Bank,34350,0,0,1,agree
Bank,34352,0,0,1,agree
Bank,34353,0,0,1,agree
Bank,34355,0,0,1,agree
Bank,34356,0,0,1,agree
Bank,34358,0,0,1,agree
Bank,34360,0,0,1,agree
Bank,34365,0,0,1,agree
Bank,34366,0,0,1,agree
Bank,34367,0,0,1,agree
Bank,34369,0,0,1,agree
Bank,34371,0,0,1,agree
Bank,34373,0,0,1,agree
Bank,34376,0,0,1,agree
Bank,34377,0,0,1,agree
Bank,34378,0,0,1,agree
Bank,34382,0,0,1,agree
Bank,34388,0,0,1,agree
Bank,34390,0,0,1,agree
Bank,34392,1,1,0,agree
Bank,34394,0,0,1,agree
Bank,34396,0,0,1,agree
Bank,34397,0,0,1,agree
Bank,34398,0,0,1,agree
Bank,34401,0,0,1,agree
Bank,34402,0,0,1,agree
Bank,34412,0,0,1,agree
Bank,34418,0,0,1,agree
Bank,34428,0,0,1,agree
Bank,34430,0,0,1,agree
Bank,34432,1,1,0,agree
Bank,34434,0,0,1,agree
Bank,34435,0,0,1,agree
Bank,34438,0,0,1,agree
Bank,34441,0,0,1,agree
Bank,34442,0,0,1,agree
Bank,34448,0,0,1,agree
Bank,34450,0,0,1,agree
Bank,34452,0,0,1,agree
Bank,34453,0,0,1,agree
Bank,34454,0,0,1,agree
Bank,34461,0,0,1,agree
Bank,34463,0,0,1,agree
Bank,34470,0,0,1,agree
Bank,34481,0,0,1,agree
Bank,34482,0,0,1,agree
Bank,34484,0,0,1,agree
Bank,34485,0,0,1,agree
Bank,34487,0,0,1,agree
Bank,34490,0,0,1,agree
Bank,34497,0,0,1,agree
Bank,34500,0,0,1,agree
Bank,34501,0,0,1,agree
Bank,34507,0,0,1,agree
Bank,34514,0,0,1,agree
Bank,34519,0,0,1,agree
Bank,34520,0,0,1,agree
Bank,34522,0,0,1,agree
Bank,34535,0,0,1,agree
Bank,34536,0,0,1,agree
Bank,34541,0,0,1,agree
Bank,34544,0,0,1,agree
Bank,34545,0,0,1,agree
Bank,34550,0,0,1,agree
Bank,34551,0,0,1,agree
Bank,34552,0,0,1,agree
Bank,34555,0,0,1,agree
Bank,34556,0,0,1,agree
Bank,34557,0,0,1,agree
Bank,34560,0,0,1,agree
Bank,34561,0,0,1,agree
Bank,34566,0,0,1,agree
Bank,34569,0,0,1,agree
Bank,34570,0,0,1,agree
Bank,34573,0,0,1,agree
Bank,34576,0,0,1,agree
Bank,34581,0,0,1,agree
Bank,34586,0,0,1,agree
Bank,34587,0,0,1,agree
Bank,34588,0,0,1,agree
Bank,34591,0,0,1,agree
Bank,34592,0,0,1,agree
Bank,34594,0,0,1,agree
Bank,34596,0,0,1,agree
Bank,34598,0,0,1,agree
Bank,34601,0,0,1,agree
Bank,34603,0,0,1,agree
Bank,34609,0,0,1,agree
Bank,34614,0,0,1,agree
Bank,34615,0,0,1,agree
Bank,34616,0,0,1,agree
Bank,34619,0,0,1,agree
Bank,34626,0,0,1,agree
Bank,34650,0,0,1,agree
Bank,34656,0,0,1,agree
Bank,34661,0,0,1,agree
Bank,34666,0,0,1,agree
Bank,34669,0,0,1,agree
Bank,34678,0,0,1,agree
Bank,34682,0,0,1,agree
Bank,34685,0,0,1,agree
Bank,34692,0,0,1,agree
Bank,34699,0,0,1,agree
Bank,34702,0,0,1,agree
Bank,34704,0,0,1,agree
Bank,34706,0,0,1,agree
Bank,34717,0,0,1,agree
Bank,34720,0,0,1,agree
Bank,34722,0,0,1,agree
Bank,34723,0,0,1,agree
Bank,34726,0,0,1,agree
Bank,34728,0,0,1,agree
Bank,34730,0,0,1,agree
Bank,34736,0,0,1,agree
Bank,34742,0,0,1,agree
Bank,34744,0,0,1,agree
Bank,34747,0,0,1,agree
Bank,34749,0,0,1,agree
Bank,34752,0,0,1,agree
Bank,34753,0,0,1,agree
Bank,34757,0,0,1,agree
Bank,34760,0,0,1,agree
Bank,34763,0,0,1,agree
Bank,34768,0,0,1,agree
Bank,34769,0,0,1,agree
Bank,34775,0,0,1,agree
Bank,34777,0,0,1,agree
Bank,34789,0,0,1,agree
Bank,34798,0,0,1,agree
Bank,34802,0,0,1,agree
Bank,34810,0,0,1,agree
Bank,34815,0,0,1,agree
Bank,34817,0,0,1,agree
Bank,34819,0,0,1,agree
Bank,34820,0,0,1,agree
Bank,34829,0,0,1,agree
Bank,34831,0,0,1,agree
Bank,34837,0,0,1,agree
Bank,34839,0,0,1,agree
Bank,34843,0,0,1,agree
Bank,34844,0,0,1,agree
Bank,34847,0,0,1,agree
Bank,34849,0,0,1,agree
Bank,34852,0,0,1,agree
Bank,34857,0,0,1,agree
Bank,34858,0,0,1,agree
Bank,34866,0,0,1,agree
Bank,34878,0,0,1,agree
Bank,34880,0,0,1,agree
Bank,34881,0,0,1,agree
Bank,34885,0,0,1,agree
Bank,34893,0,0,1,agree
Bank,34895,0,0,1,agree
Bank,34910,0,0,1,agree
Bank,34913,0,0,1,agree
Bank,34920,0,0,1,agree
Bank,34926,0,0,1,agree
Bank,34928,0,0,1,agree
Bank,34929,0,0,1,agree
Bank,34935,0,0,1,agree
Bank,34936,0,0,1,agree
Bank,34938,0,0,1,agree
Bank,34939,0,0,1,agree
Bank,34945,0,0,1,agree
Bank,34952,0,0,1,agree
Bank,34953,0,0,1,agree
Bank,34955,0,0,1,agree
Bank,34957,0,0,1,agree
Bank,34960,0,0,1,agree
Bank,34962,0,0,1,agree
Bank,34964,0,0,1,agree
Bank,34966,0,0,1,agree
Bank,34967,0,0,1,agree
Bank,34972,0,0,1,agree
Bank,34975,0,0,1,agree
Bank,34977,0,0,1,agree
Bank,34983,0,0,1,agree
Bank,34998,0,0,1,agree
Bank,34999,0,0,1,agree
Bank,35000,0,0,1,agree
Bank,35008,0,0,1,agree
Bank,35018,0,0,1,agree
Bank,35023,0,0,1,agree
Bank,35025,0,0,1,agree
Bank,35026,0,0,1,agree
Bank,35029,0,0,1,agree
Bank,35031,0,0,1,agree
Bank,35034,0,0,1,agree
Bank,35035,0,0,1,agree
Bank,35039,0,0,1,agree
Bank,35051,0,0,1,agree
Bank,35058,0,0,1,agree
Bank,35066,0,0,1,agree
Bank,35068,0,0,1,agree
Bank,35070,0,0,1,agree
Bank,35074,0,0,1,agree
Bank,35075,0,0,1,agree
Bank,35081,0,0,1,agree
Bank,35091,0,0,1,agree
Bank,35096,0,0,1,agree
Bank,35099,0,0,1,agree
Bank,35104,0,0,1,agree
Bank,35110,0,0,1,agree
Bank,35121,0,0,1,agree
Bank,35122,0,0,1,agree
Bank,35132,0,0,1,agree
Bank,35135,0,0,1,agree
Bank,35136,0,0,1,agree
Bank,35141,0,0,1,agree
Bank,35146,0,0,1,agree
Bank,35150,0,0,1,agree
Bank,35151,0,0,1,agree
Bank,35153,0,0,1,agree
Bank,35155,0,0,1,agree
Bank,35159,0,0,1,agree
Bank,35161,0,0,1,agree
Bank,35176,0,0,1,agree
Bank,35181,0,0,1,agree
Bank,35197,0,0,1,agree
Bank,35200,0,0,1,agree
Bank,35203,0,0,1,agree
Bank,35208,0,0,1,agree
Bank,35209,0,0,1,agree
Bank,35213,0,0,1,agree
Bank,35215,0,0,1,agree
Bank,35216,0,0,1,agree
Bank,35217,0,0,1,agree
Bank,35218,0,0,1,agree
Bank,35228,0,0,1,agree
Bank,35229,0,0,1,agree
Bank,35230,0,0,1,agree
Bank,35233,0,0,1,agree
Bank,35234,0,0,1,agree
Bank,35235,0,0,1,agree
Bank,35236,0,0,1,agree
Bank,35238,0,0,1,agree
Bank,35240,0,0,1,agree
Bank,35244,0,0,1,agree
Bank,35245,0,0,1,agree
Bank,35246,0,0,1,agree
Bank,35250,0,0,1,agree
Bank,35254,0,0,1,agree
Bank,35257,0,0,1,agree
Bank,35266,0,0,1,agree
Bank,35272,0,0,1,agree
Bank,35277,0,0,1,agree
Bank,35279,1,1,0,agree
Bank,35280,0,0,1,agree
Bank,35281,0,0,1,agree
Bank,35285,0,0,1,agree
Bank,35289,0,0,1,agree
Bank,35296,0,0,1,agree
Bank,35298,0,0,1,agree
Bank,35299,0,0,1,agree
Bank,35307,0,0,1,agree
Bank,35308,0,0,1,agree
Bank,35310,0,0,1,agree
Bank,35320,0,0,1,agree
Bank,35324,0,0,1,agree
Bank,35325,0,0,1,agree
Bank,35330,0,0,1,agree
Bank,35331,0,0,1,agree
Bank,35340,0,0,1,agree
Bank,35348,0,0,1,agree
Bank,35351,0,0,1,agree
Bank,35357,0,0,1,agree
Bank,35363,0,0,1,agree
Bank,35364,0,0,1,agree
Bank,35365,0,0,1,agree
Bank,35369,0,0,1,agree
Bank,35375,0,0,1,agree
Bank,35376,0,0,1,agree
Bank,35379,0,0,1,agree
Bank,35382,0,0,1,agree
Bank,35384,0,0,1,agree
Bank,35386,0,0,1,agree
Bank,35389,0,0,1,agree
Bank,35393,0,0,1,agree
Bank,35395,0,0,1,agree
Bank,35400,0,0,1,agree
Bank,35419,0,0,1,agree
Bank,35421,0,0,1,agree
Bank,35424,0,0,1,agree
Bank,35436,0,0,1,agree
Bank,35442,0,0,1,agree
Bank,35450,0,0,1,agree
Bank,35452,0,0,1,agree
Bank,35458,0,0,1,agree
Bank,35459,0,0,1,agree
Bank,35462,0,0,1,agree
Bank,35467,0,0,1,agree
Bank,35473,0,0,1,agree
Bank,35474,0,0,1,agree
Bank,35475,0,0,1,agree
Bank,35478,0,0,1,agree
Bank,35480,0,0,1,agree
Bank,35490,0,0,1,agree
Bank,35493,1,1,0,agree
Bank,35495,0,0,1,agree
Bank,35503,0,0,1,agree
Bank,35513,0,0,1,agree
Bank,35535,0,0,1,agree
Bank,35536,0,0,1,agree
Bank,35539,0,0,1,agree
Bank,35542,0,0,1,agree
Bank,35544,0,0,1,agree
Bank,35546,0,0,1,agree
Bank,35548,0,0,1,agree
Bank,35549,0,0,1,agree
Bank,35555,0,0,1,agree
Bank,35556,0,0,1,agree
Bank,35558,0,0,1,agree
Bank,35559,0,0,1,agree
Bank,35563,0,0,1,agree
Bank,35567,0,0,1,agree
Bank,35570,0,0,1,agree
Bank,35574,0,0,1,agree
Bank,35583,0,0,1,agree
Bank,35589,0,0,1,agree
Bank,35594,0,0,1,agree
Bank,35599,0,0,1,agree
Bank,35600,0,0,1,agree
Bank,35601,0,0,1,agree
Bank,35603,0,0,1,agree
Bank,35610,0,0,1,agree
Bank,35611,0,0,1,agree
Bank,35618,0,0,1,agree
Bank,35624,0,0,1,agree
Bank,35626,0,0,1,agree
Bank,35633,0,0,1,agree
Bank,35643,0,0,1,agree
Bank,35661,0,0,1,agree
Bank,35663,0,0,1,agree
Bank,35670,0,0,1,agree
Bank,35673,0,0,1,agree
Bank,35675,0,0,1,agree
Bank,35678,0,0,1,agree
Bank,35679,0,0,1,agree
Bank,35692,0,0,1,agree
Bank,35698,0,0,1,agree
Bank,35707,0,0,1,agree
Bank,35709,0,0,1,agree
Bank,35710,0,0,1,agree
Bank,35711,0,0,1,agree
Bank,35714,0,0,1,agree
Bank,35715,0,0,1,agree
Bank,35726,0,0,1,agree
Bank,35731,0,0,1,agree
Bank,35735,0,0,1,agree
Bank,35743,0,0,1,agree
Bank,35744,0,0,1,agree
Bank,35745,0,0,1,agree
Bank,35754,0,0,1,agree
Bank,35757,0,0,1,agree
Bank,35768,0,0,1,agree
Bank,35789,0,0,1,agree
Bank,35791,0,0,1,agree
Bank,35793,0,0,1,agree
Bank,35804,0,0,1,agree
Bank,35805,0,0,1,agree
Bank,35810,0,0,1,agree
Bank,35812,0,0,1,agree
Bank,35813,0,0,1,agree
Bank,35814,0,0,1,agree
Bank,35817,0,0,1,agree
Bank,35819,0,0,1,agree
Bank,35821,0,0,1,agree
Bank,35823,0,0,1,agree
Bank,35832,0,0,1,agree
Bank,35833,0,0,1,agree
Bank,35836,0,0,1,agree
Bank,35862,0,0,1,agree
Bank,35865,0,0,1,agree
Bank,35870,0,0,1,agree
Bank,35873,0,0,1,agree
Bank,35878,0,0,1,agree
Bank,35880,0,0,1,agree
Bank,35882,0,0,1,agree
Bank,35885,0,0,1,agree
Bank,35893,0,0,1,agree
Bank,35900,0,0,1,agree
Bank,35903,0,0,1,agree
Bank,35924,0,0,1,agree
Bank,35930,0,0,1,agree
Bank,35933,0,0,1,agree
Bank,35946,0,0,1,agree
Bank,35950,0,0,1,agree
Bank,35952,0,0,1,agree
Bank,35957,0,0,1,agree
Bank,35959,0,0,1,agree
Bank,35966,0,0,1,agree
Bank,35968,0,0,1,agree
Bank,35970,0,0,1,agree
Bank,35984,0,0,1,agree
Bank,35988,0,0,1,agree
Bank,35990,0,0,1,agree
Bank,35991,0,0,1,agree
Bank,35997,0,0,1,agree
Bank,35999,0,0,1,agree
Bank,36000,0,0,1,agree
Bank,36002,0,0,1,agree
Bank,36005,0,0,1,agree
Bank,36007,0,0,1,agree
Bank,36009,0,0,1,agree
Bank,36012,0,0,1,agree
Bank,36014,0,0,1,agree
Bank,36023,0,0,1,agree
Bank,36025,0,0,1,agree
Bank,36041,0,0,1,agree
Bank,36042,0,0,1,agree
Bank,36044,0,0,1,agree
Bank,36048,0,0,1,agree
Bank,36049,0,0,1,agree
Bank,36050,0,0,1,agree
Bank,36051,0,0,1,agree
Bank,36054,0,0,1,agree
Bank,36059,0,0,1,agree
Bank,36063,0,0,1,agree
Bank,36070,0,0,1,agree
Bank,36071,0,0,1,agree
Bank,36074,0,0,1,agree
Bank,36075,0,0,1,agree
Bank,36077,0,0,1,agree
Bank,36078,0,0,1,agree
Bank,36080,0,0,1,agree
Bank,36087,0,0,1,agree
Bank,36091,0,0,1,agree
Bank,36096,0,0,1,agree
Bank,36099,0,0,1,agree
Bank,36104,0,0,1,agree
Bank,36113,0,0,1,agree
Bank,36115,0,0,1,agree
Bank,36119,0,0,1,agree
Bank,36124,0,0,1,agree
Bank,36125,0,0,1,agree
Bank,36128,0,0,1,agree
Bank,36131,0,0,1,agree
Bank,36132,0,0,1,agree
Bank,36133,0,0,1,agree
Bank,36137,0,0,1,agree
Bank,36141,0,0,1,agree
Bank,36143,0,0,1,agree
Bank,36146,0,0,1,agree
Bank,36153,0,0,1,agree
Bank,36156,0,0,1,agree
Bank,36157,0,0,1,agree
Bank,36161,0,0,1,agree
Bank,36165,0,0,1,agree
Bank,36173,0,0,1,agree
Bank,36174,0,0,1,agree
Bank,36177,0,0,1,agree
Bank,36184,0,0,1,agree
Bank,36185,0,0,1,agree
Bank,36187,0,0,1,agree
Bank,36195,0,0,1,agree
Bank,36200,0,0,1,agree
Bank,36207,0,0,1,agree
Bank,36208,0,0,1,agree
Bank,36209,0,0,1,agree
Bank,36212,0,0,1,agree
Bank,36214,0,0,1,agree
Bank,36215,0,0,1,agree
Bank,36217,0,0,1,agree
Bank,36219,0,0,1,agree
Bank,36222,0,0,1,agree
Bank,36233,0,0,1,agree
Bank,36236,0,0,1,agree
Bank,36237,0,0,1,agree
Bank,36238,0,0,1,agree
Bank,36242,0,0,1,agree
Bank,36248,0,0,1,agree
Bank,36257,0,0,1,agree
Bank,36259,0,0,1,agree
Bank,36261,0,0,1,agree
Bank,36262,0,0,1,agree
Bank,36263,0,0,1,agree
Bank,36270,0,0,1,agree
Bank,36288,0,0,1,agree
Bank,36297,0,0,1,agree
Bank,36304,0,0,1,agree
Bank,36305,0,0,1,agree
Bank,36317,0,0,1,agree
Bank,36320,0,0,1,agree
Bank,36321,0,0,1,agree
Bank,36328,0,0,1,agree
Bank,36332,0,0,1,agree
Bank,36333,0,0,1,agree
Bank,36339,0,0,1,agree
Bank,36343,0,0,1,agree
Bank,36344,0,0,1,agree
Bank,36345,0,0,1,agree
Bank,36348,0,0,1,agree
Bank,36350,0,0,1,agree
Bank,36352,0,0,1,agree
Bank,36359,0,0,1,agree
Bank,36360,0,0,1,agree
Bank,36363,0,0,1,agree
Bank,36364,0,0,1,agree
Bank,36371,0,0,1,agree
Bank,36375,0,0,1,agree
Bank,36377,0,0,1,agree
Bank,36387,0,0,1,agree
Bank,36391,0,0,1,agree
Bank,36396,0,0,1,agree
Bank,36397,0,0,1,agree
Bank,36398,0,0,1,agree
Bank,36401,0,0,1,agree
Bank,36406,0,0,1,agree
Bank,36408,0,0,1,agree
Bank,36410,0,0,1,agree
Bank,36412,0,0,1,agree
Bank,36420,0,0,1,agree
Bank,36423,0,0,1,agree
Bank,36424,0,0,1,agree
Bank,36434,0,0,1,agree
Bank,36436,0,0,1,agree
Bank,36438,0,0,1,agree
Bank,36440,0,0,1,agree
Bank,36442,0,0,1,agree
Bank,36444,0,0,1,agree
Bank,36453,0,0,1,agree
Bank,36455,0,0,1,agree
Bank,36479,0,0,1,agree
Bank,36481,0,0,1,agree
Bank,36484,0,0,1,agree
Bank,36487,0,0,1,agree
Bank,36488,0,0,1,agree
Bank,36496,0,0,1,agree
Bank,36497,0,0,1,agree
Bank,36500,0,0,1,agree
Bank,36503,0,0,1,agree
Bank,36504,0,0,1,agree
Bank,36512,0,0,1,agree
Bank,36513,0,0,1,agree
Bank,36516,0,0,1,agree
Bank,36517,0,0,1,agree
Bank,36520,0,0,1,agree
Bank,36524,0,0,1,agree
Bank,36527,0,0,1,agree
Bank,36528,0,0,1,agree
Bank,36532,0,0,1,agree
Bank,36533,0,0,1,agree
Bank,36535,0,0,1,agree
Bank,36536,0,0,1,agree
Bank,36543,0,0,1,agree
Bank,36544,0,0,1,agree
Bank,36546,0,0,1,agree
Bank,36555,0,0,1,agree
Bank,36556,0,0,1,agree
Bank,36557,0,0,1,agree
Bank,36561,0,0,1,agree
Bank,36569,0,0,1,agree
Bank,36574,0,0,1,agree
Bank,36583,0,0,1,agree
Bank,36594,0,0,1,agree
Bank,36603,0,0,1,agree
Bank,36612,0,0,1,agree
Bank,36616,0,0,1,agree
Bank,36630,0,0,1,agree
Bank,36632,0,0,1,agree
Bank,36634,0,0,1,agree
Bank,36638,0,0,1,agree
Bank,36639,0,0,1,agree
Bank,36640,0,0,1,agree
Bank,36641,0,0,1,agree
Bank,36643,0,0,1,agree
Bank,36646,0,0,1,agree
Bank,36655,0,0,1,agree
Bank,36662,0,0,1,agree
Bank,36665,0,0,1,agree
Bank,36677,0,0,1,agree
Bank,36679,0,0,1,agree
Bank,36681,0,0,1,agree
Bank,36683,0,0,1,agree
Bank,36686,0,0,1,agree
Bank,36690,0,0,1,agree
Bank,36695,0,0,1,agree
Bank,36696,0,0,1,agree
Bank,36698,0,0,1,agree
Bank,36699,0,0,1,agree
Bank,36701,0,0,1,agree
Bank,36706,1,1,0,agree
Bank,36708,0,0,1,agree
Bank,36711,0,0,1,agree
Bank,36719,0,0,1,agree
Bank,36731,0,0,1,agree
Bank,36732,0,0,1,agree
Bank,36735,0,0,1,agree
Bank,36739,0,0,1,agree
Bank,36740,0,0,1,agree
Bank,36741,0,0,1,agree
Bank,36748,0,0,1,agree
Bank,36758,0,0,1,agree
Bank,36761,0,0,1,agree
Bank,36765,0,0,1,agree
Bank,36767,0,0,1,agree
Bank,36773,0,0,1,agree
Bank,36775,0,0,1,agree
Bank,36776,0,0,1,agree
Bank,36777,0,0,1,agree
Bank,36779,0,0,1,agree
Bank,36780,0,0,1,agree
Bank,36787,0,0,1,agree
Bank,36791,0,0,1,agree
Bank,36798,0,0,1,agree
Bank,36799,0,0,1,agree
Bank,36800,0,0,1,agree
Bank,36801,0,0,1,agree
Bank,36806,0,0,1,agree
Bank,36808,0,0,1,agree
Bank,36816,0,0,1,agree
Bank,36825,0,0,1,agree
Bank,36828,0,0,1,agree
Bank,36830,0,0,1,agree
Bank,36832,0,0,1,agree
Bank,36833,0,0,1,agree
Bank,36834,0,0,1,agree
Bank,36840,0,0,1,agree
Bank,36841,0,0,1,agree
Bank,36848,0,0,1,agree
Bank,36854,0,0,1,agree
Bank,36857,0,0,1,agree
Bank,36859,0,0,1,agree
Bank,36860,0,0,1,agree
Bank,36862,0,0,1,agree
Bank,36863,0,0,1,agree
Bank,36865,0,0,1,agree
Bank,36868,0,0,1,agree
Bank,36871,0,0,1,agree
Bank,36872,0,0,1,agree
Bank,36873,0,0,1,agree
Bank,36874,0,0,1,agree
Bank,36875,0,0,1,agree
Bank,36876,0,0,1,agree
Bank,36886,0,0,1,agree
Bank,36898,0,0,1,agree
Bank,36899,0,0,1,agree
Bank,36900,0,0,1,agree
Bank,36903,0,0,1,agree
Bank,36905,0,0,1,agree
Bank,36907,0,0,1,agree
Bank,36910,0,0,1,agree
Bank,36912,0,0,1,agree
Bank,36918,0,0,1,agree
Bank,36921,0,0,1,agree
Bank,36922,0,0,1,agree
Bank,36932,0,0,1,agree
Bank,36940,0,0,1,agree
Bank,36941,0,0,1,agree
Bank,36942,0,0,1,agree
Bank,36944,0,0,1,agree
Bank,36947,0,0,1,agree
Bank,36953,0,0,1,agree
Bank,36955,0,0,1,agree
Bank,36958,0,0,1,agree
Bank,36963,0,0,1,agree
Bank,36965,0,0,1,agree
Bank,36968,0,0,1,agree
Bank,36971,0,0,1,agree
Bank,36976,0,0,1,agree
Bank,36978,0,0,1,agree
Bank,36986,0,0,1,agree
Bank,36991,0,0,1,agree
Bank,36995,0,0,1,agree
Bank,36998,0,0,1,agree
Bank,37005,0,0,1,agree
Bank,37009,0,0,1,agree
Bank,37019,0,0,1,agree
Bank,37021,0,0,1,agree
Bank,37022,0,0,1,agree
Bank,37026,0,0,1,agree
Bank,37029,0,0,1,agree
Bank,37033,0,0,1,agree
Bank,37035,0,0,1,agree
Bank,37041,0,0,1,agree
Bank,37043,0,0,1,agree
Bank,37046,0,0,1,agree
Bank,37054,0,0,1,agree
Bank,37058,0,0,1,agree
Bank,37062,0,0,1,agree
Bank,37063,0,0,1,agree
Bank,37066,0,0,1,agree
Bank,37080,0,0,1,agree
Bank,37082,0,0,1,agree
Bank,37086,0,0,1,agree
Bank,37088,0,0,1,agree
Bank,37094,0,0,1,agree
Bank,37097,0,0,1,agree
Bank,37104,0,0,1,agree
Bank,37111,0,0,1,agree
Bank,37114,0,0,1,agree
Bank,37117,0,0,1,agree
Bank,37118,0,0,1,agree
Bank,37121,0,0,1,agree
Bank,37126,0,0,1,agree
Bank,37129,0,0,1,agree
Bank,37133,0,0,1,agree
Bank,37136,0,0,1,agree
Bank,37139,0,0,1,agree
Bank,37140,0,0,1,agree
Bank,37142,0,0,1,agree
Bank,37143,0,0,1,agree
Bank,37152,0,0,1,agree
Bank,37154,0,0,1,agree
Bank,37156,0,0,1,agree
Bank,37158,0,0,1,agree
Bank,37162,0,0,1,agree
Bank,37169,0,0,1,agree
Bank,37172,0,0,1,agree
Bank,37173,0,0,1,agree
Bank,37176,0,0,1,agree
Bank,37179,0,0,1,agree
Bank,37180,0,0,1,agree
Bank,37184,0,0,1,agree
Bank,37191,0,0,1,agree
Bank,37198,0,0,1,agree
Bank,37203,0,0,1,agree
Bank,37205,0,0,1,agree
Bank,37207,0,0,1,agree
Bank,37209,0,0,1,agree
Bank,37211,0,0,1,agree
Bank,37221,0,0,1,agree
Bank,37225,0,0,1,agree
Bank,37226,0,0,1,agree
Bank,37230,0,0,1,agree
Bank,37233,0,0,1,agree
Bank,37235,0,0,1,agree
Bank,37238,0,0,1,agree
Bank,37239,0,0,1,agree
Bank,37245,0,0,1,agree
Bank,37255,0,0,1,agree
Bank,37257,0,0,1,agree
Bank,37260,0,0,1,agree
Bank,37264,0,0,1,agree
Bank,37265,0,0,1,agree
Bank,37267,0,0,1,agree
Bank,37271,0,0,1,agree
Bank,37274,0,0,1,agree
Bank,37278,0,0,1,agree
Bank,37280,0,0,1,agree
Bank,37282,0,0,1,agree
Bank,37286,0,0,1,agree
Bank,37289,0,0,1,agree
Bank,37292,0,0,1,agree
Bank,37293,0,0,1,agree
Bank,37298,0,0,1,agree
Bank,37302,0,0,1,agree
Bank,37306,0,0,1,agree
Bank,37307,0,0,1,agree
Bank,37308,0,0,1,agree
Bank,37314,0,0,1,agree
Bank,37321,0,0,1,agree
Bank,37322,0,0,1,agree
Bank,37326,0,0,1,agree
Bank,37329,0,0,1,agree
Bank,37333,0,0,1,agree
Bank,37347,0,0,1,agree
Bank,37356,0,0,1,agree
Bank,37363,0,0,1,agree
Bank,37385,0,0,1,agree
Bank,37386,0,0,1,agree
Bank,37391,0,0,1,agree
Bank,37394,0,0,1,agree
Bank,37397,0,0,1,agree
Bank,37398,0,0,1,agree
Bank,37401,0,0,1,agree
Bank,37403,0,0,1,agree
Bank,37406,0,0,1,agree
Bank,37407,0,0,1,agree
Bank,37409,0,0,1,agree
Bank,37414,0,0,1,agree
Bank,37424,0,0,1,agree
Bank,37429,0,0,1,agree
Bank,37431,0,0,1,agree
Bank,37432,0,0,1,agree
Bank,37438,0,0,1,agree
Bank,37440,0,0,1,agree
Bank,37443,0,0,1,agree
Bank,37450,0,0,1,agree
Bank,37454,0,0,1,agree
Bank,37456,0,0,1,agree
Bank,37457,0,0,1,agree
Bank,37459,0,0,1,agree
Bank,37460,0,0,1,agree
Bank,37463,0,0,1,agree
Bank,37464,0,0,1,agree
Bank,37465,0,0,1,agree
Bank,37471,0,0,1,agree
Bank,37476,0,0,1,agree
Bank,37484,0,0,1,agree
Bank,37487,0,0,1,agree
Bank,37504,0,0,1,agree
Bank,37507,0,0,1,agree
Bank,37510,0,0,1,agree
Bank,37513,0,0,1,agree
Bank,37514,0,0,1,agree
Bank,37518,0,0,1,agree
Bank,37520,0,0,1,agree
Bank,37528,0,0,1,agree
Bank,37546,0,0,1,agree
Bank,37548,0,0,1,agree
Bank,37552,0,0,1,agree
Bank,37554,0,0,1,agree
Bank,37556,0,0,1,agree
Bank,37563,0,0,1,agree
Bank,37569,0,0,1,agree
Bank,37570,0,0,1,agree
Bank,37573,0,0,1,agree
Bank,37575,1,1,0,agree
Bank,37577,0,0,1,agree
Bank,37578,0,0,1,agree
Bank,37579,0,0,1,agree
Bank,37589,0,0,1,agree
Bank,37590,0,0,1,agree
Bank,37596,0,0,1,agree
Bank,37607,0,0,1,agree
Bank,37612,0,0,1,agree
Bank,37613,0,0,1,agree
Bank,37614,0,0,1,agree
Bank,37616,0,0,1,agree
Bank,37618,0,0,1,agree
Bank,37626,0,0,1,agree
Bank,37628,0,0,1,agree
Bank,37631,0,0,1,agree
Bank,37637,0,0,1,agree
Bank,37649,0,0,1,agree
Bank,37652,0,0,1,agree
Bank,37660,0,0,1,agree
Bank,37663,0,0,1,agree
Bank,37666,0,0,1,agree
Bank,37668,0,0,1,agree
Bank,37673,0,0,1,agree
Bank,37676,0,0,1,agree
Bank,37680,0,0,1,agree
Bank,37694,0,0,1,agree
Bank,37704,0,0,1,agree
Bank,37708,0,0,1,agree
Bank,37714,0,0,1,agree
Bank,37716,0,0,1,agree
Bank,37718,0,0,1,agree
Bank,37719,0,0,1,agree
Bank,37726,0,0,1,agree
Bank,37728,0,0,1,agree
Bank,37731,0,0,1,agree
Bank,37737,0,0,1,agree
Bank,37739,0,0,1,agree
Bank,37741,0,0,1,agree
Bank,37743,0,0,1,agree
Bank,37753,0,0,1,agree
Bank,37754,0,0,1,agree
Bank,37755,0,0,1,agree
Bank,37756,0,0,1,agree
Bank,37761,0,0,1,agree
Bank,37769,0,0,1,agree
Bank,37785,0,0,1,agree
Bank,37787,0,0,1,agree
Bank,37789,0,0,1,agree
Bank,37791,0,0,1,agree
Bank,37793,0,0,1,agree
Bank,37794,0,0,1,agree
Bank,37796,0,0,1,agree
Bank,37801,0,0,1,agree
Bank,37802,0,0,1,agree
Bank,37811,0,0,1,agree
Bank,37815,0,0,1,agree
Bank,37829,0,0,1,agree
Bank,37833,0,0,1,agree
Bank,37834,0,0,1,agree
Bank,37835,0,0,1,agree
Bank,37837,0,0,1,agree
Bank,37838,0,0,1,agree
Bank,37839,0,0,1,agree
Bank,37840,0,0,1,agree
Bank,37849,0,0,1,agree
Bank,37857,0,0,1,agree
Bank,37860,0,0,1,agree
Bank,37861,0,0,1,agree
Bank,37862,0,0,1,agree
Bank,37873,0,0,1,agree
Bank,37877,0,0,1,agree
Bank,37894,0,0,1,agree
Bank,37898,0,0,1,agree
Bank,37899,0,0,1,agree
Bank,37906,0,0,1,agree
Bank,37912,0,0,1,agree
Bank,37918,0,0,1,agree
Bank,37919,0,0,1,agree
Bank,37926,0,0,1,agree
Bank,37927,0,0,1,agree
Bank,37929,0,0,1,agree
Bank,37931,0,0,1,agree
Bank,37934,0,0,1,agree
Bank,37937,0,0,1,agree
Bank,37939,0,0,1,agree
Bank,37946,0,0,1,agree
Bank,37952,0,0,1,agree
Bank,37953,0,0,1,agree
Bank,37960,0,0,1,agree
Bank,37962,0,0,1,agree
Bank,37974,0,0,1,agree
Bank,37984,0,0,1,agree
Bank,37986,0,0,1,agree
Bank,37987,0,0,1,agree
Bank,38001,0,0,1,agree
Bank,38002,0,0,1,agree
Bank,38007,0,0,1,agree
Bank,38008,0,0,1,agree
Bank,38012,0,0,1,agree
Bank,38015,0,0,1,agree
Bank,38018,0,0,1,agree
Bank,38022,0,0,1,agree
Bank,38023,0,0,1,agree
Bank,38024,0,0,1,agree
Bank,38025,0,0,1,agree
Bank,38030,0,0,1,agree
Bank,38036,0,0,1,agree
Bank,38052,0,0,1,agree
Bank,38054,0,0,1,agree
Bank,38056,0,0,1,agree
Bank,38059,0,0,1,agree
Bank,38061,0,0,1,agree
Bank,38065,0,0,1,agree
Bank,38072,0,0,1,agree
Bank,38079,0,0,1,agree
Bank,38083,0,0,1,agree
Bank,38087,0,0,1,agree
Bank,38088,0,0,1,agree
Bank,38092,0,0,1,agree
Bank,38093,0,0,1,agree
Bank,38095,0,0,1,agree
Bank,38098,0,0,1,agree
Bank,38100,0,0,1,agree
Bank,38108,0,0,1,agree
Bank,38109,0,0,1,agree
Bank,38112,0,0,1,agree
Bank,38113,0,0,1,agree
Bank,38116,0,0,1,agree
Bank,38117,0,0,1,agree
Bank,38130,0,0,1,agree
Bank,38138,0,0,1,agree
Bank,38141,0,0,1,agree
Bank,38143,0,0,1,agree
Bank,38147,0,0,1,agree
Bank,38154,0,0,1,agree
Bank,38155,0,0,1,agree
Bank,38159,0,0,1,agree
Bank,38165,0,0,1,agree
Bank,38174,0,0,1,agree
Bank,38177,0,0,1,agree
Bank,38179,0,0,1,agree
Bank,38180,0,0,1,agree
Bank,38188,0,0,1,agree
Bank,38192,0,0,1,agree
Bank,38196,0,0,1,agree
Bank,38201,0,0,1,agree
Bank,38202,0,0,1,agree
Bank,38210,0,0,1,agree
Bank,38219,0,0,1,agree
Bank,38223,0,0,1,agree
Bank,38224,0,0,1,agree
Bank,38242,0,0,1,agree
Bank,38252,0,0,1,agree
Bank,38253,0,0,1,agree
Bank,38255,0,0,1,agree
Bank,38257,0,0,1,agree
Bank,38258,0,0,1,agree
Bank,38260,0,0,1,agree
Bank,38265,0,0,1,agree
Bank,38266,0,0,1,agree
Bank,38267,0,0,1,agree
Bank,38270,0,0,1,agree
Bank,38271,0,0,1,agree
Bank,38272,0,0,1,agree
Bank,38273,0,0,1,agree
Bank,38284,0,0,1,agree
Bank,38294,0,0,1,agree
Bank,38297,0,0,1,agree
Bank,38301,0,0,1,agree
Bank,38303,0,0,1,agree
Bank,38317,0,0,1,agree
Bank,38319,0,0,1,agree
Bank,38328,0,0,1,agree
Bank,38340,0,0,1,agree
Bank,38341,0,0,1,agree
Bank,38344,0,0,1,agree
Bank,38345,0,0,1,agree
Bank,38355,0,0,1,agree
Bank,38357,0,0,1,agree
Bank,38361,0,0,1,agree
Bank,38371,0,0,1,agree
Bank,38378,0,0,1,agree
Bank,38382,0,0,1,agree
Bank,38390,0,0,1,agree
Bank,38394,0,0,1,agree
Bank,38402,0,0,1,agree
Bank,38412,0,0,1,agree
Bank,38414,0,0,1,agree
Bank,38422,0,0,1,agree
Bank,38423,0,0,1,agree
Bank,38426,0,0,1,agree
Bank,38428,0,0,1,agree
Bank,38429,0,0,1,agree
Bank,38432,0,0,1,agree
Bank,38433,0,0,1,agree
Bank,38436,0,0,1,agree
Bank,38439,0,0,1,agree
Bank,38444,0,0,1,agree
Bank,38451,0,0,1,agree
Bank,38458,0,0,1,agree
Bank,38459,0,0,1,agree
Bank,38466,0,0,1,agree
Bank,38469,0,0,1,agree
Bank,38472,0,0,1,agree
Bank,38475,0,0,1,agree
Bank,38477,0,0,1,agree
Bank,38478,0,0,1,agree
Bank,38482,0,0,1,agree
Bank,38483,0,0,1,agree
Bank,38484,0,0,1,agree
Bank,38495,0,0,1,agree
Bank,38499,0,0,1,agree
Bank,38501,0,0,1,agree
Bank,38502,0,0,1,agree
Bank,38504,0,0,1,agree
Bank,38510,0,0,1,agree
Bank,38512,0,0,1,agree
Bank,38513,0,0,1,agree
Bank,38520,0,0,1,agree
Bank,38522,0,0,1,agree
Bank,38527,0,0,1,agree
Bank,38539,0,0,1,agree
Bank,38543,0,0,1,agree
Bank,38551,0,0,1,agree
Bank,38554,0,0,1,agree
Bank,38568,0,0,1,agree
Bank,38570,0,0,1,agree
Bank,38574,0,0,1,agree
Bank,38580,0,0,1,agree
Bank,38587,0,0,1,agree
Bank,38590,0,0,1,agree
Bank,38591,0,0,1,agree
Bank,38592,0,0,1,agree
Bank,38594,0,0,1,agree
Bank,38599,0,0,1,agree
Bank,38600,0,0,1,agree
Bank,38604,0,0,1,agree
Bank,38608,0,0,1,agree
Bank,38609,0,0,1,agree
Bank,38619,0,0,1,agree
Bank,38621,0,0,1,agree
Bank,38622,0,0,1,agree
Bank,38631,0,0,1,agree
Bank,38639,0,0,1,agree
Bank,38645,0,0,1,agree
Bank,38648,0,0,1,agree
Bank,38649,0,0,1,agree
Bank,38652,0,0,1,agree
Bank,38656,0,0,1,agree
Bank,38658,0,0,1,agree
Bank,38672,0,0,1,agree
Bank,38673,0,0,1,agree
Bank,38676,0,0,1,agree
Bank,38678,0,0,1,agree
Bank,38679,0,0,1,agree
Bank,38685,0,0,1,agree
Bank,38688,0,0,1,agree
Bank,38694,0,0,1,agree
Bank,38696,0,0,1,agree
Bank,38697,0,0,1,agree
Bank,38700,0,0,1,agree
Bank,38701,0,0,1,agree
Bank,38710,0,0,1,agree
Bank,38712,0,0,1,agree
Bank,38715,0,0,1,agree
Bank,38717,0,0,1,agree
Bank,38726,0,0,1,agree
Bank,38734,0,0,1,agree
Bank,38735,0,0,1,agree
Bank,38742,0,0,1,agree
Bank,38745,0,0,1,agree
Bank,38748,0,0,1,agree
Bank,38756,0,0,1,agree
Bank,38757,0,0,1,agree
Bank,38762,0,0,1,agree
Bank,38766,0,0,1,agree
Bank,38767,0,0,1,agree
Bank,38773,0,0,1,agree
Bank,38778,0,0,1,agree
Bank,38781,0,0,1,agree
Bank,38782,0,0,1,agree
Bank,38785,0,0,1,agree
Bank,38791,0,0,1,agree
Bank,38794,0,0,1,agree
Bank,38799,0,0,1,agree
Bank,38803,0,0,1,agree
Bank,38805,0,0,1,agree
Bank,38825,0,0,1,agree
Bank,38829,1,1,0,agree
Bank,38832,0,0,1,agree
Bank,38840,0,0,1,agree
Bank,38841,0,0,1,agree
Bank,38843,0,0,1,agree
Bank,38844,0,0,1,agree
Bank,38845,0,0,1,agree
Bank,38850,0,0,1,agree
Bank,38851,0,0,1,agree
Bank,38853,0,0,1,agree
Bank,38858,0,0,1,agree
Bank,38859,0,0,1,agree
Bank,38863,0,0,1,agree
Bank,38866,0,0,1,agree
Bank,38875,0,0,1,agree
Bank,38877,0,0,1,agree
Bank,38884,0,0,1,agree
Bank,38887,0,0,1,agree
Bank,38891,0,0,1,agree
Bank,38895,0,0,1,agree
Bank,38900,0,0,1,agree
Bank,38904,0,0,1,agree
Bank,38905,0,0,1,agree
Bank,38912,0,0,1,agree
Bank,38913,0,0,1,agree
Bank,38915,0,0,1,agree
Bank,38916,0,0,1,agree
Bank,38919,0,0,1,agree
Bank,38925,0,0,1,agree
Bank,38931,0,0,1,agree
Bank,38933,0,0,1,agree
Bank,38935,0,0,1,agree
Bank,38941,0,0,1,agree
Bank,38945,0,0,1,agree
Bank,38946,0,0,1,agree
Bank,38948,0,0,1,agree
Bank,38949,0,0,1,agree
Bank,38956,0,0,1,agree
Bank,38960,0,0,1,agree
Bank,38971,0,0,1,agree
Bank,38975,0,0,1,agree
Bank,38982,0,0,1,agree
Bank,38983,0,0,1,agree
Bank,38984,0,0,1,agree
Bank,38986,0,0,1,agree
Bank,38987,0,0,1,agree
Bank,38990,0,0,1,agree
Bank,38995,0,0,1,agree
Bank,39001,0,0,1,agree
Bank,39006,0,0,1,agree
Bank,39008,0,0,1,agree
Bank,39012,0,0,1,agree
Bank,39015,0,0,1,agree
Bank,39019,0,0,1,agree
Bank,39025,0,0,1,agree
Bank,39027,0,0,1,agree
Bank,39028,0,0,1,agree
Bank,39030,0,0,1,agree
Bank,39036,0,0,1,agree
Bank,39040,0,0,1,agree
Bank,39041,0,0,1,agree
Bank,39042,0,0,1,agree
Bank,39044,0,0,1,agree
Bank,39045,0,0,1,agree
Bank,39050,0,0,1,agree
Bank,39053,0,0,1,agree
Bank,39055,0,0,1,agree
Bank,39060,0,0,1,agree
Bank,39061,0,0,1,agree
Bank,39066,0,0,1,agree
Bank,39067,0,0,1,agree
Bank,39069,0,0,1,agree
Bank,39070,0,0,1,agree
Bank,39078,0,0,1,agree
Bank,39087,0,0,1,agree
Bank,39088,0,0,1,agree
Bank,39090,0,0,1,agree
Bank,39094,0,0,1,agree
Bank,39095,0,0,1,agree
Bank,39097,0,0,1,agree
Bank,39098,0,0,1,agree
Bank,39101,0,0,1,agree
Bank,39108,0,0,1,agree
Bank,39114,0,0,1,agree
Bank,39115,0,0,1,agree
Bank,39116,0,0,1,agree
Bank,39128,0,0,1,agree
Bank,39133,0,0,1,agree
Bank,39139,0,0,1,agree
Bank,39140,0,0,1,agree
Bank,39141,0,0,1,agree
Bank,39150,0,0,1,agree
Bank,39158,0,0,1,agree
Bank,39168,0,0,1,agree
Bank,39171,0,0,1,agree
Bank,39175,0,0,1,agree
Bank,39178,0,0,1,agree
Bank,39179,0,0,1,agree
Bank,39184,0,0,1,agree
Bank,39194,0,0,1,agree
Bank,39197,0,0,1,agree
Bank,39201,0,0,1,agree
Bank,39218,0,0,1,agree
Bank,39219,0,0,1,agree
Bank,39220,0,0,1,agree
Bank,39221,0,0,1,agree
Bank,39223,0,0,1,agree
Bank,39225,0,0,1,agree
Bank,39227,0,0,1,agree
Bank,39233,0,0,1,agree
Bank,39237,0,0,1,agree
Bank,39240,0,0,1,agree
Bank,39247,0,0,1,agree
Bank,39248,0,0,1,agree
Bank,39251,0,0,1,agree
Bank,39253,0,0,1,agree
Bank,39258,0,0,1,agree
Bank,39259,0,0,1,agree
Bank,39260,0,0,1,agree
Bank,39262,0,0,1,agree
Bank,39271,0,0,1,agree
Bank,39280,0,0,1,agree
Bank,39288,0,0,1,agree
Bank,39293,0,0,1,agree
Bank,39297,0,0,1,agree
Bank,39301,0,0,1,agree
Bank,39304,0,0,1,agree
Bank,39307,0,0,1,agree
Bank,39310,0,0,1,agree
Bank,39319,0,0,1,agree
Bank,39326,0,0,1,agree
Bank,39333,0,0,1,agree
Bank,39335,0,0,1,agree
Bank,39337,0,0,1,agree
Bank,39339,0,0,1,agree
Bank,39342,0,0,1,agree
Bank,39357,0,0,1,agree
Bank,39364,0,0,1,agree
Bank,39366,1,1,0,agree
Bank,39368,0,0,1,agree
Bank,39370,0,0,1,agree
Bank,39374,0,0,1,agree
Bank,39381,0,0,1,agree
Bank,39384,0,0,1,agree
Bank,39387,0,0,1,agree
Bank,39389,0,0,1,agree
Bank,39394,0,0,1,agree
Bank,39395,0,0,1,agree
Bank,39397,0,0,1,agree
Bank,39401,0,0,1,agree
Bank,39404,0,0,1,agree
Bank,39405,0,0,1,agree
Bank,39406,0,0,1,agree
Bank,39426,0,0,1,agree
Bank,39440,0,0,1,agree
Bank,39450,0,0,1,agree
Bank,39453,0,0,1,agree
Bank,39457,0,0,1,agree
Bank,39461,0,0,1,agree
Bank,39463,0,0,1,agree
Bank,39468,0,0,1,agree
Bank,39469,0,0,1,agree
Bank,39472,0,0,1,agree
Bank,39477,0,0,1,agree
Bank,39480,0,0,1,agree
Bank,39481,1,1,0,agree
Bank,39482,0,0,1,agree
Bank,39488,1,1,0,agree
Bank,39497,0,0,1,agree
Bank,39501,0,0,1,agree
Bank,39507,0,0,1,agree
Bank,39508,0,0,1,agree
Bank,39516,0,0,1,agree
Bank,39526,0,0,1,agree
Bank,39527,1,1,0,agree
Bank,39529,0,0,1,agree
Bank,39542,0,0,1,agree
Bank,39546,0,0,1,agree
Bank,39551,0,0,1,agree
Bank,39552,0,0,1,agree
Bank,39561,0,0,1,agree
Bank,39562,0,0,1,agree
Bank,39564,0,0,1,agree
Bank,39568,0,0,1,agree
Bank,39571,0,0,1,agree
Bank,39572,0,0,1,agree
Bank,39575,0,0,1,agree
Bank,39576,0,0,1,agree
Bank,39577,0,0,1,agree
Bank,39578,0,0,1,agree
Bank,39579,0,0,1,agree
Bank,39581,0,0,1,agree
Bank,39582,0,0,1,agree
Bank,39587,0,0,1,agree
Bank,39605,0,0,1,agree
Bank,39611,0,0,1,agree
Bank,39613,0,0,1,agree
Bank,39620,0,0,1,agree
Bank,39626,0,0,1,agree
Bank,39630,0,0,1,agree
Bank,39632,0,0,1,agree
Bank,39636,0,0,1,agree
Bank,39638,0,0,1,agree
Bank,39647,0,0,1,agree
Bank,39649,0,0,1,agree
Bank,39652,0,0,1,agree
Bank,39655,0,0,1,agree
Bank,39656,0,0,1,agree
Bank,39670,0,0,1,agree
Bank,39671,0,0,1,agree
Bank,39672,0,0,1,agree
Bank,39676,0,0,1,agree
Bank,39680,0,0,1,agree
Bank,39681,0,0,1,agree
Bank,39694,0,0,1,agree
Bank,39699,0,0,1,agree
Bank,39703,0,0,1,agree
Bank,39707,0,0,1,agree
Bank,39709,0,0,1,agree
Bank,39715,0,0,1,agree
Bank,39718,0,0,1,agree
Bank,39721,0,0,1,agree
Bank,39723,0,0,1,agree
Bank,39724,0,0,1,agree
Bank,39727,0,0,1,agree
Bank,39734,0,0,1,agree
Bank,39736,0,0,1,agree
Bank,39740,0,0,1,agree
Bank,39746,0,0,1,agree
Bank,39748,0,0,1,agree
Bank,39750,0,0,1,agree
Bank,39751,0,0,1,agree
Bank,39752,0,0,1,agree
Bank,39755,0,0,1,agree
Bank,39757,0,0,1,agree
Bank,39759,0,0,1,agree
Bank,39760,0,0,1,agree
Bank,39763,1,1,0,agree
Bank,39773,0,0,1,agree
Bank,39775,0,0,1,agree
Bank,39776,0,0,1,agree
Bank,39777,0,0,1,agree
Bank,39780,0,0,1,agree
Bank,39785,0,0,1,agree
Bank,39794,1,1,0,agree
Bank,39808,0,0,1,agree
Bank,39809,0,0,1,agree
Bank,39814,0,0,1,agree
Bank,39821,0,0,1,agree
Bank,39823,0,0,1,agree
Bank,39826,0,0,1,agree
Bank,39836,0,0,1,agree
Bank,39841,1,1,0,agree
Bank,39847,0,0,1,agree
Bank,39851,0,0,1,agree
Bank,39854,0,0,1,agree
Bank,39855,1,1,0,agree
Bank,39858,0,0,1,agree
Bank,39862,0,0,1,agree
Bank,39870,0,0,1,agree
Bank,39872,0,0,1,agree
Bank,39873,0,0,1,agree
Bank,39879,1,1,0,agree
Bank,39884,0,0,1,agree
Bank,39885,0,0,1,agree
Bank,39887,0,0,1,agree
Bank,39890,1,1,0,agree
Bank,39901,0,0,1,agree
Bank,39911,0,0,1,agree
Bank,39912,0,0,1,agree
Bank,39914,0,0,1,agree
Bank,39916,0,0,1,agree
Bank,39917,0,0,1,agree
Bank,39920,0,0,1,agree
Bank,39924,0,0,1,agree
Bank,39933,0,0,1,agree
Bank,39935,0,0,1,agree
Bank,39937,0,0,1,agree
Bank,39943,0,0,1,agree
Bank,39944,0,0,1,agree
Bank,39946,0,0,1,agree
Bank,39948,0,0,1,agree
Bank,39949,0,0,1,agree
Bank,39952,0,0,1,agree
Bank,39955,0,0,1,agree
Bank,39966,0,0,1,agree
Bank,39968,0,0,1,agree
Bank,39975,0,0,1,agree
Bank,39976,0,0,1,agree
Bank,39977,0,0,1,agree
Bank,39981,0,0,1,agree
Bank,39983,0,0,1,agree
Bank,39988,0,0,1,agree
Bank,39993,0,0,1,agree
Bank,39996,0,0,1,agree
Bank,39998,0,0,1,agree
Bank,40000,0,0,1,agree
Bank,40003,0,0,1,agree
Bank,40021,0,0,1,agree
Bank,40031,0,0,1,agree
Bank,40033,0,0,1,agree
Bank,40040,0,0,1,agree
Bank,40050,0,0,1,agree
Bank,40054,1,1,0,agree
Bank,40057,0,0,1,agree
Bank,40058,0,0,1,agree
Bank,40059,0,0,1,agree
Bank,40067,0,0,1,agree
Bank,40069,0,0,1,agree
Bank,40070,0,0,1,agree
Bank,40074,0,0,1,agree
Bank,40078,0,0,1,agree
Bank,40079,0,0,1,agree
Bank,40081,0,0,1,agree
Bank,40083,0,0,1,agree
Bank,40085,1,1,0,agree
Bank,40086,0,0,1,agree
Bank,40087,0,0,1,agree
Bank,40093,0,0,1,agree
Bank,40098,1,1,0,agree
Bank,40106,0,0,1,agree
Bank,40108,0,0,1,agree
Bank,40116,0,0,1,agree
Bank,40121,0,0,1,agree
Bank,40123,0,0,1,agree
Bank,40131,0,0,1,agree
Bank,40134,0,0,1,agree
Bank,40137,0,0,1,agree
Bank,40138,0,0,1,agree
Bank,40139,0,0,1,agree
Bank,40142,0,0,1,agree
Bank,40143,0,0,1,agree
Bank,40148,0,0,1,agree
Bank,40151,0,0,1,agree
Bank,40154,0,0,1,agree
Bank,40160,0,0,1,agree
Bank,40164,1,1,0,agree
Bank,40166,0,0,1,agree
Bank,40167,0,0,1,agree
Bank,40171,0,0,1,agree
Bank,40172,0,0,1,agree
Bank,40174,0,0,1,agree
Bank,40176,0,0,1,agree
Bank,40177,0,0,1,agree
Bank,40182,0,0,1,agree
Bank,40186,0,0,1,agree
Bank,40187,0,0,1,agree
Bank,40189,0,0,1,agree
Bank,40201,0,0,1,agree
Bank,40205,0,0,1,agree
Bank,40210,0,0,1,agree
Bank,40215,0,0,1,agree
Bank,40219,1,1,0,agree
Bank,40226,0,0,1,agree
Bank,40227,1,1,0,agree
Bank,40234,0,0,1,agree
Bank,40237,0,0,1,agree
Bank,40238,0,0,1,agree
Bank,40242,0,0,1,agree
Bank,40243,0,0,1,agree
Bank,40245,0,0,1,agree
Bank,40246,0,0,1,agree
Bank,40248,0,0,1,agree
Bank,40249,0,0,1,agree
Bank,40251,0,0,1,agree
Bank,40252,0,0,1,agree
Bank,40254,0,0,1,agree
Bank,40255,0,0,1,agree
Bank,40259,0,0,1,agree
Bank,40261,0,0,1,agree
Bank,40263,0,0,1,agree
Bank,40267,0,0,1,agree
Bank,40278,0,0,1,agree
Bank,40279,0,0,1,agree
Bank,40280,0,0,1,agree
Bank,40285,0,0,1,agree
Bank,40297,0,0,1,agree
Bank,40302,0,0,1,agree
Bank,40305,0,0,1,agree
Bank,40306,0,0,1,agree
Bank,40311,0,0,1,agree
Bank,40313,0,0,1,agree
Bank,40316,0,0,1,agree
Bank,40317,0,0,1,agree
Bank,40318,0,0,1,agree
Bank,40327,0,0,1,agree
Bank,40333,0,0,1,agree
Bank,40338,0,0,1,agree
Bank,40343,0,0,1,agree
Bank,40353,0,0,1,agree
Bank,40358,0,0,1,agree
Bank,40361,0,0,1,agree
Bank,40362,0,0,1,agree
Bank,40365,0,0,1,agree
Bank,40373,0,0,1,agree
Bank,40376,0,0,1,agree
Bank,40378,0,0,1,agree
Bank,40379,0,0,1,agree
Bank,40380,0,0,1,agree
Bank,40382,0,0,1,agree
Bank,40389,0,0,1,agree
Bank,40391,0,0,1,agree
Bank,40392,0,0,1,agree
Bank,40394,0,0,1,agree
Bank,40410,0,0,1,agree
Bank,40411,0,0,1,agree
Bank,40412,0,0,1,agree
Bank,40416,0,0,1,agree
Bank,40419,0,0,1,agree
Bank,40432,0,0,1,agree
Bank,40434,0,0,1,agree
Bank,40443,0,0,1,agree
Bank,40446,0,0,1,agree
Bank,40449,0,0,1,agree
Bank,40450,0,0,1,agree
Bank,40451,0,0,1,agree
Bank,40456,0,0,1,agree
Bank,40466,0,0,1,agree
Bank,40470,0,0,1,agree
Bank,40471,0,0,1,agree
Bank,40474,0,0,1,agree
Bank,40486,0,0,1,agree
Bank,40502,0,0,1,agree
Bank,40504,0,0,1,agree
Bank,40513,0,0,1,agree
Bank,40516,0,0,1,agree
Bank,40520,0,0,1,agree
Bank,40524,0,0,1,agree
Bank,40527,0,0,1,agree
Bank,40532,0,0,1,agree
Bank,40536,0,0,1,agree
Bank,40537,0,0,1,agree
Bank,40543,0,0,1,agree
Bank,40548,0,0,1,agree
Bank,40556,0,0,1,agree
Bank,40558,0,0,1,agree
Bank,40564,0,0,1,agree
Bank,40568,0,0,1,agree
Bank,40582,0,0,1,agree
Bank,40585,0,0,1,agree
Bank,40590,0,0,1,agree
Bank,40591,1,1,0,agree
Bank,40594,0,0,1,agree
Bank,40595,0,0,1,agree
Bank,40604,0,0,1,agree
Bank,40606,0,0,1,agree
Bank,40608,1,1,0,agree
Bank,40609,0,0,1,agree
Bank,40611,0,0,1,agree
Bank,40616,0,0,1,agree
Bank,40619,1,1,0,agree
Bank,40627,0,0,1,agree
Bank,40628,0,0,1,agree
Bank,40631,1,1,0,agree
Bank,40634,0,0,1,agree
Bank,40635,1,1,0,agree
Bank,40636,0,0,1,agree
Bank,40639,0,0,1,agree
Bank,40642,0,0,1,agree
Bank,40656,0,0,1,agree
Bank,40657,0,0,1,agree
Bank,40658,0,0,1,agree
Bank,40668,0,0,1,agree
Bank,40671,0,0,1,agree
Bank,40675,0,0,1,agree
Bank,40677,0,0,1,agree
Bank,40681,0,0,1,agree
Bank,40689,0,0,1,agree
Bank,40691,0,0,1,agree
Bank,40693,0,0,1,agree
Bank,40695,0,0,1,agree
Bank,40696,0,0,1,agree
Bank,40700,0,0,1,agree
Bank,40702,0,0,1,agree
Bank,40705,0,0,1,agree
Bank,40717,0,0,1,agree
Bank,40720,0,0,1,agree
Bank,40721,0,0,1,agree
Bank,40725,1,1,0,agree
Bank,40728,0,0,1,agree
Bank,40729,0,0,1,agree
Bank,40735,1,1,0,agree
Bank,40738,0,0,1,agree
Bank,40741,0,0,1,agree
Bank,40744,0,0,1,agree
Bank,40746,1,1,0,agree
Bank,40756,1,1,0,agree
Bank,40761,0,0,1,agree
Bank,40762,0,0,1,agree
Bank,40764,0,0,1,agree
Bank,40765,0,0,1,agree
Bank,40768,0,0,1,agree
Bank,40774,0,0,1,agree
Bank,40778,1,1,0,agree
Bank,40782,0,0,1,agree
Bank,40783,0,0,1,agree
Bank,40785,0,0,1,agree
Bank,40786,0,0,1,agree
Bank,40787,0,0,1,agree
Bank,40789,0,0,1,agree
Bank,40791,0,0,1,agree
Bank,40795,0,0,1,agree
Bank,40796,0,0,1,agree
Bank,40810,0,0,1,agree
Bank,40815,0,0,1,agree
Bank,40818,0,0,1,agree
Bank,40820,0,0,1,agree
Bank,40821,0,0,1,agree
Bank,40824,0,0,1,agree
Bank,40825,0,0,1,agree
Bank,40842,0,0,1,agree
Bank,40847,0,0,1,agree
Bank,40850,0,0,1,agree
Bank,40851,0,0,1,agree
Bank,40853,0,0,1,agree
Bank,40854,0,0,1,agree
Bank,40857,0,0,1,agree
Bank,40859,0,0,1,agree
Bank,40869,0,0,1,agree
Bank,40874,0,0,1,agree
Bank,40878,0,0,1,agree
Bank,40886,1,1,0,agree
Bank,40887,0,0,1,agree
Bank,40889,0,0,1,agree
Bank,40892,0,0,1,agree
Bank,40896,0,0,1,agree
Bank,40897,0,0,1,agree
Bank,40904,0,0,1,agree
Bank,40907,0,0,1,agree
Bank,40908,1,1,0,agree
Bank,40911,0,0,1,agree
Bank,40913,0,0,1,agree
Bank,40914,0,0,1,agree
Bank,40917,1,1,0,agree
Bank,40928,0,0,1,agree
Bank,40929,0,0,1,agree
Bank,40933,0,0,1,agree
Bank,40941,1,1,0,agree
Bank,40942,0,0,1,agree
Bank,40946,0,0,1,agree
Bank,40953,0,0,1,agree
Bank,40956,0,0,1,agree
Bank,40959,0,0,1,agree
Bank,40966,0,0,1,agree
Bank,40974,1,1,0,agree
Bank,40977,0,0,1,agree
Bank,40981,0,0,1,agree
Bank,40982,0,0,1,agree
Bank,40984,0,0,1,agree
Bank,40988,0,0,1,agree
Bank,40990,0,0,1,agree
Bank,40991,0,0,1,agree
Bank,40994,0,0,1,agree
Bank,40995,0,0,1,agree
Bank,40998,0,0,1,agree
Bank,41002,0,0,1,agree
Bank,41004,1,1,0,agree
Bank,41005,0,0,1,agree
Bank,41014,0,0,1,agree
Bank,41023,0,0,1,agree
Bank,41031,0,0,1,agree
Bank,41033,1,1,0,agree
Bank,41039,0,0,1,agree
Bank,41040,0,0,1,agree
Bank,41043,0,0,1,agree
Bank,41047,0,0,1,agree
Bank,41048,0,0,1,agree
Bank,41050,0,0,1,agree
Bank,41053,1,1,0,agree
Bank,41057,0,0,1,agree
Bank,41072,0,0,1,agree
Bank,41090,0,0,1,agree
Bank,41095,0,0,1,agree
Bank,41098,0,0,1,agree
Bank,41099,0,0,1,agree
Bank,41101,0,0,1,agree
Bank,41104,0,0,1,agree
Bank,41106,0,0,1,agree
Bank,41117,0,0,1,agree
Bank,41124,0,0,1,agree
Bank,41125,0,0,1,agree
Bank,41132,0,0,1,agree
Bank,41134,0,0,1,agree
Bank,41137,0,0,1,agree
Bank,41141,0,0,1,agree
Bank,41143,0,0,1,agree
Bank,41151,0,0,1,agree
Bank,41155,0,0,1,agree
Bank,41156,0,0,1,agree
Bank,41163,0,0,1,agree
Bank,41164,0,0,1,agree
Bank,41166,0,0,1,agree
Bank,41171,0,0,1,agree
Bank,41174,0,0,1,agree
Bank,41181,0,0,1,agree
Bank,41195,0,0,1,agree
Bank,41196,0,0,1,agree
Bank,41203,0,0,1,agree
Bank,41209,1,1,0,agree
Bank,41213,0,0,1,agree
Bank,41235,1,1,0,agree
Bank,41238,0,0,1,agree
Bank,41242,1,1,0,agree
Bank,41252,0,0,1,agree
Bank,41277,0,0,1,agree
Bank,41289,0,0,1,agree
Bank,41291,0,0,1,agree
Bank,41297,0,0,1,agree
Bank,41301,0,0,1,agree
Bank,41304,0,0,1,agree
Bank,41307,0,0,1,agree
Bank,41308,1,1,0,agree
Bank,41314,0,0,1,agree
Bank,41317,0,0,1,agree
Bank,41319,0,0,1,agree
Bank,41325,0,0,1,agree
Bank,41327,0,0,1,agree
Bank,41330,0,0,1,agree
Bank,41337,0,0,1,agree
Bank,41338,0,0,1,agree
Bank,41339,1,1,0,agree
Bank,41340,0,0,1,agree
Bank,41341,0,0,1,agree
Bank,41348,0,0,1,agree
Bank,41349,0,0,1,agree
Bank,41350,0,0,1,agree
Bank,41358,1,1,0,agree
Bank,41363,0,0,1,agree
Bank,41366,0,0,1,agree
Bank,41368,0,0,1,agree
Bank,41372,0,0,1,agree
Bank,41375,0,0,1,agree
Bank,41378,1,1,0,agree
Bank,41380,0,0,1,agree
Bank,41381,0,0,1,agree
Bank,41382,0,0,1,agree
Bank,41383,0,0,1,agree
Bank,41386,0,0,1,agree
Bank,41391,0,0,1,agree
Bank,41394,0,0,1,agree
Bank,41396,1,1,0,agree
Bank,41400,0,0,1,agree
Bank,41411,1,1,0,agree
Bank,41415,1,1,0,agree
Bank,41425,0,0,1,agree
Bank,41434,0,0,1,agree
Bank,41437,0,0,1,agree
Bank,41440,0,0,1,agree
Bank,41446,0,0,1,agree
Bank,41448,0,0,1,agree
Bank,41449,0,0,1,agree
Bank,41454,1,1,0,agree
Bank,41464,0,0,1,agree
Bank,41472,0,0,1,agree
Bank,41473,1,1,0,agree
Bank,41482,0,0,1,agree
Bank,41484,0,0,1,agree
Bank,41490,1,1,0,agree
Bank,41505,0,0,1,agree
Bank,41506,0,0,1,agree
Bank,41509,0,0,1,agree
Bank,41511,0,0,1,agree
Bank,41513,0,0,1,agree
Bank,41522,0,0,1,agree
Bank,41532,0,0,1,agree
Bank,41536,0,0,1,agree
Bank,41556,0,0,1,agree
Bank,41557,0,0,1,agree
Bank,41558,0,0,1,agree
Bank,41560,0,0,1,agree
Bank,41563,0,0,1,agree
Bank,41564,0,0,1,agree
Bank,41570,0,0,1,agree
Bank,41573,0,0,1,agree
Bank,41584,0,0,1,agree
Bank,41585,0,0,1,agree
Bank,41590,1,1,0,agree
Bank,41598,0,0,1,agree
Bank,41600,0,0,1,agree
Bank,41604,0,0,1,agree
Bank,41609,0,0,1,agree
Bank,41613,0,0,1,agree
Bank,41626,0,0,1,agree
Bank,41642,1,1,0,agree
Bank,41645,0,0,1,agree
Bank,41647,0,0,1,agree
Bank,41650,0,0,1,agree
Bank,41651,0,0,1,agree
Bank,41653,1,1,0,agree
Bank,41654,1,1,0,agree
Bank,41659,1,1,0,agree
Bank,41664,0,0,1,agree
Bank,41665,0,0,1,agree
Bank,41668,0,0,1,agree
Bank,41669,0,0,1,agree
Bank,41674,0,0,1,agree
Bank,41676,0,0,1,agree
Bank,41677,0,0,1,agree
Bank,41685,0,0,1,agree
Bank,41691,0,0,1,agree
Bank,41693,0,0,1,agree
Bank,41696,0,0,1,agree
Bank,41698,0,0,1,agree
Bank,41702,0,0,1,agree
Bank,41709,0,0,1,agree
Bank,41712,0,0,1,agree
Bank,41713,1,1,0,agree
Bank,41714,0,0,1,agree
Bank,41716,0,0,1,agree
Bank,41718,0,0,1,agree
Bank,41719,0,0,1,agree
Bank,41720,0,0,1,agree
Bank,41722,0,0,1,agree
Bank,41723,0,0,1,agree
Bank,41724,0,0,1,agree
Bank,41726,0,0,1,agree
Bank,41729,0,0,1,agree
Bank,41730,1,1,0,agree
Bank,41731,0,0,1,agree
Bank,41738,1,1,0,agree
Bank,41748,1,1,0,agree
Bank,41749,0,0,1,agree
Bank,41750,0,0,1,agree
Bank,41759,0,0,1,agree
Bank,41760,0,0,1,agree
Bank,41764,1,1,0,agree
Bank,41774,0,0,1,agree
Bank,41776,0,0,1,agree
Bank,41778,0,0,1,agree
Bank,41783,1,1,0,agree
Bank,41785,0,0,1,agree
Bank,41790,0,0,1,agree
Bank,41803,0,0,1,agree
Bank,41805,0,0,1,agree
Bank,41807,0,0,1,agree
Bank,41818,0,0,1,agree
Bank,41823,0,0,1,agree
Bank,41833,0,0,1,agree
Bank,41837,1,1,0,agree
Bank,41841,0,0,1,agree
Bank,41847,0,0,1,agree
Bank,41852,0,0,1,agree
Bank,41853,0,0,1,agree
Bank,41854,0,0,1,agree
Bank,41861,0,0,1,agree
Bank,41862,0,0,1,agree
Bank,41877,0,0,1,agree
Bank,41884,0,0,1,agree
Bank,41890,0,0,1,agree
Bank,41891,0,0,1,agree
Bank,41893,0,0,1,agree
Bank,41894,0,0,1,agree
Bank,41898,0,0,1,agree
Bank,41904,0,0,1,agree
Bank,41907,1,1,0,agree
Bank,41909,0,0,1,agree
Bank,41918,1,1,0,agree
Bank,41923,0,0,1,agree
Bank,41926,1,1,0,agree
Bank,41927,0,0,1,agree
Bank,41928,0,0,1,agree
Bank,41930,0,0,1,agree
Bank,41931,0,0,1,agree
Bank,41932,0,0,1,agree
Bank,41938,1,1,0,agree
Bank,41941,1,1,0,agree
Bank,41942,0,0,1,agree
Bank,41946,1,1,0,agree
Bank,41950,0,0,1,agree
Bank,41951,0,0,1,agree
Bank,41956,0,0,1,agree
Bank,41960,0,0,1,agree
Bank,41961,1,1,0,agree
Bank,41964,1,1,0,agree
Bank,41967,0,0,1,agree
Bank,41969,0,0,1,agree
Bank,41974,0,0,1,agree
Bank,41977,0,0,1,agree
Bank,41978,0,0,1,agree
Bank,41979,0,0,1,agree
Bank,41984,0,0,1,agree
Bank,41990,0,0,1,agree
Bank,41992,0,0,1,agree
Bank,41993,0,0,1,agree
Bank,42004,0,0,1,agree
Bank,42008,0,0,1,agree
Bank,42012,0,0,1,agree
Bank,42018,0,0,1,agree
Bank,42023,0,0,1,agree
Bank,42027,0,0,1,agree
Bank,42032,0,0,1,agree
Bank,42033,0,0,1,agree
Bank,42034,0,0,1,agree
Bank,42043,0,0,1,agree
Bank,42052,0,0,1,agree
Bank,42057,0,0,1,agree
Bank,42059,0,0,1,agree
Bank,42062,0,0,1,agree
Bank,42063,0,0,1,agree
Bank,42070,0,0,1,agree
Bank,42073,0,0,1,agree
Bank,42077,1,1,0,agree
Bank,42079,0,0,1,agree
Bank,42080,0,0,1,agree
Bank,42082,0,0,1,agree
Bank,42084,0,0,1,agree
Bank,42091,0,0,1,agree
Bank,42094,0,0,1,agree
Bank,42096,0,0,1,agree
Bank,42100,0,0,1,agree
Bank,42112,1,1,0,agree
Bank,42115,0,0,1,agree
Bank,42119,0,0,1,agree
Bank,42120,0,0,1,agree
Bank,42122,0,0,1,agree
Bank,42126,0,0,1,agree
Bank,42127,0,0,1,agree
Bank,42128,0,0,1,agree
Bank,42130,0,0,1,agree
Bank,42139,0,0,1,agree
Bank,42146,0,0,1,agree
Bank,42148,0,0,1,agree
Bank,42151,0,0,1,agree
Bank,42157,0,0,1,agree
Bank,42159,0,0,1,agree
Bank,42164,0,0,1,agree
Bank,42169,1,1,0,agree
Bank,42171,0,0,1,agree
Bank,42173,1,1,0,agree
Bank,42175,1,1,0,agree
Bank,42176,0,0,1,agree
Bank,42177,0,0,1,agree
Bank,42197,0,0,1,agree
Bank,42208,0,0,1,agree
Bank,42209,0,0,1,agree
Bank,42215,1,1,0,agree
Bank,42217,0,0,1,agree
Bank,42222,1,1,0,agree
Bank,42228,1,1,0,agree
Bank,42229,0,0,1,agree
Bank,42242,0,0,1,agree
Bank,42247,1,1,0,agree
Bank,42249,0,0,1,agree
Bank,42255,0,0,1,agree
Bank,42256,0,0,1,agree
Bank,42258,1,1,0,agree
Bank,42267,0,0,1,agree
Bank,42269,1,1,0,agree
Bank,42282,0,0,1,agree
Bank,42293,0,0,1,agree
Bank,42294,1,1,0,agree
Bank,42295,0,0,1,agree
Bank,42304,0,0,1,agree
Bank,42307,0,0,1,agree
Bank,42311,0,0,1,agree
Bank,42312,0,0,1,agree
Bank,42317,0,0,1,agree
Bank,42318,0,0,1,agree
Bank,42324,0,0,1,agree
Bank,42331,0,0,1,agree
Bank,42338,0,0,1,agree
Bank,42342,0,0,1,agree
Bank,42343,0,0,1,agree
Bank,42344,0,0,1,agree
Bank,42348,1,1,0,agree
Bank,42350,0,0,1,agree
Bank,42353,0,0,1,agree
Bank,42364,1,1,0,agree
Bank,42367,0,0,1,agree
Bank,42368,0,0,1,agree
Bank,42372,0,0,1,agree
Bank,42385,0,0,1,agree
Bank,42386,0,0,1,agree
Bank,42394,0,0,1,agree
Bank,42405,0,0,1,agree
Bank,42410,0,0,1,agree
Bank,42411,0,0,1,agree
Bank,42416,0,0,1,agree
Bank,42420,0,0,1,agree
Bank,42424,0,0,1,agree
Bank,42427,0,0,1,agree
Bank,42429,0,0,1,agree
Bank,42433,0,0,1,agree
Bank,42438,0,0,1,agree
Bank,42439,0,0,1,agree
Bank,42440,0,0,1,agree
Bank,42441,0,0,1,agree
Bank,42442,0,0,1,agree
Bank,42449,1,1,0,agree
Bank,42452,0,0,1,agree
Bank,42455,0,0,1,agree
Bank,42459,0,0,1,agree
Bank,42461,0,0,1,agree
Bank,42468,0,0,1,agree
Bank,42469,0,0,1,agree
Bank,42470,0,0,1,agree
Bank,42472,0,0,1,agree
Bank,42473,0,0,1,agree
Bank,42478,1,1,0,agree
Bank,42487,1,1,0,agree
Bank,42488,0,0,1,agree
Bank,42491,0,0,1,agree
Bank,42492,1,1,0,agree
Bank,42498,0,0,1,agree
Bank,42503,0,0,1,agree
Bank,42508,0,0,1,agree
Bank,42517,1,1,0,agree
Bank,42518,0,0,1,agree
Bank,42520,1,1,0,agree
Bank,42522,0,0,1,agree
Bank,42523,0,0,1,agree
Bank,42532,1,1,0,agree
Bank,42541,0,0,1,agree
Bank,42542,0,0,1,agree
Bank,42543,1,1,0,agree
Bank,42548,1,1,0,agree
Bank,42551,0,0,1,agree
Bank,42557,0,0,1,agree
Bank,42563,0,0,1,agree
Bank,42567,1,1,0,agree
Bank,42571,0,0,1,agree
Bank,42574,0,0,1,agree
Bank,42575,0,0,1,agree
Bank,42578,1,1,0,agree
Bank,42581,0,0,1,agree
Bank,42584,0,0,1,agree
Bank,42586,0,0,1,agree
Bank,42587,0,0,1,agree
Bank,42592,0,0,1,agree
Bank,42594,0,0,1,agree
Bank,42601,0,0,1,agree
Bank,42602,0,0,1,agree
Bank,42605,1,1,0,agree
Bank,42613,0,0,1,agree
Bank,42617,0,0,1,agree
Bank,42621,0,0,1,agree
Bank,42622,0,0,1,agree
Bank,42628,0,0,1,agree
Bank,42629,0,0,1,agree
Bank,42636,0,0,1,agree
Bank,42638,0,0,1,agree
Bank,42640,0,0,1,agree
Bank,42641,0,0,1,agree
Bank,42642,0,0,1,agree
Bank,42649,0,0,1,agree
Bank,42670,1,1,0,agree
Bank,42671,0,0,1,agree
Bank,42676,0,0,1,agree
Bank,42680,0,0,1,agree
Bank,42681,0,0,1,agree
Bank,42690,0,0,1,agree
Bank,42695,0,0,1,agree
Bank,42701,0,0,1,agree
Bank,42702,1,1,0,agree
Bank,42707,0,0,1,agree
Bank,42717,0,0,1,agree
Bank,42721,0,0,1,agree
Bank,42729,0,0,1,agree
Bank,42732,0,0,1,agree
Bank,42733,0,0,1,agree
Bank,42744,0,0,1,agree
Bank,42745,1,1,0,agree
Bank,42746,1,1,0,agree
Bank,42755,0,0,1,agree
Bank,42757,0,0,1,agree
Bank,42758,0,0,1,agree
Bank,42762,0,0,1,agree
Bank,42765,0,0,1,agree
Bank,42769,0,0,1,agree
Bank,42774,0,0,1,agree
Bank,42777,0,0,1,agree
Bank,42781,0,0,1,agree
Bank,42783,1,1,0,agree
Bank,42784,0,0,1,agree
Bank,42785,0,0,1,agree
Bank,42787,0,0,1,agree
Bank,42789,0,0,1,agree
Bank,42796,0,0,1,agree
Bank,42803,1,1,0,agree
Bank,42804,0,0,1,agree
Bank,42809,0,0,1,agree
Bank,42814,0,0,1,agree
Bank,42823,0,0,1,agree
Bank,42828,0,0,1,agree
Bank,42835,0,0,1,agree
Bank,42838,0,0,1,agree
Bank,42847,1,1,0,agree
Bank,42849,1,1,0,agree
Bank,42855,0,0,1,agree
Bank,42860,1,1,0,agree
Bank,42862,1,1,0,agree
Bank,42866,0,0,1,agree
Bank,42867,0,0,1,agree
Bank,42868,0,0,1,agree
Bank,42870,1,1,0,agree
Bank,42872,1,1,0,agree
Bank,42874,0,0,1,agree
Bank,42881,1,1,0,agree
Bank,42882,0,0,1,agree
Bank,42884,0,0,1,agree
Bank,42888,0,0,1,agree
Bank,42889,1,1,0,agree
Bank,42892,0,0,1,agree
Bank,42893,0,0,1,agree
Bank,42895,0,0,1,agree
Bank,42907,0,0,1,agree
Bank,42909,0,0,1,agree
Bank,42911,0,0,1,agree
Bank,42915,0,0,1,agree
Bank,42921,0,0,1,agree
Bank,42922,0,0,1,agree
Bank,42925,0,0,1,agree
Bank,42926,0,0,1,agree
Bank,42932,0,0,1,agree
Bank,42939,1,1,0,agree
Bank,42941,0,0,1,agree
Bank,42945,0,0,1,agree
Bank,42947,0,0,1,agree
Bank,42948,0,0,1,agree
Bank,42951,0,0,1,agree
Bank,42952,1,1,0,agree
Bank,42957,1,1,0,agree
Bank,42958,1,1,0,agree
Bank,42959,1,1,0,agree
Bank,42963,0,0,1,agree
Bank,42969,0,0,1,agree
Bank,42976,1,1,0,agree
Bank,42979,1,1,0,agree
Bank,42981,1,1,0,agree
Bank,42987,1,1,0,agree
Bank,42995,0,0,1,agree
Bank,42996,1,1,0,agree
Bank,42997,0,0,1,agree
Bank,42998,1,1,0,agree
Bank,43002,1,1,0,agree
Bank,43005,0,0,1,agree
Bank,43008,1,1,0,agree
Bank,43010,0,0,1,agree
Bank,43011,0,0,1,agree
Bank,43014,1,1,0,agree
Bank,43016,1,1,0,agree
Bank,43018,0,0,1,agree
Bank,43019,0,0,1,agree
Bank,43021,0,0,1,agree
Bank,43028,0,0,1,agree
Bank,43034,1,1,0,agree
Bank,43035,0,0,1,agree
Bank,43041,1,1,0,agree
Bank,43042,1,1,0,agree
Bank,43043,0,0,1,agree
Bank,43046,0,0,1,agree
Bank,43048,1,1,0,agree
Bank,43057,0,0,1,agree
Bank,43063,0,0,1,agree
Bank,43064,0,0,1,agree
Bank,43068,1,1,0,agree
Bank,43069,0,0,1,agree
Bank,43070,0,0,1,agree
Bank,43073,0,0,1,agree
Bank,43076,0,0,1,agree
Bank,43077,1,1,0,agree
Bank,43082,0,0,1,agree
Bank,43086,0,0,1,agree
Bank,43088,0,0,1,agree
Bank,43094,0,0,1,agree
Bank,43098,0,0,1,agree
Bank,43100,0,0,1,agree
Bank,43104,0,0,1,agree
Bank,43109,0,0,1,agree
Bank,43111,0,0,1,agree
Bank,43113,0,0,1,agree
Bank,43116,0,0,1,agree
Bank,43119,0,0,1,agree
Bank,43120,0,0,1,agree
Bank,43123,1,1,0,agree
Bank,43132,0,0,1,agree
Bank,43134,0,0,1,agree
Bank,43135,0,0,1,agree
Bank,43146,0,0,1,agree
Bank,43152,0,0,1,agree
Bank,43157,0,0,1,agree
Bank,43167,0,0,1,agree
Bank,43170,0,0,1,agree
Bank,43178,0,0,1,agree
Bank,43181,0,0,1,agree
Bank,43185,0,0,1,agree
Bank,43192,0,0,1,agree
Bank,43194,0,0,1,agree
Bank,43195,0,0,1,agree
Bank,43196,0,0,1,agree
Bank,43197,0,0,1,agree
Bank,43200,0,0,1,agree
Bank,43202,0,0,1,agree
Bank,43205,0,0,1,agree
Bank,43210,0,0,1,agree
Bank,43213,0,0,1,agree
Bank,43214,0,0,1,agree
Bank,43220,0,0,1,agree
Bank,43223,0,0,1,agree
Bank,43228,0,0,1,agree
Bank,43239,0,0,1,agree
Bank,43240,0,0,1,agree
Bank,43245,1,1,0,agree
Bank,43247,0,0,1,agree
Bank,43250,1,1,0,agree
Bank,43256,1,1,0,agree
Bank,43260,0,0,1,agree
Bank,43270,0,0,1,agree
Bank,43285,0,0,1,agree
Bank,43287,0,0,1,agree
Bank,43298,0,0,1,agree
Bank,43301,0,0,1,agree
Bank,43302,1,1,0,agree
Bank,43305,0,0,1,agree
Bank,43308,0,0,1,agree
Bank,43311,1,1,0,agree
Bank,43312,0,0,1,agree
Bank,43313,0,0,1,agree
Bank,43327,0,0,1,agree
Bank,43329,0,0,1,agree
Bank,43334,0,0,1,agree
Bank,43335,0,0,1,agree
Bank,43336,0,0,1,agree
Bank,43337,1,1,0,agree
Bank,43338,1,1,0,agree
Bank,43340,1,1,0,agree
Bank,43343,1,1,0,agree
Bank,43345,0,0,1,agree
Bank,43350,0,0,1,agree
Bank,43356,0,0,1,agree
Bank,43357,1,1,0,agree
Bank,43364,0,0,1,agree
Bank,43365,0,0,1,agree
Bank,43367,0,0,1,agree
Bank,43368,0,0,1,agree
Bank,43371,0,0,1,agree
Bank,43376,0,0,1,agree
Bank,43377,0,0,1,agree
Bank,43381,0,0,1,agree
Bank,43382,0,0,1,agree
Bank,43388,0,0,1,agree
Bank,43395,1,1,0,agree
Bank,43408,0,0,1,agree
Bank,43414,1,1,0,agree
Bank,43423,0,0,1,agree
Bank,43424,1,1,0,agree
Bank,43432,0,0,1,agree
Bank,43436,0,0,1,agree
Bank,43441,1,1,0,agree
Bank,43442,0,0,1,agree
Bank,43444,0,0,1,agree
Bank,43448,0,0,1,agree
Bank,43450,1,1,0,agree
Bank,43454,0,0,1,agree
Bank,43455,0,0,1,agree
Bank,43456,0,0,1,agree
Bank,43462,0,0,1,agree
Bank,43465,1,1,0,agree
Bank,43471,1,1,0,agree
Bank,43474,1,1,0,agree
Bank,43488,1,1,0,agree
Bank,43490,0,0,1,agree
Bank,43492,0,0,1,agree
Bank,43495,0,0,1,agree
Bank,43502,0,0,1,agree
Bank,43505,1,1,0,agree
Bank,43510,1,1,0,agree
Bank,43512,1,1,0,agree
Bank,43514,1,1,0,agree
Bank,43515,0,0,1,agree
Bank,43524,0,0,1,agree
Bank,43525,1,1,0,agree
Bank,43527,1,1,0,agree
Bank,43531,0,0,1,agree
Bank,43539,1,1,0,agree
Bank,43540,0,0,1,agree
Bank,43543,0,0,1,agree
Bank,43547,0,0,1,agree
Bank,43554,0,0,1,agree
Bank,43557,0,0,1,agree
Bank,43560,1,1,0,agree
Bank,43566,0,0,1,agree
Bank,43574,1,1,0,agree
Bank,43575,1,1,0,agree
Bank,43577,0,0,1,agree
Bank,43578,0,0,1,agree
Bank,43583,0,0,1,agree
Bank,43588,0,0,1,agree
Bank,43592,0,0,1,agree
Bank,43596,1,1,0,agree
Bank,43597,1,1,0,agree
Bank,43609,0,0,1,agree
Bank,43611,0,0,1,agree
Bank,43617,0,0,1,agree
Bank,43618,0,0,1,agree
Bank,43627,1,1,0,agree
Bank,43630,0,0,1,agree
Bank,43637,0,0,1,agree
Bank,43641,0,0,1,agree
Bank,43644,0,0,1,agree
Bank,43650,0,0,1,agree
Bank,43651,0,0,1,agree
Bank,43656,1,1,0,agree
Bank,43659,1,1,0,agree
Bank,43661,0,0,1,agree
Bank,43664,1,1,0,agree
Bank,43669,0,0,1,agree
Bank,43670,0,0,1,agree
Bank,43674,1,1,0,agree
Bank,43679,0,0,1,agree
Bank,43685,1,1,0,agree
Bank,43691,0,0,1,agree
Bank,43694,0,0,1,agree
Bank,43700,0,0,1,agree
Bank,43705,0,0,1,agree
Bank,43714,0,0,1,agree
Bank,43718,0,0,1,agree
Bank,43724,0,0,1,agree
Bank,43726,0,0,1,agree
Bank,43727,1,1,0,agree
Bank,43734,0,0,1,agree
Bank,43736,0,0,1,agree
Bank,43741,0,0,1,agree
Bank,43743,0,0,1,agree
Bank,43750,0,0,1,agree
Bank,43757,0,0,1,agree
Bank,43759,0,0,1,agree
Bank,43763,0,0,1,agree
Bank,43764,0,0,1,agree
Bank,43765,1,1,0,agree
Bank,43769,0,0,1,agree
Bank,43771,0,0,1,agree
Bank,43776,0,0,1,agree
Bank,43778,0,0,1,agree
Bank,43780,0,0,1,agree
Bank,43785,1,1,0,agree
Bank,43787,0,0,1,agree
Bank,43790,0,0,1,agree
Bank,43791,0,0,1,agree
Bank,43793,0,0,1,agree
Bank,43795,0,0,1,agree
Bank,43798,0,0,1,agree
Bank,43800,1,1,0,agree
Bank,43801,0,0,1,agree
Bank,43803,0,0,1,agree
Bank,43806,0,0,1,agree
Bank,43813,0,0,1,agree
Bank,43816,0,0,1,agree
Bank,43817,0,0,1,agree
Bank,43818,0,0,1,agree
Bank,43819,0,0,1,agree
Bank,43829,0,0,1,agree
Bank,43831,0,0,1,agree
Bank,43833,1,1,0,agree
Bank,43842,0,0,1,agree
Bank,43843,0,0,1,agree
Bank,43844,1,1,0,agree
Bank,43853,1,1,0,agree
Bank,43856,0,0,1,agree
Bank,43858,0,0,1,agree
Bank,43859,0,0,1,agree
Bank,43861,1,1,0,agree
Bank,43862,1,1,0,agree
Bank,43863,1,1,0,agree
Bank,43865,0,0,1,agree
Bank,43866,0,0,1,agree
Bank,43868,0,0,1,agree
Bank,43871,0,0,1,agree
Bank,43883,0,0,1,agree
Bank,43885,0,0,1,agree
Bank,43891,1,1,0,agree
Bank,43894,0,0,1,agree
Bank,43896,0,0,1,agree
Bank,43899,0,0,1,agree
Bank,43901,0,0,1,agree
Bank,43905,0,0,1,agree
Bank,43907,1,1,0,agree
Bank,43908,0,0,1,agree
Bank,43913,1,1,0,agree
Bank,43917,0,0,1,agree
Bank,43924,0,0,1,agree
Bank,43926,0,0,1,agree
Bank,43943,0,0,1,agree
Bank,43944,0,0,1,agree
Bank,43953,0,0,1,agree
Bank,43954,0,0,1,agree
Bank,43956,0,0,1,agree
Bank,43960,0,0,1,agree
Bank,43962,1,1,0,agree
Bank,43968,0,0,1,agree
Bank,43970,0,0,1,agree
Bank,43971,0,0,1,agree
Bank,43973,0,0,1,agree
Bank,43979,0,0,1,agree
Bank,43981,0,0,1,agree
Bank,43983,0,0,1,agree
Bank,43985,0,0,1,agree
Bank,43987,0,0,1,agree
Bank,43989,0,0,1,agree
Bank,43994,1,1,0,agree
Bank,43995,0,0,1,agree
Bank,43996,0,0,1,agree
Bank,43998,0,0,1,agree
Bank,43999,0,0,1,agree
Bank,44001,0,0,1,agree
Bank,44005,1,1,0,agree
Bank,44007,0,0,1,agree
Bank,44010,1,1,0,agree
Bank,44014,0,0,1,agree
Bank,44017,1,1,0,agree
Bank,44019,0,0,1,agree
Bank,44023,0,0,1,agree
Bank,44024,1,1,0,agree
Bank,44034,0,0,1,agree
Bank,44035,0,0,1,agree
Bank,44036,0,0,1,agree
Bank,44042,0,0,1,agree
Bank,44047,0,0,1,agree
Bank,44051,0,0,1,agree
Bank,44052,0,0,1,agree
Bank,44055,0,0,1,agree
Bank,44058,1,1,0,agree
Bank,44069,0,0,1,agree
Bank,44070,0,0,1,agree
Bank,44076,0,0,1,agree
Bank,44080,0,0,1,agree
Bank,44083,0,0,1,agree
Bank,44085,0,0,1,agree
Bank,44086,0,0,1,agree
Bank,44094,0,0,1,agree
Bank,44097,0,0,1,agree
Bank,44104,0,0,1,agree
Bank,44105,0,0,1,agree
Bank,44110,0,0,1,agree
Bank,44113,0,0,1,agree
Bank,44120,0,0,1,agree
Bank,44135,0,0,1,agree
Bank,44138,0,0,1,agree
Bank,44139,1,1,0,agree
Bank,44144,0,0,1,agree
Bank,44148,0,0,1,agree
Bank,44150,0,0,1,agree
Bank,44159,1,1,0,agree
Bank,44170,0,0,1,agree
Bank,44179,0,0,1,agree
Bank,44180,0,0,1,agree
Bank,44183,0,0,1,agree
Bank,44186,1,1,0,agree
Bank,44192,1,1,0,agree
Bank,44195,0,0,1,agree
Bank,44202,1,1,0,agree
Bank,44203,0,0,1,agree
Bank,44204,0,0,1,agree
Bank,44207,0,0,1,agree
Bank,44210,0,0,1,agree
Bank,44217,0,0,1,agree
Bank,44220,0,0,1,agree
Bank,44222,0,0,1,agree
Bank,44225,0,0,1,agree
Bank,44230,0,0,1,agree
Bank,44232,0,0,1,agree
Bank,44237,0,0,1,agree
Bank,44238,0,0,1,agree
Bank,44244,0,0,1,agree
Bank,44250,0,0,1,agree
Bank,44255,1,1,0,agree
Bank,44258,0,0,1,agree
Bank,44260,0,0,1,agree
Bank,44268,0,0,1,agree
Bank,44270,0,0,1,agree
Bank,44272,0,0,1,agree
Bank,44273,0,0,1,agree
Bank,44275,0,0,1,agree
Bank,44281,0,0,1,agree
Bank,44283,0,0,1,agree
Bank,44285,0,0,1,agree
Bank,44287,1,1,0,agree
Bank,44289,0,0,1,agree
Bank,44291,0,0,1,agree
Bank,44293,0,0,1,agree
Bank,44295,0,0,1,agree
Bank,44300,0,0,1,agree
Bank,44303,0,0,1,agree
Bank,44305,0,0,1,agree
Bank,44315,0,0,1,agree
Bank,44316,1,1,0,agree
Bank,44324,1,1,0,agree
Bank,44328,0,0,1,agree
Bank,44329,0,0,1,agree
Bank,44332,1,1,0,agree
Bank,44339,1,1,0,agree
Bank,44341,0,0,1,agree
Bank,44342,0,0,1,agree
Bank,44344,0,0,1,agree
Bank,44349,0,0,1,agree
Bank,44356,0,0,1,agree
Bank,44358,0,0,1,agree
Bank,44363,0,0,1,agree
Bank,44369,0,0,1,agree
Bank,44372,0,0,1,agree
Bank,44374,0,0,1,agree
Bank,44379,0,0,1,agree
Bank,44384,0,0,1,agree
Bank,44388,0,0,1,agree
Bank,44399,1,1,0,agree
Bank,44402,1,1,0,agree
Bank,44403,0,0,1,agree
Bank,44406,0,0,1,agree
Bank,44408,0,0,1,agree
Bank,44409,0,0,1,agree
Bank,44413,0,0,1,agree
Bank,44420,0,0,1,agree
Bank,44431,0,0,1,agree
Bank,44432,0,0,1,agree
Bank,44434,0,0,1,agree
Bank,44437,1,1,0,agree
Bank,44445,0,0,1,agree
Bank,44446,0,0,1,agree
Bank,44447,0,0,1,agree
Bank,44451,0,0,1,agree
Bank,44456,0,0,1,agree
Bank,44461,1,1,0,agree
Bank,44463,1,1,0,agree
Bank,44464,1,1,0,agree
Bank,44467,0,0,1,agree
Bank,44474,0,0,1,agree
Bank,44480,0,0,1,agree
Bank,44484,0,0,1,agree
Bank,44486,0,0,1,agree
Bank,44493,0,0,1,agree
Bank,44495,0,0,1,agree
Bank,44499,1,1,0,agree
Bank,44500,0,0,1,agree
Bank,44501,1,1,0,agree
Bank,44503,0,0,1,agree
Bank,44509,0,0,1,agree
Bank,44516,1,1,0,agree
Bank,44518,1,1,0,agree
Bank,44523,1,1,0,agree
Bank,44530,0,0,1,agree
Bank,44535,1,1,0,agree
Bank,44539,0,0,1,agree
Bank,44541,1,1,0,agree
Bank,44544,0,0,1,agree
Bank,44545,1,1,0,agree
Bank,44553,0,0,1,agree
Bank,44558,1,1,0,agree
Bank,44559,0,0,1,agree
Bank,44562,0,0,1,agree
Bank,44565,0,0,1,agree
Bank,44567,0,0,1,agree
Bank,44572,1,1,0,agree
Bank,44573,1,1,0,agree
Bank,44580,0,0,1,agree
Bank,44581,0,0,1,agree
Bank,44582,0,0,1,agree
Bank,44583,1,1,0,agree
Bank,44589,0,0,1,agree
Bank,44594,0,0,1,agree
Bank,44599,0,0,1,agree
Bank,44602,0,0,1,agree
Bank,44607,0,0,1,agree
Bank,44611,0,0,1,agree
Bank,44612,0,0,1,agree
Bank,44625,0,0,1,agree
Bank,44628,0,0,1,agree
Bank,44639,0,0,1,agree
Bank,44641,0,0,1,agree
Bank,44642,0,0,1,agree
Bank,44648,0,0,1,agree
Bank,44655,1,1,0,agree
Bank,44661,0,0,1,agree
Bank,44663,0,0,1,agree
Bank,44668,0,0,1,agree
Bank,44671,1,1,0,agree
Bank,44679,1,1,0,agree
Bank,44692,0,0,1,agree
Bank,44693,0,0,1,agree
Bank,44696,0,0,1,agree
Bank,44697,0,0,1,agree
Bank,44698,0,0,1,agree
Bank,44700,0,0,1,agree
Bank,44704,1,1,0,agree
Bank,44707,0,0,1,agree
Bank,44710,0,0,1,agree
Bank,44712,0,0,1,agree
Bank,44714,0,0,1,agree
Bank,44717,0,0,1,agree
Bank,44718,1,1,0,agree
Bank,44723,0,0,1,agree
Bank,44733,0,0,1,agree
Bank,44736,1,1,0,agree
Bank,44739,1,1,0,agree
Bank,44741,0,0,1,agree
Bank,44746,1,1,0,agree
Bank,44747,0,0,1,agree
Bank,44748,0,0,1,agree
Bank,44749,1,1,0,agree
Bank,44753,0,0,1,agree
Bank,44759,0,0,1,agree
Bank,44763,1,1,0,agree
Bank,44766,0,0,1,agree
Bank,44768,0,0,1,agree
Bank,44773,0,0,1,agree
Bank,44774,0,0,1,agree
Bank,44776,0,0,1,agree
Bank,44778,1,1,0,agree
Bank,44780,1,1,0,agree
Bank,44782,1,1,0,agree
Bank,44785,1,1,0,agree
Bank,44786,0,0,1,agree
Bank,44795,0,0,1,agree
Bank,44798,0,0,1,agree
Bank,44800,0,0,1,agree
Bank,44807,1,1,0,agree
Bank,44811,0,0,1,agree
Bank,44818,0,0,1,agree
Bank,44825,0,0,1,agree
Bank,44829,1,1,0,agree
Bank,44837,0,0,1,agree
Bank,44838,0,0,1,agree
Bank,44839,0,0,1,agree
Bank,44840,0,0,1,agree
Bank,44845,1,1,0,agree
Bank,44849,0,0,1,agree
Bank,44852,1,1,0,agree
Bank,44853,1,1,0,agree
Bank,44855,0,0,1,agree
Bank,44856,0,0,1,agree
Bank,44857,0,0,1,agree
Bank,44862,0,0,1,agree
Bank,44867,0,0,1,agree
Bank,44868,0,0,1,agree
Bank,44875,0,0,1,agree
Bank,44876,0,0,1,agree
Bank,44877,0,0,1,agree
Bank,44880,1,1,0,agree
Bank,44883,0,0,1,agree
Bank,44886,0,0,1,agree
Bank,44887,0,0,1,agree
Bank,44889,0,0,1,agree
Bank,44894,0,0,1,agree
Bank,44899,0,0,1,agree
Bank,44902,0,0,1,agree
Bank,44903,0,0,1,agree
Bank,44913,1,1,0,agree
Bank,44914,0,0,1,agree
Bank,44916,0,0,1,agree
Bank,44919,0,0,1,agree
Bank,44922,0,0,1,agree
Bank,44924,0,0,1,agree
Bank,44926,0,0,1,agree
Bank,44928,0,0,1,agree
Bank,44929,0,0,1,agree
Bank,44935,0,0,1,agree
Bank,44938,0,0,1,agree
Bank,44946,0,0,1,agree
Bank,44949,0,0,1,agree
Bank,44957,0,0,1,agree
Bank,44958,0,0,1,agree
Bank,44960,0,0,1,agree
Bank,44963,0,0,1,agree
Bank,44969,0,0,1,agree
Bank,44972,0,0,1,agree
Bank,44974,1,1,0,agree
Bank,44975,0,0,1,agree
Bank,44977,0,0,1,agree
Bank,44979,0,0,1,agree
Bank,44981,1,1,0,agree
Bank,44983,0,0,1,agree
Bank,44984,0,0,1,agree
Bank,44990,0,0,1,agree
Bank,44991,1,1,0,agree
Bank,44994,1,1,0,agree
Bank,44997,0,0,1,agree
Bank,44999,0,0,1,agree
Bank,45006,1,1,0,agree
Bank,45012,1,1,0,agree
Bank,45014,0,0,1,agree
Bank,45023,0,0,1,agree
Bank,45030,0,0,1,agree
Bank,45032,1,1,0,agree
Bank,45035,0,0,1,agree
Bank,45036,1,1,0,agree
Bank,45042,0,0,1,agree
Bank,45045,0,0,1,agree
Bank,45053,1,1,0,agree
Bank,45059,0,0,1,agree
Bank,45060,0,0,1,agree
Bank,45063,0,0,1,agree
Bank,45067,1,1,0,agree
Bank,45068,0,0,1,agree
Bank,45069,1,1,0,agree
Bank,45071,0,0,1,agree
Bank,45077,1,1,0,agree
Bank,45079,1,1,0,agree
Bank,45100,1,1,0,agree
Bank,45105,0,0,1,agree
Bank,45109,0,0,1,agree
Bank,45116,0,0,1,agree
Bank,45117,0,0,1,agree
Bank,45118,0,0,1,agree
Bank,45119,0,0,1,agree
Bank,45123,0,0,1,agree
Bank,45128,0,0,1,agree
Bank,45130,1,1,0,agree
Bank,45136,0,0,1,agree
Bank,45146,0,0,1,agree
Bank,45149,0,0,1,agree
Bank,45150,1,1,0,agree
Bank,45154,0,0,1,agree
Bank,45157,0,0,1,agree
Bank,45159,0,0,1,agree
Bank,45163,1,1,0,agree
Bank,45167,1,1,0,agree
Bank,45170,0,0,1,agree
Bank,45171,0,0,1,agree
Bank,45181,0,0,1,agree
Bank,45187,0,0,1,agree
Bank,45193,0,0,1,agree
Bank,45197,0,0,1,agree
Bank,45198,0,0,1,agree
Bank,45199,0,0,1,agree
Bank,45204,0,0,1,agree
Cancer,2,0,0,1,agree
Cancer,3,1,1,0,agree
Cancer,13,0,0,1,agree
Cancer,14,1,1,0,agree
Cancer,17,1,1,0,agree
Cancer,21,0,0,1,agree
Cancer,25,1,1,0,agree
Cancer,29,1,1,0,agree
Cancer,31,1,1,0,agree
Cancer,34,1,1,0,agree
Cancer,35,1,1,0,agree
Cancer,39,0,0,1,agree
Cancer,40,0,0,1,agree
Cancer,47,0,0,1,agree
Cancer,51,0,0,1,agree
Cancer,52,0,0,1,agree
Cancer,53,0,0,1,agree
Cancer,54,0,0,1,agree
Cancer,59,0,0,1,agree
Cancer,62,1,1,0,agree
Cancer,72,0,0,1,agree
Cancer,77,1,1,0,agree
Cancer,78,0,0,1,agree
Cancer,86,0,0,1,agree
Cancer,88,0,0,1,agree
Cancer,95,1,1,0,agree
Cancer,97,1,1,0,agree
Cancer,103,1,1,0,agree
Cancer,105,0,0,1,agree
Cancer,111,1,1,0,agree
Cancer,118,0,0,1,agree
Cancer,126,1,1,0,agree
Cancer,127,0,0,1,agree
Cancer,128,1,1,0,agree
Cancer,131,1,1,0,agree
Cancer,136,1,1,0,agree
Cancer,139,1,1,0,agree
Cancer,140,1,1,0,agree
Cancer,142,1,1,0,agree
Cancer,143,0,0,1,agree
Cancer,146,1,1,0,agree
Cancer,155,1,1,0,agree
Cancer,159,1,1,0,agree
Cancer,160,0,0,1,agree
Cancer,163,1,1,0,agree
Cancer,166,1,1,0,agree
Cancer,170,1,1,0,agree
Cancer,171,1,1,0,agree
Cancer,175,0,0,1,agree
Cancer,177,1,1,0,agree
Cancer,178,0,0,1,agree
Cancer,184,0,0,1,agree
Cancer,186,1,1,0,agree
Cancer,187,0,0,1,agree
Cancer,194,1,1,0,agree
Cancer,195,1,1,0,agree
Cancer,197,0,0,1,agree
Cancer,203,1,1,0,agree
Cancer,209,1,1,0,agree
Cancer,217,1,1,0,agree
Cancer,223,1,1,0,agree
Cancer,224,0,0,1,agree
Cancer,228,0,0,1,agree
Cancer,229,1,1,0,agree
Cancer,235,0,0,1,agree
Cancer,240,0,0,1,agree
Cancer,251,1,1,0,agree
Cancer,256,0,0,1,agree
Cancer,260,0,0,1,agree
Cancer,261,0,0,1,agree
Cancer,270,1,1,0,agree
Cancer,273,0,0,1,agree
Cancer,275,1,1,0,agree
Cancer,276,1,1,0,agree
Cancer,286,0,0,1,agree
Cancer,287,0,0,1,agree
Cancer,295,1,1,0,agree
Cancer,297,0,0,1,agree
Cancer,304,1,1,0,agree
Cancer,306,0,0,1,agree
Cancer,328,1,1,0,agree
Cancer,334,0,0,1,agree
Cancer,339,1,1,0,agree
Cancer,340,0,0,1,agree
Cancer,344,1,1,0,agree
Cancer,353,0,0,1,agree
Cancer,357,0,0,1,agree
Cancer,358,0,0,1,agree
Cancer,370,1,1,0,agree
Cancer,372,1,1,0,agree
Cancer,374,1,1,0,agree
Cancer,381,1,1,0,agree
Cancer,382,0,0,1,agree
Cancer,383,1,1,0,agree
Cancer,387,0,0,1,agree
Cancer,404,1,1,0,agree
Cancer,405,1,1,0,agree
Cancer,407,1,1,0,agree
Cancer,409,1,1,0,agree
Cancer,410,1,1,0,agree
Cancer,413,0,0,1,agree
Cancer,416,0,0,1,agree
Cancer,419,0,0,1,agree
Cancer,423,1,1,0,agree
Cancer,425,1,1,0,agree
Cancer,426,0,0,1,agree
Cancer,430,1,1,0,agree
Cancer,434,1,1,0,agree
Cancer,436,0,0,1,agree
Cancer,441,0,0,1,agree
Cancer,442,1,1,0,agree
Cancer,447,1,1,0,agree
Cancer,450,0,0,1,agree
Cancer,455,1,1,0,agree
Cancer,458,0,0,1,agree
Cancer,463,1,1,0,agree
Cancer,467,0,0,1,agree
Cancer,472,1,1,0,agree
Cancer,473,1,1,0,agree
Cancer,482,1,1,0,agree
Cancer,485,1,1,0,agree
Cancer,488,0,0,1,agree
Cancer,489,0,0,1,agree
Cancer,495,1,1,0,agree
Cancer,497,1,1,0,agree
Cancer,501,1,1,0,agree
Cancer,506,1,1,0,agree
Cancer,507,0,0,1,agree
Cancer,509,1,1,0,agree
Cancer,510,1,1,0,agree
Cancer,513,1,1,0,agree
Cancer,520,0,0,1,agree
Cancer,523,0,0,1,agree
Cancer,525,1,1,0,agree
Cancer,527,1,1,0,agree
Cancer,528,1,1,0,agree
Cancer,529,1,1,0,agree
Cancer,530,1,1,0,agree
Cancer,535,1,1,0,agree
Cancer,553,1,1,0,agree
Cancer,558,1,1,0,agree
Cancer,561,1,1,0,agree
Cancer,564,1,1,0,agree
Cancer,571,0,0,1,agree
Cancer,572,0,0,1,agree
Cancer,573,1,1,0,agree
Cancer,574,1,1,0,agree
Cancer,578,1,1,0,agree
Cancer,585,1,1,0,agree
Cancer,589,0,0,1,agree
Cancer,593,0,0,1,agree
Cancer,600,1,1,0,agree
Cancer,601,1,1,0,agree
Cancer,603,1,1,0,agree
Cancer,605,0,0,1,agree
Cancer,607,1,1,0,agree
Cancer,609,0,0,1,agree
Cancer,616,1,1,0,agree
Cancer,633,1,1,0,agree
Cancer,636,1,1,0,agree
Cancer,641,1,1,0,agree
Cancer,647,1,1,0,agree
Cancer,648,1,1,0,agree
Cancer,650,1,1,0,agree
Cancer,651,1,1,0,agree
Cancer,655,1,1,0,agree
Cancer,663,1,1,0,agree
Cancer,669,0,0,1,agree
Cancer,678,1,1,0,agree
Cancer,679,1,1,0,agree
Cancer,690,1,1,0,agree
Cancer,692,0,0,1,agree
Cancer,694,1,1,0,agree
Cancer,698,0,0,1,agree
Cancer,699,0,0,1,agree
Mushroom,2,0,0,1,agree
Mushroom,3,0,1,1,conflict
Mushroom,13,0,0,1,agree
Mushroom,14,0,1,1,conflict
Mushroom,17,0,1,1,conflict
Mushroom,21,0,0,1,agree
Mushroom,25,0,1,1,conflict
Mushroom,29,0,1,1,conflict
Mushroom,31,0,1,1,conflict
Mushroom,34,1,1,0,agree
Mushroom,35,0,1,1,conflict
Mushroom,39,0,0,1,agree
Mushroom,40,0,0,1,agree
Mushroom,47,0,0,1,agree
Mushroom,51,0,0,1,agree
Mushroom,52,0,0,1,agree
Mushroom,53,0,0,1,agree
Mushroom,54,0,0,1,agree
Mushroom,59,0,0,1,agree
Mushroom,62,0,1,1,conflict
Mushroom,72,0,0,1,agree
Mushroom,77,0,1,1,conflict
Mushroom,78,0,0,1,agree
Mushroom,86,0,0,1,agree
Mushroom,88,0,0,1,agree
Mushroom,95,0,1,1,conflict
Mushroom,97,1,1,0,agree
Mushroom,103,0,1,1,conflict
Mushroom,105,0,0,1,agree
Mushroom,111,1,1,0,agree
Mushroom,118,0,0,1,agree
Mushroom,126,0,1,1,conflict
Mushroom,127,0,0,1,agree
Mushroom,128,0,1,1,conflict
Mushroom,131,0,1,1,conflict
Mushroom,136,0,1,1,conflict
Mushroom,139,0,1,1,conflict
Mushroom,140,0,1,1,conflict
Mushroom,142,0,1,1,conflict
Mushroom,143,0,0,1,agree
Mushroom,146,0,1,1,conflict
Mushroom,155,0,1,1,conflict
Mushroom,159,0,1,1,conflict
Mushroom,160,0,0,1,agree
Mushroom,163,0,1,1,conflict
Mushroom,166,0,1,1,conflict
Mushroom,170,1,1,0,agree
Mushroom,171,0,1,1,conflict
Mushroom,175,0,0,1,agree
Mushroom,177,0,1,1,conflict
Mushroom,178,0,0,1,agree
Mushroom,184,0,0,1,agree
Mushroom,186,0,1,1,conflict
Mushroom,187,0,0,1,agree
Mushroom,194,0,1,1,conflict
Mushroom,195,0,1,1,conflict
Mushroom,197,0,0,1,agree
Mushroom,203,0,1,1,conflict
Mushroom,209,0,1,1,conflict
Mushroom,217,0,1,1,conflict
Mushroom,223,1,1,0,agree
Mushroom,224,0,0,1,agree
Mushroom,228,0,0,1,agree
Mushroom,229,0,1,1,conflict
Mushroom,235,0,0,1,agree
Mushroom,240,0,0,1,agree
Mushroom,251,1,1,0,agree
Mushroom,256,0,0,1,agree
Mushroom,260,0,0,1,agree
Mushroom,261,0,0,1,agree
Mushroom,270,0,1,1,conflict
Mushroom,273,0,0,1,agree
Mushroom,275,0,1,1,conflict
Mushroom,276,0,1,1,conflict
Mushroom,286,0,0,1,agree
Mushroom,287,0,0,1,agree
Mushroom,295,0,1,1,conflict
Mushroom,297,0,0,1,agree
Mushroom,304,0,1,1,conflict
Mushroom,306,0,0,1,agree
Mushroom,328,0,1,1,conflict
Mushroom,334,0,0,1,agree
Mushroom,339,0,1,1,conflict
Mushroom,340,0,0,1,agree
Mushroom,344,0,1,1,conflict
Mushroom,353,0,0,1,agree
Mushroom,357,0,0,1,agree
Mushroom,358,0,0,1,agree
Mushroom,370,0,1,1,conflict
Mushroom,372,0,1,1,conflict
Mushroom,374,1,1,0,agree
Mushroom,381,0,1,1,conflict
Mushroom,382,0,0,1,agree
Mushroom,383,1,1,0,agree
Mushroom,387,0,0,1,agree
Mushroom,404,0,1,1,conflict
Mushroom,405,1,1,0,agree
Mushroom,407,1,1,0,agree
Mushroom,409,1,1,0,agree
Mushroom,410,0,1,1,conflict
Mushroom,413,0,0,1,agree
Mushroom,416,0,0,1,agree
Mushroom,419,0,0,1,agree
Mushroom,423,1,1,0,agree
Mushroom,425,0,1,1,conflict
Mushroom,426,0,0,1,agree
Mushroom,430,0,1,1,conflict
Mushroom,434,1,1,0,agree
Mushroom,436,0,0,1,agree
Mushroom,441,0,0,1,agree
Mushroom,442,1,1,0,agree
Mushroom,447,0,1,1,conflict
Mushroom,450,0,0,1,agree
Mushroom,455,1,1,0,agree
Mushroom,458,0,0,1,agree
Mushroom,463,1,1,0,agree
Mushroom,467,0,0,1,agree
Mushroom,472,1,1,0,agree
Mushroom,473,0,1,1,conflict
Mushroom,482,1,1,0,agree
Mushroom,485,0,1,1,conflict
Mushroom,488,0,0,1,agree
Mushroom,489,0,0,1,agree
Mushroom,495,1,1,0,agree
Mushroom,497,0,1,1,conflict
Mushroom,501,0,1,1,conflict
Mushroom,506,1,1,0,agree
Mushroom,507,0,0,1,agree
Mushroom,509,0,1,1,conflict
Mushroom,510,0,1,1,conflict
Mushroom,513,0,1,1,conflict
Mushroom,520,0,0,1,agree
Mushroom,523,0,0,1,agree
Mushroom,525,0,1,1,conflict
Mushroom,527,0,1,1,conflict
Mushroom,528,0,1,1,conflict
Mushroom,529,1,1,0,agree
Mushroom,530,0,1,1,conflict
Mushroom,535,0,1,1,conflict
Mushroom,553,1,1,0,agree
Mushroom,558,1,1,0,agree
Mushroom,561,0,1,1,conflict
Mushroom,564,0,1,1,conflict
Mushroom,571,0,0,1,agree
Mushroom,572,0,0,1,agree
Mushroom,573,0,1,1,conflict
Mushroom,574,0,1,1,conflict
Mushroom,578,0,1,1,conflict
Mushroom,585,1,1,0,agree
Mushroom,589,0,0,1,agree
Mushroom,593,0,0,1,agree
Mushroom,600,1,1,0,agree
Mushroom,601,0,1,1,conflict
Mushroom,603,0,1,1,conflict
Mushroom,605,0,0,1,agree
Mushroom,607,1,1,0,agree
Mushroom,609,0,0,1,agree
Mushroom,616,0,1,1,conflict
Mushroom,633,0,1,1,conflict
Mushroom,636,0,1,1,conflict
Mushroom,641,1,1,0,agree
Mushroom,647,1,1,0,agree
Mushroom,648,1,1,0,agree
Mushroom,650,0,1,1,conflict
Mushroom,651,1,1,0,agree
Mushroom,655,0,1,1,conflict
Mushroom,663,0,1,1,conflict
Mushroom,669,0,0,1,agree
Mushroom,678,0,1,1,conflict
Mushroom,679,0,1,1,conflict
Mushroom,690,0,1,1,conflict
Mushroom,692,0,0,1,agree
Mushroom,694,0,1,1,conflict
Mushroom,698,0,0,1,agree
Mushroom,699,0,0,1,agree
