instance_id,applicable_rules,overrides,incl_max,prediction
17754,"r19","r19 applies|","r19",0
6154,"r19","r19 applies|","r19",0
520,"r19","r19 applies|","r19",0
12917,"r19","r19 applies|","r19",0
5397,"r19","r19 applies|","r19",0
14506,"r19","r19 applies|","r19",0
37005,"r19","r19 applies|","r19",0
29660,"r19","r19 applies|","r19",0
11757,"r19","r19 applies|","r19",0
7021,"r20","r20 applies|","r20",0
29965,"r19","r19 applies|","r19",0
368,"r19","r19 applies|","r19",0
18478,"r19","r19 applies|","r19",0
44070,"r19","r19 applies|","r19",0
11074,"r20","r20 applies|","r20",0
37054,"r19","r19 applies|","r19",0
16992,"r19","r19 applies|","r19",0
40907,"r19","r19 applies|","r19",0
30171,"r19","r19 applies|","r19",0
18539,"r19","r19 applies|","r19",0
8132,"r19","r19 applies|","r19",0
14701,"r20","r20 applies|","r20",0
10040,"r19","r19 applies|","r19",0
3059,"r20","r20 applies|","r20",0
31573,"r19","r19 applies|","r19",0
3973,"r20","r20 applies|","r20",0
40394,"r20","r20 applies|","r20",0
44746,"r0 r18 r19","r19 applies->r18 applies & overides r19->r0 applies & overides r18|","r0",1
314,"r19","r19 applies|","r19",0
36455,"r19","r19 applies|","r19",0
37849,"r19","r19 applies|","r19",0
44446,"r19","r19 applies|","r19",0
40343,"r20","r20 applies|","r20",0
2086,"r20","r20 applies|","r20",0
23171,"r19","r19 applies|","r19",0
907,"r20","r20 applies|","r20",0
4605,"r19","r19 applies|","r19",0
15718,"r20","r20 applies|","r20",0
34061,"r19","r19 applies|","r19",0
14638,"r19","r19 applies|","r19",0
24043,"r19","r19 applies|","r19",0
25968,"r20","r20 applies|","r20",0
17641,"r19","r19 applies|","r19",0
23510,"r19","r19 applies|","r19",0
15015,"r19","r19 applies|","r19",0
27340,"r20","r20 applies|","r20",0
22246,"r19","r19 applies|","r19",0
38645,"r19","r19 applies|","r19",0
25825,"r19","r19 applies|","r19",0
38394,"r19","r19 applies|","r19",0
4401,"r19","r19 applies|","r19",0
43505,"r1 r18 r19","r19 applies->r18 applies & overides r19->r1 applies & overides r18|","r1",1
21547,"r19","r19 applies|","r19",0
32745,"r19","r19 applies|","r19",0
23794,"r19","r19 applies|","r19",0
27107,"r19","r19 applies|","r19",0
43228,"r20","r20 applies|","r20",0
9485,"r20","r20 applies|","r20",0
33896,"r19","r19 applies|","r19",0
2646,"r19","r19 applies|","r19",0
4648,"r20","r20 applies|","r20",0
24190,"r19","r19 applies|","r19",0
26422,"r20","r20 applies|","r20",0
27156,"r20","r20 applies|","r20",0
19953,"r19","r19 applies|","r19",0
18559,"r19","r19 applies|","r19",0
34041,"r19","r19 applies|","r19",0
25733,"r20","r20 applies|","r20",0
23336,"r19","r19 applies|","r19",0
32051,"r5 r10 r20","r20 applies->r10 applies & overides r20->r5 applies & overides r10|","r5",1
409,"r20","r20 applies|","r20",0
39301,"r19","r19 applies|","r19",0
15408,"r20","r20 applies|","r20",0
33142,"r19","r19 applies|","r19",0
1874,"r20","r20 applies|","r20",0
1450,"r19","r19 applies|","r19",0
33272,"r20","r20 applies|","r20",0
30836,"r19","r19 applies|","r19",0
24495,"r19","r19 applies|","r19",0
43510,"r11 r16 r20","r20 applies->r16 applies & overides r20->r11 applies & overides r16|","r11",1
38726,"r20","r20 applies|","r20",0
18810,"r19","r19 applies|","r19",0
7148,"r20","r20 applies|","r20",0
16603,"r19","r19 applies|","r19",0
19346,"r19","r19 applies|","r19",0
15527,"r20","r20 applies|","r20",0
37278,"r19","r19 applies|","r19",0
27208,"r19","r19 applies|","r19",0
10522,"r19","r19 applies|","r19",0
1957,"r19","r19 applies|","r19",0
30450,"r19","r19 applies|","r19",0
28407,"r19","r19 applies|","r19",0
13052,"r19","r19 applies|","r19",0
15728,"r20","r20 applies|","r20",0
37912,"r20","r20 applies|","r20",0
22312,"r19","r19 applies|","r19",0
33134,"r20","r20 applies|","r20",0
1386,"r19","r19 applies|","r19",0
11019,"r20","r20 applies|","r20",0
2800,"r20","r20 applies|","r20",0
9561,"r19","r19 applies|","r19",0
10635,"r19","r19 applies|","r19",0
6613,"r19","r19 applies|","r19",0
19450,"r19","r19 applies|","r19",0
287,"r19","r19 applies|","r19",0
28928,"r19","r19 applies|","r19",0
37463,"r19","r19 applies|","r19",0
17126,"r19","r19 applies|","r19",0
38458,"r19","r19 applies|","r19",0
15812,"r20","r20 applies|","r20",0
41926,"r0 r18 r19","r19 applies->r18 applies & overides r19->r0 applies & overides r18|","r0",1
37401,"r19","r19 applies|","r19",0
14233,"r19","r19 applies|","r19",0
5689,"r20","r20 applies|","r20",0
12218,"r19","r19 applies|","r19",0
22202,"r20","r20 applies|","r20",0
44484,"r19","r19 applies|","r19",0
9506,"r19","r19 applies|","r19",0
16328,"r19","r19 applies|","r19",0
6998,"r19","r19 applies|","r19",0
30566,"r19","r19 applies|","r19",0
33667,"r19","r19 applies|","r19",0
27524,"r20","r20 applies|","r20",0
14093,"r19","r19 applies|","r19",0
22554,"r19","r19 applies|","r19",0
9866,"r19","r19 applies|","r19",0
10821,"r19","r19 applies|","r19",0
5525,"r19","r19 applies|","r19",0
11498,"r19","r19 applies|","r19",0
9053,"r19","r19 applies|","r19",0
18238,"r19","r19 applies|","r19",0
37133,"r19","r19 applies|","r19",0
1357,"r19","r19 applies|","r19",0
26775,"r20","r20 applies|","r20",0
40532,"r19","r19 applies|","r19",0
18683,"r19","r19 applies|","r19",0
3510,"r20","r20 applies|","r20",0
25956,"r19","r19 applies|","r19",0
31393,"r19","r19 applies|","r19",0
6144,"r19","r19 applies|","r19",0
8534,"r20","r20 applies|","r20",0
39044,"r19","r19 applies|","r19",0
13163,"r20","r20 applies|","r20",0
34006,"r4 r10 r20","r20 applies->r10 applies & overides r20->r4 applies & overides r10|","r4",1
41570,"r20","r20 applies|","r20",0
38983,"r19","r19 applies|","r19",0
16650,"r19","r19 applies|","r19",0
30023,"r19","r19 applies|","r19",0
19610,"r19","r19 applies|","r19",0
2885,"r19","r19 applies|","r19",0
40443,"r19","r19 applies|","r19",0
22936,"r19","r19 applies|","r19",0
10900,"r19","r19 applies|","r19",0
28877,"r19","r19 applies|","r19",0
22280,"r19","r19 applies|","r19",0
25189,"r19","r19 applies|","r19",0
38712,"r19","r19 applies|","r19",0
38825,"r19","r19 applies|","r19",0
45149,"r20","r20 applies|","r20",0
43866,"r19","r19 applies|","r19",0
4386,"r19","r19 applies|","r19",0
22017,"r19","r19 applies|","r19",0
44210,"r20","r20 applies|","r20",0
23843,"r19","r19 applies|","r19",0
42849,"r2 r16 r20","r20 applies->r16 applies & overides r20->r2 applies & overides r16|","r2",1
44207,"r19","r19 applies|","r19",0
2324,"r19","r19 applies|","r19",0
34858,"r19","r19 applies|","r19",0
6820,"r19","r19 applies|","r19",0
14922,"r20","r20 applies|","r20",0
17721,"r19","r19 applies|","r19",0
8264,"r19","r19 applies|","r19",0
44230,"r19","r19 applies|","r19",0
33700,"r19","r19 applies|","r19",0
10690,"r19","r19 applies|","r19",0
25015,"r19","r19 applies|","r19",0
11716,"r20","r20 applies|","r20",0
18396,"r19","r19 applies|","r19",0
31441,"r19","r19 applies|","r19",0
8637,"r20","r20 applies|","r20",0
28483,"r20","r20 applies|","r20",0
27022,"r20","r20 applies|","r20",0
24164,"r19","r19 applies|","r19",0
37041,"r19","r19 applies|","r19",0
10659,"r19","r19 applies|","r19",0
31223,"r20","r20 applies|","r20",0
14489,"r19","r19 applies|","r19",0
39809,"r19","r19 applies|","r19",0
43844,"r1 r18 r19","r19 applies->r18 applies & overides r19->r1 applies & overides r18|","r1",1
29496,"r19","r19 applies|","r19",0
14069,"r19","r19 applies|","r19",0
26478,"r19","r19 applies|","r19",0
38188,"r19","r19 applies|","r19",0
45014,"r19","r19 applies|","r19",0
42828,"r6 r15 r18 r19","r19 applies->r18 applies & overides r19->r15 applies & overides r18->r6 applies & overides r15|","r6",0
16803,"r20","r20 applies|","r20",0
23688,"r19","r19 applies|","r19",0
19810,"r19","r19 applies|","r19",0
15422,"r19","r19 applies|","r19",0
41047,"r19","r19 applies|","r19",0
32726,"r19","r19 applies|","r19",0
24738,"r19","r19 applies|","r19",0
33123,"r20","r20 applies|","r20",0
42171,"r20","r20 applies|","r20",0
16615,"r19","r19 applies|","r19",0
16341,"r19","r19 applies|","r19",0
2845,"r19","r19 applies|","r19",0
5989,"r19","r19 applies|","r19",0
19453,"r19","r19 applies|","r19",0
9980,"r19","r19 applies|","r19",0
15164,"r19","r19 applies|","r19",0
12952,"r19","r19 applies|","r19",0
11638,"r19","r19 applies|","r19",0
3020,"r20","r20 applies|","r20",0
23253,"r19","r19 applies|","r19",0
25946,"r19","r19 applies|","r19",0
2905,"r19","r19 applies|","r19",0
22898,"r19","r19 applies|","r19",0
11908,"r19","r19 applies|","r19",0
5273,"r19","r19 applies|","r19",0
39605,"r19","r19 applies|","r19",0
44774,"r17 r18 r19","r19 applies->r18 applies & overides r19->r17 applies & overides r18|","r17",0
7335,"r20","r20 applies|","r20",0
37953,"r19","r19 applies|","r19",0
13879,"r19","r19 applies|","r19",0
28157,"r19","r19 applies|","r19",0
43474,"r0 r18 r19","r19 applies->r18 applies & overides r19->r0 applies & overides r18|","r0",1
41137,"r19","r19 applies|","r19",0
12938,"r19","r19 applies|","r19",0
41557,"r19","r19 applies|","r19",0
19781,"r19","r19 applies|","r19",0
31674,"r19","r19 applies|","r19",0
25230,"r19","r19 applies|","r19",0
37743,"r19","r19 applies|","r19",0
31328,"r19","r19 applies|","r19",0
6892,"r19","r19 applies|","r19",0
28440,"r19","r19 applies|","r19",0
36828,"r19","r19 applies|","r19",0
17599,"r19","r19 applies|","r19",0
22104,"r19","r19 applies|","r19",0
28067,"r20","r20 applies|","r20",0
27603,"r19","r19 applies|","r19",0
34609,"r19","r19 applies|","r19",0
29736,"r19","r19 applies|","r19",0
304,"r19","r19 applies|","r19",0
16740,"r19","r19 applies|","r19",0
32503,"r19","r19 applies|","r19",0
35821,"r19","r19 applies|","r19",0
33428,"r19","r19 applies|","r19",0
9662,"r19","r19 applies|","r19",0
15742,"r19","r19 applies|","r19",0
4813,"r19","r19 applies|","r19",0
3659,"r19","r19 applies|","r19",0
42976,"r0 r18 r19","r19 applies->r18 applies & overides r19->r0 applies & overides r18|","r0",1
1489,"r19","r19 applies|","r19",0
12131,"r19","r19 applies|","r19",0
37205,"r19","r19 applies|","r19",0
19004,"r20","r20 applies|","r20",0
12159,"r19","r19 applies|","r19",0
39397,"r19","r19 applies|","r19",0
41511,"r19","r19 applies|","r19",0
26994,"r20","r20 applies|","r20",0
35393,"r20","r20 applies|","r20",0
40681,"r19","r19 applies|","r19",0
22732,"r19","r19 applies|","r19",0
39271,"r19","r19 applies|","r19",0
17118,"r19","r19 applies|","r19",0
24419,"r19","r19 applies|","r19",0
10600,"r19","r19 applies|","r19",0
31762,"r20","r20 applies|","r20",0
37280,"r20","r20 applies|","r20",0
1592,"r19","r19 applies|","r19",0
24291,"r19","r19 applies|","r19",0
8621,"r20","r20 applies|","r20",0
23683,"r19","r19 applies|","r19",0
28150,"r19","r19 applies|","r19",0
35735,"r19","r19 applies|","r19",0
27621,"r19","r19 applies|","r19",0
8452,"r19","r19 applies|","r19",0
18828,"r19","r19 applies|","r19",0
17322,"r19","r19 applies|","r19",0
218,"r20","r20 applies|","r20",0
6420,"r20","r20 applies|","r20",0
3193,"r19","r19 applies|","r19",0
28513,"r19","r19 applies|","r19",0
34068,"r19","r19 applies|","r19",0
11331,"r19","r19 applies|","r19",0
41411,"r0 r18 r19","r19 applies->r18 applies & overides r19->r0 applies & overides r18|","r0",1
29012,"r19","r19 applies|","r19",0
659,"r19","r19 applies|","r19",0
11683,"r19","r19 applies|","r19",0
5963,"r19","r19 applies|","r19",0
31752,"r19","r19 applies|","r19",0
23536,"r19","r19 applies|","r19",0
36209,"r19","r19 applies|","r19",0
22499,"r20","r20 applies|","r20",0
12030,"r19","r19 applies|","r19",0
38015,"r19","r19 applies|","r19",0
33086,"r19","r19 applies|","r19",0
2588,"r19","r19 applies|","r19",0
30563,"r20","r20 applies|","r20",0
45079,"r0 r18 r19","r19 applies->r18 applies & overides r19->r0 applies & overides r18|","r0",1
14060,"r19","r19 applies|","r19",0
7337,"r19","r19 applies|","r19",0
32883,"r19","r19 applies|","r19",0
23032,"r19","r19 applies|","r19",0
14836,"r19","r19 applies|","r19",0
24055,"r20","r20 applies|","r20",0
27786,"r19","r19 applies|","r19",0
29951,"r19","r19 applies|","r19",0
35692,"r19","r19 applies|","r19",0
34308,"r11 r16 r20","r20 applies->r16 applies & overides r20->r11 applies & overides r16|","r11",1
77,"r19","r19 applies|","r19",0
26549,"r19","r19 applies|","r19",0
27044,"r19","r19 applies|","r19",0
31707,"r19","r19 applies|","r19",0
34736,"r19","r19 applies|","r19",0
28467,"r19","r19 applies|","r19",0
29114,"r19","r19 applies|","r19",0
39587,"r19","r19 applies|","r19",0
18211,"r19","r19 applies|","r19",0
45068,"r20","r20 applies|","r20",0
8937,"r19","r19 applies|","r19",0
10243,"r19","r19 applies|","r19",0
26168,"r20","r20 applies|","r20",0
238,"r19","r19 applies|","r19",0
12877,"r20","r20 applies|","r20",0
18208,"r19","r19 applies|","r19",0
41950,"r19","r19 applies|","r19",0
8843,"r19","r19 applies|","r19",0
5406,"r20","r20 applies|","r20",0
14483,"r20","r20 applies|","r20",0
43856,"r19","r19 applies|","r19",0
28404,"r19","r19 applies|","r19",0
8416,"r19","r19 applies|","r19",0
21537,"r19","r19 applies|","r19",0
1825,"r19","r19 applies|","r19",0
8196,"r19","r19 applies|","r19",0
229,"r19","r19 applies|","r19",0
6628,"r19","r19 applies|","r19",0
37267,"r19","r19 applies|","r19",0
5079,"r19","r19 applies|","r19",0
21464,"r19","r19 applies|","r19",0
29095,"r19","r19 applies|","r19",0
34170,"r4 r10 r20","r20 applies->r10 applies & overides r20->r4 applies & overides r10|","r4",1
43329,"r20","r20 applies|","r20",0
36536,"r19","r19 applies|","r19",0
11535,"r19","r19 applies|","r19",0
29456,"r19","r19 applies|","r19",0
18188,"r19","r19 applies|","r19",0
40635,"r2 r16 r20","r20 applies->r16 applies & overides r20->r2 applies & overides r16|","r2",1
25947,"r19","r19 applies|","r19",0
32985,"r20","r20 applies|","r20",0
34045,"r19","r19 applies|","r19",0
24435,"r19","r19 applies|","r19",0
40237,"r19","r19 applies|","r19",0
25775,"r19","r19 applies|","r19",0
21041,"r19","r19 applies|","r19",0
38858,"r20","r20 applies|","r20",0
38995,"r20","r20 applies|","r20",0
6756,"r19","r19 applies|","r19",0
14755,"r19","r19 applies|","r19",0
6096,"r19","r19 applies|","r19",0
21187,"r19","r19 applies|","r19",0
30034,"r19","r19 applies|","r19",0
11524,"r19","r19 applies|","r19",0
1554,"r20","r20 applies|","r20",0
8933,"r19","r19 applies|","r19",0
34972,"r19","r19 applies|","r19",0
27411,"r19","r19 applies|","r19",0
22239,"r19","r19 applies|","r19",0
44305,"r12 r15 r18 r19","r19 applies->r18 applies & overides r19->r15 applies & overides r18->r12 applies & overides r15|","r12",0
34073,"r9 r15 r18 r19","r19 applies->r18 applies & overides r19->r15 applies & overides r18->r9 applies & overides r15|","r9",0
38429,"r20","r20 applies|","r20",0
32111,"r19","r19 applies|","r19",0
14757,"r19","r19 applies|","r19",0
2354,"r20","r20 applies|","r20",0
15479,"r20","r20 applies|","r20",0
28555,"r19","r19 applies|","r19",0
43021,"r19","r19 applies|","r19",0
2921,"r19","r19 applies|","r19",0
10652,"r19","r19 applies|","r19",0
36886,"r19","r19 applies|","r19",0
18220,"r20","r20 applies|","r20",0
32917,"r19","r19 applies|","r19",0
13933,"r20","r20 applies|","r20",0
11015,"r20","r20 applies|","r20",0
12611,"r19","r19 applies|","r19",0
25991,"r19","r19 applies|","r19",0
36320,"r19","r19 applies|","r19",0
20566,"r19","r19 applies|","r19",0
27592,"r19","r19 applies|","r19",0
36616,"r19","r19 applies|","r19",0
12704,"r20","r20 applies|","r20",0
2125,"r19","r19 applies|","r19",0
26424,"r19","r19 applies|","r19",0
17839,"r19","r19 applies|","r19",0
27018,"r20","r20 applies|","r20",0
43734,"r20","r20 applies|","r20",0
19962,"r19","r19 applies|","r19",0
24281,"r19","r19 applies|","r19",0
38522,"r19","r19 applies|","r19",0
25821,"r19","r19 applies|","r19",0
43853,"r0 r18 r19","r19 applies->r18 applies & overides r19->r0 applies & overides r18|","r0",1
24600,"r19","r19 applies|","r19",0
41522,"r19","r19 applies|","r19",0
13972,"r19","r19 applies|","r19",0
21525,"r20","r20 applies|","r20",0
17997,"r19","r19 applies|","r19",0
20854,"r19","r19 applies|","r19",0
36371,"r19","r19 applies|","r19",0
14274,"r19","r19 applies|","r19",0
38649,"r20","r20 applies|","r20",0
28607,"r19","r19 applies|","r19",0
24634,"r19","r19 applies|","r19",0
44023,"r19","r19 applies|","r19",0
2487,"r20","r20 applies|","r20",0
29804,"r19","r19 applies|","r19",0
19290,"r19","r19 applies|","r19",0
14810,"r19","r19 applies|","r19",0
9927,"r19","r19 applies|","r19",0
3720,"r19","r19 applies|","r19",0
45012,"r3 r16 r20","r20 applies->r16 applies & overides r20->r3 applies & overides r16|","r3",1
14258,"r19","r19 applies|","r19",0
18800,"r19","r19 applies|","r19",0
31023,"r19","r19 applies|","r19",0
37260,"r20","r20 applies|","r20",0
6781,"r19","r19 applies|","r19",0
35814,"r8 r18 r19","r19 applies->r18 applies & overides r19->r8 applies & overides r18|","r8",0
10375,"r19","r19 applies|","r19",0
3660,"r19","r19 applies|","r19",0
24100,"r19","r19 applies|","r19",0
6310,"r19","r19 applies|","r19",0
31878,"r20","r20 applies|","r20",0
6301,"r19","r19 applies|","r19",0
31994,"r19","r19 applies|","r19",0
37737,"r19","r19 applies|","r19",0
13839,"r19","r19 applies|","r19",0
20012,"r19","r19 applies|","r19",0
5692,"r19","r19 applies|","r19",0
39638,"r19","r19 applies|","r19",0
28571,"r19","r19 applies|","r19",0
37265,"r19","r19 applies|","r19",0
736,"r19","r19 applies|","r19",0
21524,"r19","r19 applies|","r19",0
35308,"r19","r19 applies|","r19",0
20409,"r19","r19 applies|","r19",0
39197,"r20","r20 applies|","r20",0
22299,"r19","r19 applies|","r19",0
39061,"r20","r20 applies|","r20",0
9938,"r19","r19 applies|","r19",0
16265,"r19","r19 applies|","r19",0
29191,"r19","r19 applies|","r19",0
35563,"r19","r19 applies|","r19",0
24761,"r19","r19 applies|","r19",0
27789,"r19","r19 applies|","r19",0
8421,"r20","r20 applies|","r20",0
13086,"r20","r20 applies|","r20",0
3945,"r19","r19 applies|","r19",0
25839,"r19","r19 applies|","r19",0
35707,"r19","r19 applies|","r19",0
42311,"r20","r20 applies|","r20",0
24909,"r19","r19 applies|","r19",0
41964,"r1 r18 r19","r19 applies->r18 applies & overides r19->r1 applies & overides r18|","r1",1
27375,"r19","r19 applies|","r19",0
22356,"r19","r19 applies|","r19",0
14391,"r19","r19 applies|","r19",0
5150,"r19","r19 applies|","r19",0
5203,"r19","r19 applies|","r19",0
28363,"r19","r19 applies|","r19",0
2015,"r19","r19 applies|","r19",0
8275,"r19","r19 applies|","r19",0
18428,"r19","r19 applies|","r19",0
13790,"r19","r19 applies|","r19",0
35714,"r19","r19 applies|","r19",0
36099,"r19","r19 applies|","r19",0
7791,"r19","r19 applies|","r19",0
22539,"r19","r19 applies|","r19",0
30824,"r19","r19 applies|","r19",0
3011,"r20","r20 applies|","r20",0
39248,"r19","r19 applies|","r19",0
11841,"r20","r20 applies|","r20",0
28932,"r19","r19 applies|","r19",0
41647,"r19","r19 applies|","r19",0
18598,"r19","r19 applies|","r19",0
7567,"r20","r20 applies|","r20",0
1496,"r19","r19 applies|","r19",0
21569,"r19","r19 applies|","r19",0
27636,"r19","r19 applies|","r19",0
17996,"r19","r19 applies|","r19",0
24591,"r20","r20 applies|","r20",0
42127,"r20","r20 applies|","r20",0
21513,"r19","r19 applies|","r19",0
38451,"r19","r19 applies|","r19",0
42804,"r19","r19 applies|","r19",0
2283,"r19","r19 applies|","r19",0
24220,"r19","r19 applies|","r19",0
19668,"r20","r20 applies|","r20",0
4957,"r19","r19 applies|","r19",0
14863,"r19","r19 applies|","r19",0
7381,"r19","r19 applies|","r19",0
37939,"r19","r19 applies|","r19",0
32804,"r19","r19 applies|","r19",0
5497,"r19","r19 applies|","r19",0
12671,"r20","r20 applies|","r20",0
3186,"r19","r19 applies|","r19",0
37834,"r19","r19 applies|","r19",0
4219,"r19","r19 applies|","r19",0
5313,"r19","r19 applies|","r19",0
19681,"r19","r19 applies|","r19",0
14271,"r19","r19 applies|","r19",0
9493,"r20","r20 applies|","r20",0
23243,"r19","r19 applies|","r19",0
14964,"r19","r19 applies|","r19",0
36630,"r19","r19 applies|","r19",0
33499,"r19","r19 applies|","r19",0
43270,"r19","r19 applies|","r19",0
37829,"r19","r19 applies|","r19",0
11961,"r19","r19 applies|","r19",0
42755,"r20","r20 applies|","r20",0
3609,"r19","r19 applies|","r19",0
16109,"r19","r19 applies|","r19",0
43327,"r19","r19 applies|","r19",0
37347,"r19","r19 applies|","r19",0
10677,"r19","r19 applies|","r19",0
26055,"r19","r19 applies|","r19",0
2717,"r19","r19 applies|","r19",0
4374,"r19","r19 applies|","r19",0
16699,"r20","r20 applies|","r20",0
478,"r19","r19 applies|","r19",0
27458,"r19","r19 applies|","r19",0
14380,"r19","r19 applies|","r19",0
25700,"r19","r19 applies|","r19",0
26495,"r19","r19 applies|","r19",0
24082,"r19","r19 applies|","r19",0
13436,"r19","r19 applies|","r19",0
19120,"r20","r20 applies|","r20",0
25683,"r20","r20 applies|","r20",0
15001,"r19","r19 applies|","r19",0
7401,"r20","r20 applies|","r20",0
34592,"r19","r19 applies|","r19",0
79,"r19","r19 applies|","r19",0
31734,"r19","r19 applies|","r19",0
44461,"r0 r18 r19","r19 applies->r18 applies & overides r19->r0 applies & overides r18|","r0",1
19247,"r19","r19 applies|","r19",0
31013,"r19","r19 applies|","r19",0
42601,"r19","r19 applies|","r19",0
20574,"r20","r20 applies|","r20",0
12654,"r19","r19 applies|","r19",0
2617,"r19","r19 applies|","r19",0
4577,"r19","r19 applies|","r19",0
44445,"r19","r19 applies|","r19",0
43863,"r0 r18 r19","r19 applies->r18 applies & overides r19->r0 applies & overides r18|","r0",1
24054,"r19","r19 applies|","r19",0
41297,"r20","r20 applies|","r20",0
2054,"r20","r20 applies|","r20",0
23380,"r19","r19 applies|","r19",0
2901,"r19","r19 applies|","r19",0
43073,"r19","r19 applies|","r19",0
3985,"r19","r19 applies|","r19",0
15310,"r19","r19 applies|","r19",0
34388,"r19","r19 applies|","r19",0
186,"r19","r19 applies|","r19",0
36603,"r19","r19 applies|","r19",0
24344,"r19","r19 applies|","r19",0
24906,"r19","r19 applies|","r19",0
6806,"r19","r19 applies|","r19",0
30420,"r19","r19 applies|","r19",0
26576,"r19","r19 applies|","r19",0
39025,"r19","r19 applies|","r19",0
25648,"r19","r19 applies|","r19",0
7110,"r19","r19 applies|","r19",0
8047,"r20","r20 applies|","r20",0
10859,"r20","r20 applies|","r20",0
39194,"r20","r20 applies|","r20",0
19399,"r19","r19 applies|","r19",0
10276,"r19","r19 applies|","r19",0
17814,"r20","r20 applies|","r20",0
9386,"r20","r20 applies|","r20",0
26058,"r19","r19 applies|","r19",0
18817,"r19","r19 applies|","r19",0
20810,"r19","r19 applies|","r19",0
18293,"r19","r19 applies|","r19",0
13801,"r19","r19 applies|","r19",0
18098,"r19","r19 applies|","r19",0
12598,"r19","r19 applies|","r19",0
3658,"r19","r19 applies|","r19",0
37612,"r20","r20 applies|","r20",0
16455,"r20","r20 applies|","r20",0
9040,"r19","r19 applies|","r19",0
32226,"r19","r19 applies|","r19",0
19577,"r19","r19 applies|","r19",0
27462,"r19","r19 applies|","r19",0
15165,"r19","r19 applies|","r19",0
42909,"r19","r19 applies|","r19",0
39240,"r19","r19 applies|","r19",0
34555,"r19","r19 applies|","r19",0
40616,"r20","r20 applies|","r20",0
11536,"r19","r19 applies|","r19",0
13664,"r19","r19 applies|","r19",0
5393,"r19","r19 applies|","r19",0
14770,"r20","r20 applies|","r20",0
38143,"r20","r20 applies|","r20",0
41907,"r0 r18 r19","r19 applies->r18 applies & overides r19->r0 applies & overides r18|","r0",1
13826,"r20","r20 applies|","r20",0
32703,"r20","r20 applies|","r20",0
4039,"r19","r19 applies|","r19",0
31954,"r19","r19 applies|","r19",0
18629,"r19","r19 applies|","r19",0
19840,"r20","r20 applies|","r20",0
43185,"r20","r20 applies|","r20",0
20796,"r20","r20 applies|","r20",0
30451,"r19","r19 applies|","r19",0
16220,"r20","r20 applies|","r20",0
25805,"r19","r19 applies|","r19",0
3815,"r20","r20 applies|","r20",0
22270,"r19","r19 applies|","r19",0
7286,"r19","r19 applies|","r19",0
36681,"r19","r19 applies|","r19",0
26014,"r19","r19 applies|","r19",0
28327,"r19","r19 applies|","r19",0
22136,"r19","r19 applies|","r19",0
31138,"r19","r19 applies|","r19",0
15327,"r19","r19 applies|","r19",0
16932,"r19","r19 applies|","r19",0
43618,"r19","r19 applies|","r19",0
34920,"r19","r19 applies|","r19",0
30874,"r19","r19 applies|","r19",0
27775,"r19","r19 applies|","r19",0
37596,"r19","r19 applies|","r19",0
44516,"r2 r16 r20","r20 applies->r16 applies & overides r20->r2 applies & overides r16|","r2",1
7013,"r19","r19 applies|","r19",0
37097,"r19","r19 applies|","r19",0
40376,"r20","r20 applies|","r20",0
8959,"r19","r19 applies|","r19",0
40628,"r19","r19 applies|","r19",0
12017,"r19","r19 applies|","r19",0
37321,"r17 r18 r19","r19 applies->r18 applies & overides r19->r17 applies & overides r18|","r17",0
14193,"r19","r19 applies|","r19",0
44384,"r19","r19 applies|","r19",0
3044,"r19","r19 applies|","r19",0
41967,"r19","r19 applies|","r19",0
15838,"r19","r19 applies|","r19",0
12835,"r19","r19 applies|","r19",0
39280,"r19","r19 applies|","r19",0
35121,"r20","r20 applies|","r20",0
2222,"r19","r19 applies|","r19",0
33953,"r19","r19 applies|","r19",0
29318,"r20","r20 applies|","r20",0
13383,"r19","r19 applies|","r19",0
32723,"r19","r19 applies|","r19",0
32896,"r20","r20 applies|","r20",0
6738,"r19","r19 applies|","r19",0
31133,"r19","r19 applies|","r19",0
37255,"r19","r19 applies|","r19",0
27053,"r19","r19 applies|","r19",0
43181,"r19","r19 applies|","r19",0
20241,"r19","r19 applies|","r19",0
11202,"r19","r19 applies|","r19",0
6148,"r19","r19 applies|","r19",0
34430,"r19","r19 applies|","r19",0
9122,"r20","r20 applies|","r20",0
44916,"r19","r19 applies|","r19",0
31060,"r19","r19 applies|","r19",0
21651,"r19","r19 applies|","r19",0
8435,"r19","r19 applies|","r19",0
23682,"r19","r19 applies|","r19",0
25280,"r19","r19 applies|","r19",0
26888,"r20","r20 applies|","r20",0
2074,"r19","r19 applies|","r19",0
23896,"r19","r19 applies|","r19",0
15495,"r20","r20 applies|","r20",0
18101,"r19","r19 applies|","r19",0
18773,"r20","r20 applies|","r20",0
10893,"r19","r19 applies|","r19",0
20772,"r19","r19 applies|","r19",0
36695,"r19","r19 applies|","r19",0
14573,"r19","r19 applies|","r19",0
14887,"r20","r20 applies|","r20",0
30758,"r19","r19 applies|","r19",0
29746,"r19","r19 applies|","r19",0
36775,"r19","r19 applies|","r19",0
2530,"r19","r19 applies|","r19",0
42781,"r19","r19 applies|","r19",0
21785,"r19","r19 applies|","r19",0
5384,"r20","r20 applies|","r20",0
33639,"r20","r20 applies|","r20",0
25914,"r19","r19 applies|","r19",0
10894,"r19","r19 applies|","r19",0
764,"r19","r19 applies|","r19",0
15769,"r19","r19 applies|","r19",0
19842,"r19","r19 applies|","r19",0
15308,"r19","r19 applies|","r19",0
10861,"r19","r19 applies|","r19",0
30918,"r19","r19 applies|","r19",0
44748,"r20","r20 applies|","r20",0
33212,"r19","r19 applies|","r19",0
35280,"r19","r19 applies|","r19",0
7827,"r19","r19 applies|","r19",0
18357,"r20","r20 applies|","r20",0
8776,"r19","r19 applies|","r19",0
44051,"r19","r19 applies|","r19",0
35296,"r19","r19 applies|","r19",0
1246,"r19","r19 applies|","r19",0
6397,"r19","r19 applies|","r19",0
42785,"r6 r15 r18 r19","r19 applies->r18 applies & overides r19->r15 applies & overides r18->r6 applies & overides r15|","r6",0
37676,"r19","r19 applies|","r19",0
40305,"r19","r19 applies|","r19",0
14850,"r20","r20 applies|","r20",0
11844,"r19","r19 applies|","r19",0
29675,"r19","r19 applies|","r19",0
1684,"r19","r19 applies|","r19",0
27399,"r19","r19 applies|","r19",0
25784,"r20","r20 applies|","r20",0
20580,"r19","r19 applies|","r19",0
18457,"r19","r19 applies|","r19",0
10490,"r19","r19 applies|","r19",0
15411,"r19","r19 applies|","r19",0
11523,"r19","r19 applies|","r19",0
20295,"r19","r19 applies|","r19",0
273,"r19","r19 applies|","r19",0
17713,"r20","r20 applies|","r20",0
18912,"r19","r19 applies|","r19",0
941,"r19","r19 applies|","r19",0
2571,"r19","r19 applies|","r19",0
21356,"r19","r19 applies|","r19",0
20975,"r19","r19 applies|","r19",0
36963,"r20","r20 applies|","r20",0
4023,"r19","r19 applies|","r19",0
33262,"r19","r19 applies|","r19",0
34596,"r19","r19 applies|","r19",0
5346,"r19","r19 applies|","r19",0
21496,"r19","r19 applies|","r19",0
18338,"r19","r19 applies|","r19",0
26938,"r20","r20 applies|","r20",0
21680,"r19","r19 applies|","r19",0
44926,"r19","r19 applies|","r19",0
11854,"r19","r19 applies|","r19",0
42587,"r19","r19 applies|","r19",0
14775,"r19","r19 applies|","r19",0
30221,"r19","r19 applies|","r19",0
36317,"r19","r19 applies|","r19",0
19236,"r19","r19 applies|","r19",0
27320,"r19","r19 applies|","r19",0
7319,"r19","r19 applies|","r19",0
21713,"r19","r19 applies|","r19",0
24417,"r19","r19 applies|","r19",0
38539,"r19","r19 applies|","r19",0
4490,"r19","r19 applies|","r19",0
38688,"r20","r20 applies|","r20",0
38087,"r19","r19 applies|","r19",0
11112,"r19","r19 applies|","r19",0
43116,"r19","r19 applies|","r19",0
40691,"r19","r19 applies|","r19",0
6419,"r19","r19 applies|","r19",0
7694,"r19","r19 applies|","r19",0
11853,"r20","r20 applies|","r20",0
30686,"r19","r19 applies|","r19",0
36217,"r19","r19 applies|","r19",0
10157,"r19","r19 applies|","r19",0
29359,"r19","r19 applies|","r19",0
29642,"r20","r20 applies|","r20",0
44693,"r20","r20 applies|","r20",0
20723,"r19","r19 applies|","r19",0
19449,"r19","r19 applies|","r19",0
37694,"r19","r19 applies|","r19",0
24696,"r19","r19 applies|","r19",0
720,"r19","r19 applies|","r19",0
39993,"r19","r19 applies|","r19",0
37140,"r19","r19 applies|","r19",0
20557,"r19","r19 applies|","r19",0
28795,"r20","r20 applies|","r20",0
25669,"r19","r19 applies|","r19",0
34394,"r20","r20 applies|","r20",0
10670,"r20","r20 applies|","r20",0
42427,"r19","r19 applies|","r19",0
12826,"r20","r20 applies|","r20",0
26496,"r19","r19 applies|","r19",0
36500,"r19","r19 applies|","r19",0
14073,"r19","r19 applies|","r19",0
5656,"r19","r19 applies|","r19",0
41877,"r19","r19 applies|","r19",0
17206,"r19","r19 applies|","r19",0
13440,"r20","r20 applies|","r20",0
7991,"r19","r19 applies|","r19",0
34501,"r19","r19 applies|","r19",0
34866,"r19","r19 applies|","r19",0
12396,"r19","r19 applies|","r19",0
11522,"r20","r20 applies|","r20",0
36832,"r19","r19 applies|","r19",0
31419,"r19","r19 applies|","r19",0
23918,"r19","r19 applies|","r19",0
30843,"r19","r19 applies|","r19",0
38252,"r19","r19 applies|","r19",0
38794,"r19","r19 applies|","r19",0
10575,"r19","r19 applies|","r19",0
10057,"r20","r20 applies|","r20",0
38022,"r19","r19 applies|","r19",0
17101,"r20","r20 applies|","r20",0
7821,"r19","r19 applies|","r19",0
27222,"r19","r19 applies|","r19",0
30008,"r19","r19 applies|","r19",0
24204,"r19","r19 applies|","r19",0
13307,"r20","r20 applies|","r20",0
44058,"r0 r18 r19","r19 applies->r18 applies & overides r19->r0 applies & overides r18|","r0",1
41946,"r3 r16 r20","r20 applies->r16 applies & overides r20->r3 applies & overides r16|","r3",1
42487,"r0 r18 r19","r19 applies->r18 applies & overides r19->r0 applies & overides r18|","r0",1
32024,"r19","r19 applies|","r19",0
39671,"r19","r19 applies|","r19",0
2997,"r19","r19 applies|","r19",0
15276,"r19","r19 applies|","r19",0
7493,"r20","r20 applies|","r20",0
20075,"r19","r19 applies|","r19",0
12583,"r19","r19 applies|","r19",0
21616,"r19","r19 applies|","r19",0
31817,"r19","r19 applies|","r19",0
16421,"r20","r20 applies|","r20",0
9095,"r19","r19 applies|","r19",0
2522,"r19","r19 applies|","r19",0
28085,"r19","r19 applies|","r19",0
43861,"r11 r16 r20","r20 applies->r16 applies & overides r20->r11 applies & overides r16|","r11",1
3269,"r19","r19 applies|","r19",0
23908,"r19","r19 applies|","r19",0
39976,"r19","r19 applies|","r19",0
27369,"r19","r19 applies|","r19",0
13655,"r19","r19 applies|","r19",0
25333,"r19","r19 applies|","r19",0
26461,"r19","r19 applies|","r19",0
33708,"r19","r19 applies|","r19",0
27004,"r19","r19 applies|","r19",0
5332,"r19","r19 applies|","r19",0
36830,"r19","r19 applies|","r19",0
43109,"r19","r19 applies|","r19",0
29852,"r19","r19 applies|","r19",0
35331,"r19","r19 applies|","r19",0
44544,"r19","r19 applies|","r19",0
38271,"r19","r19 applies|","r19",0
9232,"r19","r19 applies|","r19",0
42702,"r0 r18 r19","r19 applies->r18 applies & overides r19->r0 applies & overides r18|","r0",1
2842,"r19","r19 applies|","r19",0
13330,"r19","r19 applies|","r19",0
42915,"r19","r19 applies|","r19",0
68,"r19","r19 applies|","r19",0
2708,"r19","r19 applies|","r19",0
7652,"r19","r19 applies|","r19",0
23235,"r19","r19 applies|","r19",0
13543,"r19","r19 applies|","r19",0
23017,"r19","r19 applies|","r19",0
14134,"r19","r19 applies|","r19",0
10085,"r19","r19 applies|","r19",0
33423,"r19","r19 applies|","r19",0
34330,"r19","r19 applies|","r19",0
42578,"r11 r16 r20","r20 applies->r16 applies & overides r20->r11 applies & overides r16|","r11",1
37184,"r19","r19 applies|","r19",0
29273,"r19","r19 applies|","r19",0
42169,"r13 r16 r20","r20 applies->r16 applies & overides r20->r13 applies & overides r16|","r13",1
34295,"r19","r19 applies|","r19",0
32006,"r20","r20 applies|","r20",0
9854,"r19","r19 applies|","r19",0
33863,"r19","r19 applies|","r19",0
12468,"r19","r19 applies|","r19",0
1466,"r20","r20 applies|","r20",0
42774,"r19","r19 applies|","r19",0
38100,"r20","r20 applies|","r20",0
44097,"r19","r19 applies|","r19",0
15102,"r19","r19 applies|","r19",0
14673,"r19","r19 applies|","r19",0
5617,"r19","r19 applies|","r19",0
36184,"r19","r19 applies|","r19",0
10021,"r20","r20 applies|","r20",0
8975,"r19","r19 applies|","r19",0
27111,"r19","r19 applies|","r19",0
36257,"r20","r20 applies|","r20",0
16673,"r20","r20 applies|","r20",0
16415,"r19","r19 applies|","r19",0
44402,"r0 r18 r19","r19 applies->r18 applies & overides r19->r0 applies & overides r18|","r0",1
39342,"r19","r19 applies|","r19",0
39401,"r8 r18 r19","r19 applies->r18 applies & overides r19->r8 applies & overides r18|","r8",0
37986,"r20","r20 applies|","r20",0
11527,"r20","r20 applies|","r20",0
13931,"r19","r19 applies|","r19",0
8189,"r19","r19 applies|","r19",0
10792,"r19","r19 applies|","r19",0
29351,"r19","r19 applies|","r19",0
24811,"r20","r20 applies|","r20",0
4856,"r19","r19 applies|","r19",0
32800,"r20","r20 applies|","r20",0
9623,"r19","r19 applies|","r19",0
32018,"r19","r19 applies|","r19",0
9640,"r19","r19 applies|","r19",0
44692,"r20","r20 applies|","r20",0
16926,"r19","r19 applies|","r19",0
17797,"r19","r19 applies|","r19",0
27241,"r19","r19 applies|","r19",0
3431,"r20","r20 applies|","r20",0
38345,"r19","r19 applies|","r19",0
15700,"r19","r19 applies|","r19",0
25543,"r19","r19 applies|","r19",0
22439,"r19","r19 applies|","r19",0
27714,"r20","r20 applies|","r20",0
13575,"r20","r20 applies|","r20",0
18950,"r19","r19 applies|","r19",0
26251,"r20","r20 applies|","r20",0
35567,"r20","r20 applies|","r20",0
24741,"r19","r19 applies|","r19",0
29333,"r19","r19 applies|","r19",0
15018,"r20","r20 applies|","r20",0
12581,"r19","r19 applies|","r19",0
2071,"r19","r19 applies|","r19",0
9363,"r19","r19 applies|","r19",0
19055,"r19","r19 applies|","r19",0
4558,"r19","r19 applies|","r19",0
34847,"r19","r19 applies|","r19",0
26515,"r19","r19 applies|","r19",0
32317,"r19","r19 applies|","r19",0
570,"r20","r20 applies|","r20",0
43302,"r0 r18 r19","r19 applies->r18 applies & overides r19->r0 applies & overides r18|","r0",1
39670,"r19","r19 applies|","r19",0
44839,"r19","r19 applies|","r19",0
14097,"r19","r19 applies|","r19",0
9126,"r19","r19 applies|","r19",0
29991,"r20","r20 applies|","r20",0
18755,"r19","r19 applies|","r19",0
2105,"r19","r19 applies|","r19",0
32521,"r19","r19 applies|","r19",0
39562,"r19","r19 applies|","r19",0
10023,"r19","r19 applies|","r19",0
25721,"r19","r19 applies|","r19",0
22012,"r19","r19 applies|","r19",0
10054,"r20","r20 applies|","r20",0
6771,"r19","r19 applies|","r19",0
29986,"r19","r19 applies|","r19",0
44273,"r19","r19 applies|","r19",0
27052,"r19","r19 applies|","r19",0
37811,"r19","r19 applies|","r19",0
33682,"r19","r19 applies|","r19",0
23385,"r19","r19 applies|","r19",0
31564,"r19","r19 applies|","r19",0
18885,"r20","r20 applies|","r20",0
42838,"r19","r19 applies|","r19",0
35878,"r19","r19 applies|","r19",0
34964,"r19","r19 applies|","r19",0
43750,"r19","r19 applies|","r19",0
22989,"r19","r19 applies|","r19",0
22145,"r19","r19 applies|","r19",0
9565,"r19","r19 applies|","r19",0
17337,"r19","r19 applies|","r19",0
11937,"r19","r19 applies|","r19",0
29760,"r19","r19 applies|","r19",0
37143,"r20","r20 applies|","r20",0
37761,"r20","r20 applies|","r20",0
34603,"r20","r20 applies|","r20",0
39948,"r19","r19 applies|","r19",0
26681,"r19","r19 applies|","r19",0
21346,"r19","r19 applies|","r19",0
14220,"r19","r19 applies|","r19",0
30477,"r19","r19 applies|","r19",0
40761,"r20","r20 applies|","r20",0
43313,"r20","r20 applies|","r20",0
27042,"r19","r19 applies|","r19",0
30312,"r19","r19 applies|","r19",0
27425,"r19","r19 applies|","r19",0
23097,"r19","r19 applies|","r19",0
7746,"r19","r19 applies|","r19",0
17407,"r19","r19 applies|","r19",0
42394,"r20","r20 applies|","r20",0
14661,"r19","r19 applies|","r19",0
31451,"r19","r19 applies|","r19",0
43337,"r0 r18 r19","r19 applies->r18 applies & overides r19->r0 applies & overides r18|","r0",1
26345,"r19","r19 applies|","r19",0
3268,"r19","r19 applies|","r19",0
3421,"r19","r19 applies|","r19",0
11941,"r19","r19 applies|","r19",0
44431,"r19","r19 applies|","r19",0
45077,"r1 r18 r19","r19 applies->r18 applies & overides r19->r1 applies & overides r18|","r1",1
18995,"r19","r19 applies|","r19",0
37518,"r19","r19 applies|","r19",0
14693,"r19","r19 applies|","r19",0
17261,"r20","r20 applies|","r20",0
21083,"r19","r19 applies|","r19",0
10442,"r19","r19 applies|","r19",0
39179,"r19","r19 applies|","r19",0
38504,"r19","r19 applies|","r19",0
45170,"r19","r19 applies|","r19",0
14482,"r19","r19 applies|","r19",0
14647,"r19","r19 applies|","r19",0
28302,"r19","r19 applies|","r19",0
2441,"r19","r19 applies|","r19",0
16981,"r19","r19 applies|","r19",0
19638,"r19","r19 applies|","r19",0
29565,"r19","r19 applies|","r19",0
43726,"r20","r20 applies|","r20",0
25060,"r20","r20 applies|","r20",0
34138,"r19","r19 applies|","r19",0
30465,"r20","r20 applies|","r20",0
21328,"r19","r19 applies|","r19",0
21291,"r19","r19 applies|","r19",0
18787,"r19","r19 applies|","r19",0
2499,"r20","r20 applies|","r20",0
7264,"r20","r20 applies|","r20",0
42209,"r20","r20 applies|","r20",0
33957,"r17 r18 r19","r19 applies->r18 applies & overides r19->r17 applies & overides r18|","r17",0
19843,"r19","r19 applies|","r19",0
44747,"r20","r20 applies|","r20",0
31370,"r19","r19 applies|","r19",0
2430,"r20","r20 applies|","r20",0
38155,"r19","r19 applies|","r19",0
21781,"r19","r19 applies|","r19",0
19556,"r19","r19 applies|","r19",0
43111,"r19","r19 applies|","r19",0
21094,"r19","r19 applies|","r19",0
37080,"r17 r18 r19","r19 applies->r18 applies & overides r19->r17 applies & overides r18|","r17",0
2890,"r19","r19 applies|","r19",0
18013,"r19","r19 applies|","r19",0
19481,"r19","r19 applies|","r19",0
44541,"r3 r16 r20","r20 applies->r16 applies & overides r20->r3 applies & overides r16|","r3",1
31473,"r20","r20 applies|","r20",0
27610,"r19","r19 applies|","r19",0
39087,"r20","r20 applies|","r20",0
6567,"r19","r19 applies|","r19",0
36735,"r19","r19 applies|","r19",0
38600,"r19","r19 applies|","r19",0
43908,"r19","r19 applies|","r19",0
22712,"r19","r19 applies|","r19",0
30966,"r20","r20 applies|","r20",0
11154,"r19","r19 applies|","r19",0
8497,"r19","r19 applies|","r19",0
30165,"r19","r19 applies|","r19",0
21776,"r19","r19 applies|","r19",0
37257,"r19","r19 applies|","r19",0
34566,"r20","r20 applies|","r20",0
8367,"r19","r19 applies|","r19",0
3218,"r19","r19 applies|","r19",0
17686,"r20","r20 applies|","r20",0
23594,"r19","r19 applies|","r19",0
31898,"r19","r19 applies|","r19",0
2075,"r19","r19 applies|","r19",0
31175,"r20","r20 applies|","r20",0
18790,"r19","r19 applies|","r19",0
32579,"r19","r19 applies|","r19",0
25650,"r19","r19 applies|","r19",0
23390,"r19","r19 applies|","r19",0
2937,"r19","r19 applies|","r19",0
21310,"r20","r20 applies|","r20",0
23985,"r19","r19 applies|","r19",0
17211,"r19","r19 applies|","r19",0
19482,"r19","r19 applies|","r19",0
40456,"r20","r20 applies|","r20",0
24832,"r19","r19 applies|","r19",0
26829,"r19","r19 applies|","r19",0
10454,"r19","r19 applies|","r19",0
40657,"r6 r15 r18 r19","r19 applies->r18 applies & overides r19->r15 applies & overides r18->r6 applies & overides r15|","r6",0
31430,"r19","r19 applies|","r19",0
42872,"r0 r18 r19","r19 applies->r18 applies & overides r19->r0 applies & overides r18|","r0",1
25169,"r20","r20 applies|","r20",0
3565,"r20","r20 applies|","r20",0
43256,"r0 r18 r19","r19 applies->r18 applies & overides r19->r0 applies & overides r18|","r0",1
40121,"r19","r19 applies|","r19",0
37835,"r19","r19 applies|","r19",0
37628,"r19","r19 applies|","r19",0
40143,"r20","r20 applies|","r20",0
11809,"r19","r19 applies|","r19",0
6036,"r19","r19 applies|","r19",0
17825,"r20","r20 applies|","r20",0
734,"r19","r19 applies|","r19",0
35246,"r19","r19 applies|","r19",0
12567,"r20","r20 applies|","r20",0
26998,"r20","r20 applies|","r20",0
17362,"r19","r19 applies|","r19",0
7082,"r19","r19 applies|","r19",0
18736,"r19","r19 applies|","r19",0
17509,"r19","r19 applies|","r19",0
1541,"r20","r20 applies|","r20",0
12638,"r19","r19 applies|","r19",0
7037,"r19","r19 applies|","r19",0
19417,"r20","r20 applies|","r20",0
27242,"r19","r19 applies|","r19",0
9716,"r19","r19 applies|","r19",0
28860,"r20","r20 applies|","r20",0
29160,"r19","r19 applies|","r19",0
19670,"r20","r20 applies|","r20",0
11504,"r19","r19 applies|","r19",0
27807,"r19","r19 applies|","r19",0
44530,"r19","r19 applies|","r19",0
44076,"r19","r19 applies|","r19",0
13852,"r19","r19 applies|","r19",0
32164,"r5 r10 r20","r20 applies->r10 applies & overides r20->r5 applies & overides r10|","r5",1
34966,"r20","r20 applies|","r20",0
21551,"r19","r19 applies|","r19",0
44759,"r17 r18 r19","r19 applies->r18 applies & overides r19->r17 applies & overides r18|","r17",0
5658,"r19","r19 applies|","r19",0
762,"r19","r19 applies|","r19",0
14118,"r19","r19 applies|","r19",0
42438,"r19","r19 applies|","r19",0
14040,"r19","r19 applies|","r19",0
13598,"r19","r19 applies|","r19",0
41738,"r0 r18 r19","r19 applies->r18 applies & overides r19->r0 applies & overides r18|","r0",1
10791,"r19","r19 applies|","r19",0
37514,"r20","r20 applies|","r20",0
30172,"r19","r19 applies|","r19",0
18074,"r19","r19 applies|","r19",0
26988,"r19","r19 applies|","r19",0
10172,"r19","r19 applies|","r19",0
42948,"r20","r20 applies|","r20",0
39760,"r19","r19 applies|","r19",0
29461,"r20","r20 applies|","r20",0
29208,"r19","r19 applies|","r19",0
30880,"r19","r19 applies|","r19",0
34682,"r20","r20 applies|","r20",0
28329,"r19","r19 applies|","r19",0
37454,"r19","r19 applies|","r19",0
11257,"r19","r19 applies|","r19",0
22621,"r19","r19 applies|","r19",0
15153,"r19","r19 applies|","r19",0
8363,"r19","r19 applies|","r19",0
2002,"r19","r19 applies|","r19",0
3857,"r20","r20 applies|","r20",0
38056,"r20","r20 applies|","r20",0
19300,"r19","r19 applies|","r19",0
24434,"r19","r19 applies|","r19",0
33845,"r4 r10 r20","r20 applies->r10 applies & overides r20->r4 applies & overides r10|","r4",1
1457,"r19","r19 applies|","r19",0
21341,"r19","r19 applies|","r19",0
41890,"r19","r19 applies|","r19",0
19428,"r20","r20 applies|","r20",0
42473,"r20","r20 applies|","r20",0
35599,"r20","r20 applies|","r20",0
21907,"r19","r19 applies|","r19",0
41748,"r0 r18 r19","r19 applies->r18 applies & overides r19->r0 applies & overides r18|","r0",1
14855,"r19","r19 applies|","r19",0
18520,"r19","r19 applies|","r19",0
29151,"r19","r19 applies|","r19",0
13005,"r19","r19 applies|","r19",0
3577,"r19","r19 applies|","r19",0
11327,"r19","r19 applies|","r19",0
19196,"r19","r19 applies|","r19",0
13363,"r19","r19 applies|","r19",0
6681,"r19","r19 applies|","r19",0
5809,"r19","r19 applies|","r19",0
3071,"r19","r19 applies|","r19",0
13877,"r19","r19 applies|","r19",0
35710,"r19","r19 applies|","r19",0
32411,"r20","r20 applies|","r20",0
8978,"r19","r19 applies|","r19",0
15516,"r19","r19 applies|","r19",0
17503,"r19","r19 applies|","r19",0
9056,"r19","r19 applies|","r19",0
41783,"r1 r18 r19","r19 applies->r18 applies & overides r19->r1 applies & overides r18|","r1",1
40594,"r19","r19 applies|","r19",0
598,"r20","r20 applies|","r20",0
21321,"r19","r19 applies|","r19",0
33888,"r4 r10 r20","r20 applies->r10 applies & overides r20->r4 applies & overides r10|","r4",1
19348,"r20","r20 applies|","r20",0
41132,"r19","r19 applies|","r19",0
31919,"r5 r10 r20","r20 applies->r10 applies & overides r20->r5 applies & overides r10|","r5",1
5607,"r19","r19 applies|","r19",0
36410,"r19","r19 applies|","r19",0
40700,"r19","r19 applies|","r19",0
35970,"r19","r19 applies|","r19",0
15828,"r19","r19 applies|","r19",0
24399,"r20","r20 applies|","r20",0
11314,"r19","r19 applies|","r19",0
11724,"r20","r20 applies|","r20",0
17970,"r19","r19 applies|","r19",0
254,"r19","r19 applies|","r19",0
14602,"r19","r19 applies|","r19",0
18081,"r19","r19 applies|","r19",0
9723,"r19","r19 applies|","r19",0
44135,"r19","r19 applies|","r19",0
20535,"r19","r19 applies|","r19",0
19027,"r20","r20 applies|","r20",0
39723,"r19","r19 applies|","r19",0
44451,"r19","r19 applies|","r19",0
11931,"r20","r20 applies|","r20",0
2149,"r19","r19 applies|","r19",0
37552,"r19","r19 applies|","r19",0
1640,"r20","r20 applies|","r20",0
37607,"r19","r19 applies|","r19",0
6979,"r19","r19 applies|","r19",0
11315,"r19","r19 applies|","r19",0
2916,"r19","r19 applies|","r19",0
211,"r19","r19 applies|","r19",0
291,"r19","r19 applies|","r19",0
12419,"r19","r19 applies|","r19",0
34292,"r20","r20 applies|","r20",0
16473,"r19","r19 applies|","r19",0
29402,"r19","r19 applies|","r19",0
38255,"r19","r19 applies|","r19",0
125,"r19","r19 applies|","r19",0
39577,"r19","r19 applies|","r19",0
38273,"r19","r19 applies|","r19",0
24734,"r20","r20 applies|","r20",0
22034,"r19","r19 applies|","r19",0
30384,"r19","r19 applies|","r19",0
4787,"r19","r19 applies|","r19",0
33538,"r19","r19 applies|","r19",0
23729,"r19","r19 applies|","r19",0
22333,"r19","r19 applies|","r19",0
26832,"r19","r19 applies|","r19",0
38984,"r19","r19 applies|","r19",0
14579,"r20","r20 applies|","r20",0
44818,"r19","r19 applies|","r19",0
12674,"r19","r19 applies|","r19",0
19323,"r19","r19 applies|","r19",0
34435,"r19","r19 applies|","r19",0
44611,"r19","r19 applies|","r19",0
29434,"r19","r19 applies|","r19",0
32387,"r19","r19 applies|","r19",0
33055,"r20","r20 applies|","r20",0
34837,"r19","r19 applies|","r19",0
44113,"r19","r19 applies|","r19",0
9274,"r19","r19 applies|","r19",0
14608,"r20","r20 applies|","r20",0
40306,"r19","r19 applies|","r19",0
7668,"r19","r19 applies|","r19",0
1854,"r19","r19 applies|","r19",0
27496,"r19","r19 applies|","r19",0
12624,"r20","r20 applies|","r20",0
20749,"r19","r19 applies|","r19",0
23514,"r19","r19 applies|","r19",0
36739,"r19","r19 applies|","r19",0
13659,"r19","r19 applies|","r19",0
42784,"r19","r19 applies|","r19",0
4108,"r19","r19 applies|","r19",0
30911,"r19","r19 applies|","r19",0
16706,"r19","r19 applies|","r19",0
12848,"r19","r19 applies|","r19",0
10616,"r20","r20 applies|","r20",0
15404,"r20","r20 applies|","r20",0
39996,"r19","r19 applies|","r19",0
1517,"r20","r20 applies|","r20",0
2851,"r19","r19 applies|","r19",0
31843,"r19","r19 applies|","r19",0
11706,"r19","r19 applies|","r19",0
27464,"r19","r19 applies|","r19",0
6298,"r19","r19 applies|","r19",0
11678,"r19","r19 applies|","r19",0
25604,"r20","r20 applies|","r20",0
21369,"r19","r19 applies|","r19",0
31076,"r19","r19 applies|","r19",0
28791,"r20","r20 applies|","r20",0
8977,"r20","r20 applies|","r20",0
33783,"r19","r19 applies|","r19",0
3169,"r19","r19 applies|","r19",0
41378,"r0 r18 r19","r19 applies->r18 applies & overides r19->r0 applies & overides r18|","r0",1
7646,"r19","r19 applies|","r19",0
27363,"r19","r19 applies|","r19",0
21277,"r19","r19 applies|","r19",0
17659,"r19","r19 applies|","r19",0
6021,"r19","r19 applies|","r19",0
6631,"r19","r19 applies|","r19",0
29909,"r19","r19 applies|","r19",0
8262,"r19","r19 applies|","r19",0
26169,"r19","r19 applies|","r19",0
533,"r19","r19 applies|","r19",0
21691,"r19","r19 applies|","r19",0
32787,"r19","r19 applies|","r19",0
9551,"r19","r19 applies|","r19",0
5259,"r20","r20 applies|","r20",0
25931,"r19","r19 applies|","r19",0
11960,"r19","r19 applies|","r19",0
21182,"r19","r19 applies|","r19",0
7438,"r19","r19 applies|","r19",0
40892,"r19","r19 applies|","r19",0
28753,"r19","r19 applies|","r19",0
18972,"r19","r19 applies|","r19",0
40762,"r19","r19 applies|","r19",0
42353,"r19","r19 applies|","r19",0
21279,"r19","r19 applies|","r19",0
5082,"r19","r19 applies|","r19",0
35633,"r19","r19 applies|","r19",0
18171,"r19","r19 applies|","r19",0
29693,"r19","r19 applies|","r19",0
3543,"r19","r19 applies|","r19",0
9784,"r19","r19 applies|","r19",0
944,"r19","r19 applies|","r19",0
19906,"r19","r19 applies|","r19",0
43285,"r19","r19 applies|","r19",0
24989,"r20","r20 applies|","r20",0
6826,"r19","r19 applies|","r19",0
12876,"r19","r19 applies|","r19",0
31327,"r19","r19 applies|","r19",0
29497,"r19","r19 applies|","r19",0
26076,"r19","r19 applies|","r19",0
8001,"r19","r19 applies|","r19",0
11667,"r19","r19 applies|","r19",0
24690,"r19","r19 applies|","r19",0
8276,"r19","r19 applies|","r19",0
32437,"r19","r19 applies|","r19",0
17488,"r19","r19 applies|","r19",0
12839,"r19","r19 applies|","r19",0
19137,"r19","r19 applies|","r19",0
24682,"r19","r19 applies|","r19",0
16524,"r20","r20 applies|","r20",0
14710,"r19","r19 applies|","r19",0
11199,"r19","r19 applies|","r19",0
17631,"r20","r20 applies|","r20",0
2978,"r19","r19 applies|","r19",0
44324,"r11 r16 r20","r20 applies->r16 applies & overides r20->r11 applies & overides r16|","r11",1
42405,"r19","r19 applies|","r19",0
13420,"r19","r19 applies|","r19",0
24035,"r20","r20 applies|","r20",0
6814,"r19","r19 applies|","r19",0
27238,"r20","r20 applies|","r20",0
13645,"r19","r19 applies|","r19",0
21912,"r19","r19 applies|","r19",0
13968,"r20","r20 applies|","r20",0
43152,"r19","r19 applies|","r19",0
34938,"r20","r20 applies|","r20",0
40486,"r19","r19 applies|","r19",0
27998,"r20","r20 applies|","r20",0
42267,"r19","r19 applies|","r19",0
27322,"r19","r19 applies|","r19",0
24097,"r19","r19 applies|","r19",0
2976,"r19","r19 applies|","r19",0
27110,"r20","r20 applies|","r20",0
38590,"r19","r19 applies|","r19",0
11685,"r19","r19 applies|","r19",0
11957,"r19","r19 applies|","r19",0
1176,"r19","r19 applies|","r19",0
26961,"r19","r19 applies|","r19",0
899,"r19","r19 applies|","r19",0
20435,"r20","r20 applies|","r20",0
26744,"r19","r19 applies|","r19",0
38219,"r19","r19 applies|","r19",0
44938,"r19","r19 applies|","r19",0
5262,"r19","r19 applies|","r19",0
1130,"r19","r19 applies|","r19",0
41213,"r19","r19 applies|","r19",0
20841,"r20","r20 applies|","r20",0
1696,"r19","r19 applies|","r19",0
15778,"r19","r19 applies|","r19",0
20491,"r19","r19 applies|","r19",0
649,"r20","r20 applies|","r20",0
44170,"r20","r20 applies|","r20",0
252,"r19","r19 applies|","r19",0
21266,"r19","r19 applies|","r19",0
35950,"r19","r19 applies|","r19",0
33685,"r19","r19 applies|","r19",0
16400,"r19","r19 applies|","r19",0
13250,"r19","r19 applies|","r19",0
21146,"r19","r19 applies|","r19",0
24706,"r20","r20 applies|","r20",0
17133,"r20","r20 applies|","r20",0
26053,"r19","r19 applies|","r19",0
20492,"r19","r19 applies|","r19",0
19091,"r19","r19 applies|","r19",0
20648,"r20","r20 applies|","r20",0
43377,"r20","r20 applies|","r20",0
38782,"r19","r19 applies|","r19",0
14570,"r20","r20 applies|","r20",0
11559,"r19","r19 applies|","r19",0
19452,"r19","r19 applies|","r19",0
18475,"r19","r19 applies|","r19",0
41893,"r19","r19 applies|","r19",0
27540,"r20","r20 applies|","r20",0
15329,"r19","r19 applies|","r19",0
41380,"r19","r19 applies|","r19",0
31408,"r20","r20 applies|","r20",0
37264,"r19","r19 applies|","r19",0
43685,"r2 r16 r20","r20 applies->r16 applies & overides r20->r2 applies & overides r16|","r2",1
17884,"r19","r19 applies|","r19",0
1798,"r19","r19 applies|","r19",0
44328,"r19","r19 applies|","r19",0
38088,"r19","r19 applies|","r19",0
13860,"r20","r20 applies|","r20",0
44408,"r19","r19 applies|","r19",0
40990,"r19","r19 applies|","r19",0
29401,"r19","r19 applies|","r19",0
15514,"r19","r19 applies|","r19",0
25039,"r19","r19 applies|","r19",0
39709,"r19","r19 applies|","r19",0
3175,"r19","r19 applies|","r19",0
9141,"r19","r19 applies|","r19",0
8432,"r19","r19 applies|","r19",0
35673,"r19","r19 applies|","r19",0
28703,"r20","r20 applies|","r20",0
12259,"r20","r20 applies|","r20",0
19097,"r19","r19 applies|","r19",0
2274,"r19","r19 applies|","r19",0
44403,"r20","r20 applies|","r20",0
7040,"r19","r19 applies|","r19",0
39917,"r19","r19 applies|","r19",0
6387,"r19","r19 applies|","r19",0
30187,"r19","r19 applies|","r19",0
9038,"r20","r20 applies|","r20",0
37613,"r19","r19 applies|","r19",0
9687,"r20","r20 applies|","r20",0
19705,"r19","r19 applies|","r19",0
2868,"r19","r19 applies|","r19",0
21474,"r19","r19 applies|","r19",0
12562,"r19","r19 applies|","r19",0
26117,"r20","r20 applies|","r20",0
12194,"r19","r19 applies|","r19",0
28592,"r20","r20 applies|","r20",0
3485,"r20","r20 applies|","r20",0
31003,"r19","r19 applies|","r19",0
30413,"r20","r20 applies|","r20",0
8998,"r20","r20 applies|","r20",0
6878,"r19","r19 applies|","r19",0
7973,"r19","r19 applies|","r19",0
10556,"r20","r20 applies|","r20",0
15471,"r19","r19 applies|","r19",0
23039,"r19","r19 applies|","r19",0
14484,"r19","r19 applies|","r19",0
14323,"r19","r19 applies|","r19",0
20386,"r19","r19 applies|","r19",0
34165,"r2 r16 r20","r20 applies->r16 applies & overides r20->r2 applies & overides r16|","r2",1
15486,"r19","r19 applies|","r19",0
25842,"r20","r20 applies|","r20",0
30157,"r19","r19 applies|","r19",0
36215,"r19","r19 applies|","r19",0
14085,"r20","r20 applies|","r20",0
25450,"r19","r19 applies|","r19",0
31352,"r20","r20 applies|","r20",0
17977,"r19","r19 applies|","r19",0
11293,"r19","r19 applies|","r19",0
3333,"r19","r19 applies|","r19",0
44733,"r19","r19 applies|","r19",0
4531,"r20","r20 applies|","r20",0
17990,"r19","r19 applies|","r19",0
39394,"r19","r19 applies|","r19",0
21347,"r19","r19 applies|","r19",0
31102,"r19","r19 applies|","r19",0
10679,"r19","r19 applies|","r19",0
31227,"r20","r20 applies|","r20",0
26688,"r19","r19 applies|","r19",0
15928,"r19","r19 applies|","r19",0
5460,"r19","r19 applies|","r19",0
21746,"r19","r19 applies|","r19",0
41805,"r19","r19 applies|","r19",0
27350,"r20","r20 applies|","r20",0
29281,"r19","r19 applies|","r19",0
31853,"r19","r19 applies|","r19",0
40317,"r19","r19 applies|","r19",0
2336,"r19","r19 applies|","r19",0
39568,"r19","r19 applies|","r19",0
25381,"r19","r19 applies|","r19",0
32314,"r20","r20 applies|","r20",0
38108,"r20","r20 applies|","r20",0
20573,"r20","r20 applies|","r20",0
23077,"r19","r19 applies|","r19",0
15476,"r19","r19 applies|","r19",0
29918,"r19","r19 applies|","r19",0
32271,"r19","r19 applies|","r19",0
6179,"r20","r20 applies|","r20",0
4537,"r19","r19 applies|","r19",0
3023,"r19","r19 applies|","r19",0
10273,"r19","r19 applies|","r19",0
16882,"r20","r20 applies|","r20",0
44295,"r19","r19 applies|","r19",0
35679,"r19","r19 applies|","r19",0
4339,"r19","r19 applies|","r19",0
4221,"r19","r19 applies|","r19",0
33385,"r19","r19 applies|","r19",0
33091,"r20","r20 applies|","r20",0
4716,"r19","r19 applies|","r19",0
42063,"r20","r20 applies|","r20",0
27562,"r19","r19 applies|","r19",0
33711,"r19","r19 applies|","r19",0
23430,"r20","r20 applies|","r20",0
31036,"r19","r19 applies|","r19",0
25011,"r19","r19 applies|","r19",0
15522,"r19","r19 applies|","r19",0
40504,"r19","r19 applies|","r19",0
14116,"r19","r19 applies|","r19",0
9423,"r19","r19 applies|","r19",0
39981,"r19","r19 applies|","r19",0
41339,"r14 r16 r20","r20 applies->r16 applies & overides r20->r14 applies & overides r16|","r14",1
33223,"r19","r19 applies|","r19",0
19119,"r19","r19 applies|","r19",0
3592,"r19","r19 applies|","r19",0
11442,"r19","r19 applies|","r19",0
29064,"r19","r19 applies|","r19",0
28887,"r19","r19 applies|","r19",0
39751,"r19","r19 applies|","r19",0
41327,"r19","r19 applies|","r19",0
16849,"r19","r19 applies|","r19",0
14950,"r19","r19 applies|","r19",0
5635,"r20","r20 applies|","r20",0
43455,"r19","r19 applies|","r19",0
6362,"r19","r19 applies|","r19",0
22259,"r20","r20 applies|","r20",0
8285,"r20","r20 applies|","r20",0
17319,"r19","r19 applies|","r19",0
43795,"r19","r19 applies|","r19",0
39794,"r0 r18 r19","r19 applies->r18 applies & overides r19->r0 applies & overides r18|","r0",1
39851,"r19","r19 applies|","r19",0
3873,"r19","r19 applies|","r19",0
779,"r19","r19 applies|","r19",0
26613,"r20","r20 applies|","r20",0
29551,"r19","r19 applies|","r19",0
38023,"r19","r19 applies|","r19",0
32043,"r19","r19 applies|","r19",0
16376,"r19","r19 applies|","r19",0
7419,"r19","r19 applies|","r19",0
7378,"r19","r19 applies|","r19",0
26266,"r19","r19 applies|","r19",0
30695,"r19","r19 applies|","r19",0
28801,"r19","r19 applies|","r19",0
16108,"r19","r19 applies|","r19",0
11673,"r19","r19 applies|","r19",0
17918,"r19","r19 applies|","r19",0
22883,"r20","r20 applies|","r20",0
35930,"r19","r19 applies|","r19",0
16542,"r19","r19 applies|","r19",0
36436,"r19","r19 applies|","r19",0
24466,"r19","r19 applies|","r19",0
28953,"r19","r19 applies|","r19",0
4436,"r19","r19 applies|","r19",0
14941,"r19","r19 applies|","r19",0
29755,"r19","r19 applies|","r19",0
35503,"r19","r19 applies|","r19",0
22382,"r19","r19 applies|","r19",0
43094,"r19","r19 applies|","r19",0
26362,"r19","r19 applies|","r19",0
38436,"r19","r19 applies|","r19",0
39937,"r19","r19 applies|","r19",0
7434,"r19","r19 applies|","r19",0
12769,"r19","r19 applies|","r19",0
4183,"r19","r19 applies|","r19",0
4289,"r19","r19 applies|","r19",0
42032,"r19","r19 applies|","r19",0
12591,"r19","r19 applies|","r19",0
20968,"r19","r19 applies|","r19",0
19928,"r19","r19 applies|","r19",0
33497,"r5 r10 r20","r20 applies->r10 applies & overides r20->r5 applies & overides r10|","r5",1
12426,"r20","r20 applies|","r20",0
25387,"r19","r19 applies|","r19",0
24017,"r19","r19 applies|","r19",0
5590,"r20","r20 applies|","r20",0
33116,"r20","r20 applies|","r20",0
15768,"r19","r19 applies|","r19",0
24166,"r12 r15 r18 r19","r19 applies->r18 applies & overides r19->r15 applies & overides r18->r12 applies & overides r15|","r12",0
36875,"r19","r19 applies|","r19",0
44372,"r9 r15 r18 r19","r19 applies->r18 applies & overides r19->r15 applies & overides r18->r9 applies & overides r15|","r9",0
37239,"r19","r19 applies|","r19",0
20000,"r19","r19 applies|","r19",0
18958,"r19","r19 applies|","r19",0
15392,"r19","r19 applies|","r19",0
27833,"r19","r19 applies|","r19",0
36133,"r20","r20 applies|","r20",0
10407,"r19","r19 applies|","r19",0
5007,"r19","r19 applies|","r19",0
26368,"r20","r20 applies|","r20",0
17530,"r19","r19 applies|","r19",0
3776,"r19","r19 applies|","r19",0
14562,"r19","r19 applies|","r19",0
44977,"r19","r19 applies|","r19",0
29989,"r19","r19 applies|","r19",0
6496,"r20","r20 applies|","r20",0
37731,"r19","r19 applies|","r19",0
25726,"r19","r19 applies|","r19",0
40785,"r19","r19 applies|","r19",0
36641,"r19","r19 applies|","r19",0
10397,"r19","r19 applies|","r19",0
1599,"r19","r19 applies|","r19",0
22914,"r19","r19 applies|","r19",0
31256,"r19","r19 applies|","r19",0
39507,"r19","r19 applies|","r19",0
34326,"r19","r19 applies|","r19",0
7940,"r19","r19 applies|","r19",0
33832,"r19","r19 applies|","r19",0
7832,"r19","r19 applies|","r19",0
27859,"r19","r19 applies|","r19",0
27672,"r19","r19 applies|","r19",0
16648,"r19","r19 applies|","r19",0
30180,"r19","r19 applies|","r19",0
29706,"r19","r19 applies|","r19",0
23494,"r19","r19 applies|","r19",0
44887,"r19","r19 applies|","r19",0
20646,"r20","r20 applies|","r20",0
11594,"r19","r19 applies|","r19",0
154,"r19","r19 applies|","r19",0
8860,"r19","r19 applies|","r19",0
25460,"r19","r19 applies|","r19",0
6873,"r19","r19 applies|","r19",0
18601,"r19","r19 applies|","r19",0
37464,"r19","r19 applies|","r19",0
6223,"r19","r19 applies|","r19",0
38791,"r17 r18 r19","r19 applies->r18 applies & overides r19->r17 applies & overides r18|","r17",0
31566,"r19","r19 applies|","r19",0
15220,"r19","r19 applies|","r19",0
12363,"r20","r20 applies|","r20",0
19432,"r19","r19 applies|","r19",0
28042,"r19","r19 applies|","r19",0
16544,"r19","r19 applies|","r19",0
7197,"r19","r19 applies|","r19",0
4494,"r19","r19 applies|","r19",0
18132,"r19","r19 applies|","r19",0
10790,"r19","r19 applies|","r19",0
25014,"r19","r19 applies|","r19",0
7348,"r19","r19 applies|","r19",0
27166,"r19","r19 applies|","r19",0
8382,"r19","r19 applies|","r19",0
10111,"r19","r19 applies|","r19",0
2253,"r19","r19 applies|","r19",0
4337,"r19","r19 applies|","r19",0
4385,"r19","r19 applies|","r19",0
27812,"r19","r19 applies|","r19",0
7122,"r19","r19 applies|","r19",0
27410,"r19","r19 applies|","r19",0
28403,"r19","r19 applies|","r19",0
18954,"r19","r19 applies|","r19",0
19391,"r19","r19 applies|","r19",0
36976,"r19","r19 applies|","r19",0
15281,"r19","r19 applies|","r19",0
11415,"r20","r20 applies|","r20",0
29272,"r19","r19 applies|","r19",0
23855,"r19","r19 applies|","r19",0
11590,"r19","r19 applies|","r19",0
5627,"r19","r19 applies|","r19",0
2361,"r19","r19 applies|","r19",0
9573,"r20","r20 applies|","r20",0
38527,"r20","r20 applies|","r20",0
14393,"r19","r19 applies|","r19",0
4532,"r19","r19 applies|","r19",0
5016,"r19","r19 applies|","r19",0
2969,"r19","r19 applies|","r19",0
30137,"r19","r19 applies|","r19",0
42441,"r19","r19 applies|","r19",0
30105,"r20","r20 applies|","r20",0
15632,"r19","r19 applies|","r19",0
22633,"r19","r19 applies|","r19",0
26216,"r19","r19 applies|","r19",0
27986,"r19","r19 applies|","r19",0
29704,"r20","r20 applies|","r20",0
29580,"r20","r20 applies|","r20",0
30127,"r19","r19 applies|","r19",0
38439,"r19","r19 applies|","r19",0
15737,"r20","r20 applies|","r20",0
40966,"r19","r19 applies|","r19",0
33274,"r19","r19 applies|","r19",0
41891,"r19","r19 applies|","r19",0
29954,"r19","r19 applies|","r19",0
22672,"r19","r19 applies|","r19",0
42670,"r0 r18 r19","r19 applies->r18 applies & overides r19->r0 applies & overides r18|","r0",1
123,"r19","r19 applies|","r19",0
38700,"r19","r19 applies|","r19",0
7214,"r19","r19 applies|","r19",0
40333,"r19","r19 applies|","r19",0
4459,"r19","r19 applies|","r19",0
42721,"r19","r19 applies|","r19",0
6461,"r19","r19 applies|","r19",0
13452,"r19","r19 applies|","r19",0
33705,"r19","r19 applies|","r19",0
7866,"r19","r19 applies|","r19",0
228,"r19","r19 applies|","r19",0
21293,"r19","r19 applies|","r19",0
22210,"r19","r19 applies|","r19",0
34544,"r19","r19 applies|","r19",0
44019,"r20","r20 applies|","r20",0
11468,"r19","r19 applies|","r19",0
15811,"r19","r19 applies|","r19",0
8389,"r19","r19 applies|","r19",0
25403,"r19","r19 applies|","r19",0
35419,"r19","r19 applies|","r19",0
19234,"r19","r19 applies|","r19",0
13641,"r20","r20 applies|","r20",0
43471,"r5 r10 r20","r20 applies->r10 applies & overides r20->r5 applies & overides r10|","r5",1
22694,"r19","r19 applies|","r19",0
39223,"r19","r19 applies|","r19",0
34587,"r19","r19 applies|","r19",0
30120,"r19","r19 applies|","r19",0
30983,"r19","r19 applies|","r19",0
8267,"r19","r19 applies|","r19",0
2030,"r19","r19 applies|","r19",0
15600,"r20","r20 applies|","r20",0
40956,"r19","r19 applies|","r19",0
27880,"r19","r19 applies|","r19",0
43705,"r19","r19 applies|","r19",0
5120,"r19","r19 applies|","r19",0
14953,"r19","r19 applies|","r19",0
30847,"r19","r19 applies|","r19",0
24404,"r19","r19 applies|","r19",0
11648,"r19","r19 applies|","r19",0
25048,"r19","r19 applies|","r19",0
19606,"r19","r19 applies|","r19",0
34802,"r19","r19 applies|","r19",0
27695,"r19","r19 applies|","r19",0
18632,"r19","r19 applies|","r19",0
8730,"r19","r19 applies|","r19",0
14725,"r20","r20 applies|","r20",0
43637,"r19","r19 applies|","r19",0
9367,"r19","r19 applies|","r19",0
112,"r19","r19 applies|","r19",0
23040,"r19","r19 applies|","r19",0
18893,"r19","r19 applies|","r19",0
6662,"r19","r19 applies|","r19",0
23931,"r19","r19 applies|","r19",0
8096,"r19","r19 applies|","r19",0
8190,"r20","r20 applies|","r20",0
27516,"r20","r20 applies|","r20",0
4691,"r20","r20 applies|","r20",0
44553,"r20","r20 applies|","r20",0
8098,"r19","r19 applies|","r19",0
6210,"r19","r19 applies|","r19",0
15331,"r20","r20 applies|","r20",0
39060,"r19","r19 applies|","r19",0
12909,"r19","r19 applies|","r19",0
43757,"r19","r19 applies|","r19",0
14012,"r20","r20 applies|","r20",0
23605,"r19","r19 applies|","r19",0
20433,"r19","r19 applies|","r19",0
21780,"r19","r19 applies|","r19",0
11817,"r20","r20 applies|","r20",0
19285,"r19","r19 applies|","r19",0
1403,"r19","r19 applies|","r19",0
14172,"r19","r19 applies|","r19",0
17460,"r20","r20 applies|","r20",0
44628,"r19","r19 applies|","r19",0
11698,"r19","r19 applies|","r19",0
35068,"r20","r20 applies|","r20",0
2187,"r19","r19 applies|","r19",0
21914,"r19","r19 applies|","r19",0
26416,"r19","r19 applies|","r19",0
30490,"r20","r20 applies|","r20",0
21796,"r19","r19 applies|","r19",0
43999,"r19","r19 applies|","r19",0
13624,"r20","r20 applies|","r20",0
39070,"r19","r19 applies|","r19",0
15795,"r20","r20 applies|","r20",0
20895,"r19","r19 applies|","r19",0
33248,"r19","r19 applies|","r19",0
12353,"r19","r19 applies|","r19",0
41348,"r19","r19 applies|","r19",0
39337,"r19","r19 applies|","r19",0
32495,"r20","r20 applies|","r20",0
15,"r19","r19 applies|","r19",0
37626,"r19","r19 applies|","r19",0
25010,"r19","r19 applies|","r19",0
10291,"r19","r19 applies|","r19",0
31883,"r19","r19 applies|","r19",0
371,"r19","r19 applies|","r19",0
15564,"r19","r19 applies|","r19",0
12774,"r19","r19 applies|","r19",0
10006,"r19","r19 applies|","r19",0
22552,"r20","r20 applies|","r20",0
42998,"r0 r18 r19","r19 applies->r18 applies & overides r19->r0 applies & overides r18|","r0",1
4363,"r19","r19 applies|","r19",0
5555,"r19","r19 applies|","r19",0
37754,"r19","r19 applies|","r19",0
14637,"r19","r19 applies|","r19",0
45042,"r19","r19 applies|","r19",0
1756,"r19","r19 applies|","r19",0
4328,"r19","r19 applies|","r19",0
29870,"r19","r19 applies|","r19",0
32286,"r19","r19 applies|","r19",0
32605,"r19","r19 applies|","r19",0
3823,"r19","r19 applies|","r19",0
9753,"r19","r19 applies|","r19",0
22311,"r19","r19 applies|","r19",0
37570,"r19","r19 applies|","r19",0
37918,"r19","r19 applies|","r19",0
1801,"r19","r19 applies|","r19",0
30658,"r19","r19 applies|","r19",0
32731,"r19","r19 applies|","r19",0
41338,"r19","r19 applies|","r19",0
40796,"r12 r15 r18 r19","r19 applies->r18 applies & overides r19->r15 applies & overides r18->r12 applies & overides r15|","r12",0
8137,"r19","r19 applies|","r19",0
13079,"r19","r19 applies|","r19",0
27475,"r19","r19 applies|","r19",0
25685,"r19","r19 applies|","r19",0
39924,"r19","r19 applies|","r19",0
21020,"r19","r19 applies|","r19",0
43641,"r8 r18 r19","r19 applies->r18 applies & overides r19->r8 applies & overides r18|","r8",0
30458,"r19","r19 applies|","r19",0
12635,"r19","r19 applies|","r19",0
26627,"r19","r19 applies|","r19",0
4089,"r19","r19 applies|","r19",0
32014,"r19","r19 applies|","r19",0
14108,"r19","r19 applies|","r19",0
41209,"r0 r18 r19","r19 applies->r18 applies & overides r19->r0 applies & overides r18|","r0",1
33882,"r20","r20 applies|","r20",0
6167,"r19","r19 applies|","r19",0
39468,"r19","r19 applies|","r19",0
16304,"r19","r19 applies|","r19",0
39128,"r19","r19 applies|","r19",0
39171,"r20","r20 applies|","r20",0
42119,"r19","r19 applies|","r19",0
35924,"r19","r19 applies|","r19",0
43132,"r19","r19 applies|","r19",0
34347,"r14 r16 r20","r20 applies->r16 applies & overides r20->r14 applies & overides r16|","r14",1
5506,"r19","r19 applies|","r19",0
36986,"r20","r20 applies|","r20",0
4760,"r19","r19 applies|","r19",0
35369,"r19","r19 applies|","r19",0
44232,"r19","r19 applies|","r19",0
33918,"r0 r18 r19","r19 applies->r18 applies & overides r19->r0 applies & overides r18|","r0",1
37209,"r19","r19 applies|","r19",0
35544,"r19","r19 applies|","r19",0
40171,"r19","r19 applies|","r19",0
11253,"r20","r20 applies|","r20",0
12739,"r20","r20 applies|","r20",0
40279,"r19","r19 applies|","r19",0
23887,"r19","r19 applies|","r19",0
24216,"r19","r19 applies|","r19",0
11446,"r19","r19 applies|","r19",0
17458,"r19","r19 applies|","r19",0
16862,"r19","r19 applies|","r19",0
45109,"r19","r19 applies|","r19",0
17870,"r19","r19 applies|","r19",0
32642,"r19","r19 applies|","r19",0
30503,"r19","r19 applies|","r19",0
44840,"r19","r19 applies|","r19",0
1744,"r19","r19 applies|","r19",0
16099,"r19","r19 applies|","r19",0
20939,"r20","r20 applies|","r20",0
24893,"r19","r19 applies|","r19",0
8429,"r19","r19 applies|","r19",0
22867,"r20","r20 applies|","r20",0
21239,"r19","r19 applies|","r19",0
32235,"r19","r19 applies|","r19",0
7837,"r19","r19 applies|","r19",0
31700,"r19","r19 applies|","r19",0
32182,"r19","r19 applies|","r19",0
38512,"r19","r19 applies|","r19",0
28248,"r19","r19 applies|","r19",0
42386,"r19","r19 applies|","r19",0
6268,"r19","r19 applies|","r19",0
13600,"r19","r19 applies|","r19",0
7172,"r19","r19 applies|","r19",0
20922,"r19","r19 applies|","r19",0
5312,"r20","r20 applies|","r20",0
43008,"r2 r16 r20","r20 applies->r16 applies & overides r20->r2 applies & overides r16|","r2",1
18361,"r19","r19 applies|","r19",0
22138,"r19","r19 applies|","r19",0
10106,"r19","r19 applies|","r19",0
17182,"r19","r19 applies|","r19",0
42472,"r19","r19 applies|","r19",0
152,"r20","r20 applies|","r20",0
7614,"r19","r19 applies|","r19",0
26507,"r19","r19 applies|","r19",0
7838,"r19","r19 applies|","r19",0
5523,"r20","r20 applies|","r20",0
2621,"r19","r19 applies|","r19",0
43502,"r20","r20 applies|","r20",0
16346,"r19","r19 applies|","r19",0
8536,"r19","r19 applies|","r19",0
17326,"r19","r19 applies|","r19",0
40595,"r20","r20 applies|","r20",0
27559,"r20","r20 applies|","r20",0
18331,"r20","r20 applies|","r20",0
5218,"r19","r19 applies|","r19",0
8574,"r19","r19 applies|","r19",0
39620,"r19","r19 applies|","r19",0
33690,"r19","r19 applies|","r19",0
38609,"r19","r19 applies|","r19",0
41151,"r19","r19 applies|","r19",0
26361,"r19","r19 applies|","r19",0
25217,"r19","r19 applies|","r19",0
33989,"r19","r19 applies|","r19",0
28868,"r20","r20 applies|","r20",0
33773,"r19","r19 applies|","r19",0
9125,"r19","r19 applies|","r19",0
22284,"r19","r19 applies|","r19",0
24726,"r20","r20 applies|","r20",0
12824,"r19","r19 applies|","r19",0
29840,"r19","r19 applies|","r19",0
8685,"r19","r19 applies|","r19",0
34669,"r19","r19 applies|","r19",0
8445,"r19","r19 applies|","r19",0
43214,"r20","r20 applies|","r20",0
34418,"r19","r19 applies|","r19",0
44341,"r20","r20 applies|","r20",0
4239,"r19","r19 applies|","r19",0
29074,"r0 r18 r19","r19 applies->r18 applies & overides r19->r0 applies & overides r18|","r0",1
1141,"r20","r20 applies|","r20",0
33229,"r19","r19 applies|","r19",0
19292,"r20","r20 applies|","r20",0
40471,"r19","r19 applies|","r19",0
43495,"r19","r19 applies|","r19",0
40365,"r19","r19 applies|","r19",0
18863,"r19","r19 applies|","r19",0
18176,"r19","r19 applies|","r19",0
32417,"r19","r19 applies|","r19",0
44379,"r19","r19 applies|","r19",0
7373,"r19","r19 applies|","r19",0
9221,"r19","r19 applies|","r19",0
14664,"r20","r20 applies|","r20",0
17956,"r19","r19 applies|","r19",0
40379,"r19","r19 applies|","r19",0
43197,"r19","r19 applies|","r19",0
7988,"r19","r19 applies|","r19",0
36444,"r20","r20 applies|","r20",0
40524,"r19","r19 applies|","r19",0
4466,"r19","r19 applies|","r19",0
10526,"r19","r19 applies|","r19",0
41099,"r19","r19 applies|","r19",0
30993,"r20","r20 applies|","r20",0
25531,"r19","r19 applies|","r19",0
45119,"r19","r19 applies|","r19",0
19159,"r20","r20 applies|","r20",0
34058,"r6 r15 r18 r19","r19 applies->r18 applies & overides r19->r15 applies & overides r18->r6 applies & overides r15|","r6",0
10289,"r20","r20 applies|","r20",0
15355,"r19","r19 applies|","r19",0
1431,"r20","r20 applies|","r20",0
9697,"r19","r19 applies|","r19",0
23307,"r19","r19 applies|","r19",0
43627,"r14 r16 r20","r20 applies->r16 applies & overides r20->r14 applies & overides r16|","r14",1
29807,"r19","r19 applies|","r19",0
19637,"r19","r19 applies|","r19",0
38072,"r20","r20 applies|","r20",0
43764,"r20","r20 applies|","r20",0
17521,"r19","r19 applies|","r19",0
22647,"r19","r19 applies|","r19",0
485,"r19","r19 applies|","r19",0
36000,"r20","r20 applies|","r20",0
31918,"r20","r20 applies|","r20",0
31432,"r19","r19 applies|","r19",0
44329,"r19","r19 applies|","r19",0
19707,"r19","r19 applies|","r19",0
28575,"r19","r19 applies|","r19",0
9123,"r19","r19 applies|","r19",0
13561,"r19","r19 applies|","r19",0
26502,"r20","r20 applies|","r20",0
9893,"r19","r19 applies|","r19",0
35744,"r19","r19 applies|","r19",0
35363,"r19","r19 applies|","r19",0
31464,"r19","r19 applies|","r19",0
31991,"r20","r20 applies|","r20",0
36808,"r19","r19 applies|","r19",0
43971,"r20","r20 applies|","r20",0
43883,"r20","r20 applies|","r20",0
19662,"r19","r19 applies|","r19",0
43865,"r19","r19 applies|","r19",0
5822,"r19","r19 applies|","r19",0
27343,"r20","r20 applies|","r20",0
918,"r19","r19 applies|","r19",0
38829,"r14 r16 r20","r20 applies->r16 applies & overides r20->r14 applies & overides r16|","r14",1
13958,"r19","r19 applies|","r19",0
5224,"r19","r19 applies|","r19",0
30031,"r20","r20 applies|","r20",0
42442,"r19","r19 applies|","r19",0
9660,"r20","r20 applies|","r20",0
31924,"r19","r19 applies|","r19",0
30030,"r19","r19 applies|","r19",0
6079,"r19","r19 applies|","r19",0
37156,"r19","r19 applies|","r19",0
38887,"r19","r19 applies|","r19",0
32294,"r19","r19 applies|","r19",0
42317,"r19","r19 applies|","r19",0
3261,"r20","r20 applies|","r20",0
15403,"r19","r19 applies|","r19",0
4579,"r19","r19 applies|","r19",0
13073,"r19","r19 applies|","r19",0
38303,"r19","r19 applies|","r19",0
4993,"r20","r20 applies|","r20",0
18162,"r20","r20 applies|","r20",0
11918,"r19","r19 applies|","r19",0
9402,"r19","r19 applies|","r19",0
5274,"r19","r19 applies|","r19",0
1026,"r20","r20 applies|","r20",0
32819,"r19","r19 applies|","r19",0
38242,"r19","r19 applies|","r19",0
20562,"r19","r19 applies|","r19",0
35272,"r19","r19 applies|","r19",0
4467,"r19","r19 applies|","r19",0
36556,"r19","r19 applies|","r19",0
39630,"r19","r19 applies|","r19",0
21716,"r19","r19 applies|","r19",0
37114,"r20","r20 applies|","r20",0
29415,"r19","r19 applies|","r19",0
15542,"r19","r19 applies|","r19",0
32544,"r20","r20 applies|","r20",0
85,"r19","r19 applies|","r19",0
34619,"r19","r19 applies|","r19",0
41585,"r19","r19 applies|","r19",0
1546,"r19","r19 applies|","r19",0
996,"r20","r20 applies|","r20",0
2995,"r19","r19 applies|","r19",0
2280,"r19","r19 applies|","r19",0
22030,"r20","r20 applies|","r20",0
24240,"r12 r15 r18 r19","r19 applies->r18 applies & overides r19->r15 applies & overides r18->r12 applies & overides r15|","r12",0
13740,"r20","r20 applies|","r20",0
27149,"r19","r19 applies|","r19",0
9747,"r19","r19 applies|","r19",0
18491,"r20","r20 applies|","r20",0
4959,"r19","r19 applies|","r19",0
7265,"r19","r19 applies|","r19",0
33780,"r19","r19 applies|","r19",0
6008,"r19","r19 applies|","r19",0
13738,"r19","r19 applies|","r19",0
3131,"r20","r20 applies|","r20",0
27147,"r19","r19 applies|","r19",0
39055,"r20","r20 applies|","r20",0
10440,"r19","r19 applies|","r19",0
21988,"r19","r19 applies|","r19",0
34551,"r19","r19 applies|","r19",0
31799,"r19","r19 applies|","r19",0
40582,"r19","r19 applies|","r19",0
37333,"r19","r19 applies|","r19",0
20887,"r19","r19 applies|","r19",0
26941,"r19","r19 applies|","r19",0
9548,"r19","r19 applies|","r19",0
1073,"r19","r19 applies|","r19",0
42613,"r20","r20 applies|","r20",0
1782,"r19","r19 applies|","r19",0
40946,"r19","r19 applies|","r19",0
2502,"r20","r20 applies|","r20",0
45032,"r3 r16 r20","r20 applies->r16 applies & overides r20->r3 applies & overides r16|","r3",1
15156,"r19","r19 applies|","r19",0
13265,"r20","r20 applies|","r20",0
18367,"r19","r19 applies|","r19",0
22418,"r19","r19 applies|","r19",0
2249,"r19","r19 applies|","r19",0
14052,"r20","r20 applies|","r20",0
40139,"r19","r19 applies|","r19",0
26707,"r19","r19 applies|","r19",0
7132,"r19","r19 applies|","r19",0
44957,"r19","r19 applies|","r19",0
28055,"r20","r20 applies|","r20",0
38402,"r19","r19 applies|","r19",0
39247,"r20","r20 applies|","r20",0
41490,"r1 r18 r19","r19 applies->r18 applies & overides r19->r1 applies & overides r18|","r1",1
23471,"r19","r19 applies|","r19",0
43700,"r8 r18 r19","r19 applies->r18 applies & overides r19->r8 applies & overides r18|","r8",0
19575,"r19","r19 applies|","r19",0
2865,"r20","r20 applies|","r20",0
7017,"r19","r19 applies|","r19",0
6706,"r19","r19 applies|","r19",0
36741,"r20","r20 applies|","r20",0
44202,"r3 r16 r20","r20 applies->r16 applies & overides r20->r3 applies & overides r16|","r3",1
16653,"r19","r19 applies|","r19",0
5647,"r19","r19 applies|","r19",0
4853,"r19","r19 applies|","r19",0
34412,"r19","r19 applies|","r19",0
21431,"r20","r20 applies|","r20",0
29596,"r19","r19 applies|","r19",0
12176,"r19","r19 applies|","r19",0
15594,"r19","r19 applies|","r19",0
22506,"r20","r20 applies|","r20",0
43560,"r4 r10 r20","r20 applies->r10 applies & overides r20->r4 applies & overides r10|","r4",1
33308,"r20","r20 applies|","r20",0
15736,"r19","r19 applies|","r19",0
40160,"r19","r19 applies|","r19",0
37510,"r20","r20 applies|","r20",0
17860,"r19","r19 applies|","r19",0
33796,"r19","r19 applies|","r19",0
44862,"r19","r19 applies|","r19",0
12304,"r19","r19 applies|","r19",0
44594,"r19","r19 applies|","r19",0
36503,"r19","r19 applies|","r19",0
44005,"r14 r16 r20","r20 applies->r16 applies & overides r20->r14 applies & overides r16|","r14",1
4827,"r19","r19 applies|","r19",0
39364,"r19","r19 applies|","r19",0
193,"r19","r19 applies|","r19",0
28071,"r19","r19 applies|","r19",0
15157,"r20","r20 applies|","r20",0
42208,"r19","r19 applies|","r19",0
93,"r20","r20 applies|","r20",0
22571,"r20","r20 applies|","r20",0
36132,"r19","r19 applies|","r19",0
43741,"r19","r19 applies|","r19",0
34096,"r4 r10 r20","r20 applies->r10 applies & overides r20->r4 applies & overides r10|","r4",1
4602,"r19","r19 applies|","r19",0
12627,"r19","r19 applies|","r19",0
10368,"r19","r19 applies|","r19",0
17346,"r19","r19 applies|","r19",0
38341,"r19","r19 applies|","r19",0
7485,"r19","r19 applies|","r19",0
15676,"r19","r19 applies|","r19",0
5229,"r19","r19 applies|","r19",0
17565,"r19","r19 applies|","r19",0
5499,"r19","r19 applies|","r19",0
40278,"r19","r19 applies|","r19",0
35281,"r19","r19 applies|","r19",0
4967,"r19","r19 applies|","r19",0
39740,"r19","r19 applies|","r19",0
41023,"r19","r19 applies|","r19",0
3647,"r19","r19 applies|","r19",0
43367,"r19","r19 applies|","r19",0
19253,"r20","r20 applies|","r20",0
2843,"r19","r19 applies|","r19",0
33105,"r19","r19 applies|","r19",0
14669,"r20","r20 applies|","r20",0
28346,"r20","r20 applies|","r20",0
3263,"r19","r19 applies|","r19",0
32921,"r19","r19 applies|","r19",0
25509,"r19","r19 applies|","r19",0
27527,"r19","r19 applies|","r19",0
13979,"r20","r20 applies|","r20",0
20257,"r19","r19 applies|","r19",0
30521,"r19","r19 applies|","r19",0
2285,"r20","r20 applies|","r20",0
39546,"r19","r19 applies|","r19",0
4630,"r20","r20 applies|","r20",0
31191,"r19","r19 applies|","r19",0
28003,"r19","r19 applies|","r19",0
15090,"r19","r19 applies|","r19",0
29234,"r19","r19 applies|","r19",0
44244,"r19","r19 applies|","r19",0
6134,"r19","r19 applies|","r19",0
34849,"r19","r19 applies|","r19",0
1823,"r19","r19 applies|","r19",0
34373,"r19","r19 applies|","r19",0
5804,"r20","r20 applies|","r20",0
13101,"r19","r19 applies|","r19",0
35709,"r19","r19 applies|","r19",0
15482,"r20","r20 applies|","r20",0
608,"r19","r19 applies|","r19",0
34128,"r4 r10 r20","r20 applies->r10 applies & overides r20->r4 applies & overides r10|","r4",1
43057,"r19","r19 applies|","r19",0
29336,"r19","r19 applies|","r19",0
40850,"r19","r19 applies|","r19",0
16254,"r20","r20 applies|","r20",0
5121,"r20","r20 applies|","r20",0
19353,"r19","r19 applies|","r19",0
4422,"r19","r19 applies|","r19",0
44159,"r0 r18 r19","r19 applies->r18 applies & overides r19->r0 applies & overides r18|","r0",1
38095,"r19","r19 applies|","r19",0
1891,"r19","r19 applies|","r19",0
29849,"r19","r19 applies|","r19",0
27708,"r19","r19 applies|","r19",0
4263,"r20","r20 applies|","r20",0
21870,"r20","r20 applies|","r20",0
15353,"r20","r20 applies|","r20",0
24325,"r19","r19 applies|","r19",0
10651,"r19","r19 applies|","r19",0
27273,"r19","r19 applies|","r19",0
39736,"r19","r19 applies|","r19",0
19739,"r19","r19 applies|","r19",0
19711,"r19","r19 applies|","r19",0
26902,"r19","r19 applies|","r19",0
2124,"r19","r19 applies|","r19",0
29917,"r19","r19 applies|","r19",0
29108,"r19","r19 applies|","r19",0
20466,"r19","r19 applies|","r19",0
7878,"r19","r19 applies|","r19",0
6207,"r19","r19 applies|","r19",0
22650,"r19","r19 applies|","r19",0
23704,"r20","r20 applies|","r20",0
4748,"r20","r20 applies|","r20",0
847,"r19","r19 applies|","r19",0
24566,"r20","r20 applies|","r20",0
13416,"r19","r19 applies|","r19",0
7343,"r19","r19 applies|","r19",0
33658,"r19","r19 applies|","r19",0
41894,"r20","r20 applies|","r20",0
31210,"r19","r19 applies|","r19",0
4163,"r19","r19 applies|","r19",0
32192,"r19","r19 applies|","r19",0
27435,"r19","r19 applies|","r19",0
40058,"r19","r19 applies|","r19",0
35542,"r19","r19 applies|","r19",0
42343,"r19","r19 applies|","r19",0
21129,"r19","r19 applies|","r19",0
16077,"r19","r19 applies|","r19",0
16731,"r19","r19 applies|","r19",0
22004,"r19","r19 applies|","r19",0
977,"r20","r20 applies|","r20",0
11595,"r19","r19 applies|","r19",0
13992,"r20","r20 applies|","r20",0
43442,"r9 r15 r18 r19","r19 applies->r18 applies & overides r19->r15 applies & overides r18->r9 applies & overides r15|","r9",0
35379,"r20","r20 applies|","r20",0
7557,"r20","r20 applies|","r20",0
37176,"r19","r19 applies|","r19",0
111,"r19","r19 applies|","r19",0
37793,"r19","r19 applies|","r19",0
14399,"r20","r20 applies|","r20",0
11310,"r19","r19 applies|","r19",0
14555,"r19","r19 applies|","r19",0
12235,"r19","r19 applies|","r19",0
25397,"r19","r19 applies|","r19",0
12566,"r19","r19 applies|","r19",0
4317,"r19","r19 applies|","r19",0
7713,"r19","r19 applies|","r19",0
26642,"r19","r19 applies|","r19",0
31263,"r19","r19 applies|","r19",0
7683,"r19","r19 applies|","r19",0
33186,"r19","r19 applies|","r19",0
36125,"r19","r19 applies|","r19",0
29556,"r19","r19 applies|","r19",0
37162,"r20","r20 applies|","r20",0
26977,"r19","r19 applies|","r19",0
44195,"r19","r19 applies|","r19",0
12410,"r19","r19 applies|","r19",0
29683,"r19","r19 applies|","r19",0
32391,"r20","r20 applies|","r20",0
36665,"r19","r19 applies|","r19",0
9916,"r19","r19 applies|","r19",0
9719,"r19","r19 applies|","r19",0
14872,"r20","r20 applies|","r20",0
34109,"r4 r10 r20","r20 applies->r10 applies & overides r20->r4 applies & overides r10|","r4",1
37126,"r19","r19 applies|","r19",0
36863,"r19","r19 applies|","r19",0
12709,"r19","r19 applies|","r19",0
12918,"r19","r19 applies|","r19",0
523,"r19","r19 applies|","r19",0
23270,"r19","r19 applies|","r19",0
38258,"r19","r19 applies|","r19",0
14632,"r19","r19 applies|","r19",0
23304,"r19","r19 applies|","r19",0
21533,"r19","r19 applies|","r19",0
9638,"r19","r19 applies|","r19",0
10193,"r20","r20 applies|","r20",0
2223,"r19","r19 applies|","r19",0
2173,"r19","r19 applies|","r19",0
42416,"r19","r19 applies|","r19",0
29662,"r19","r19 applies|","r19",0
2847,"r19","r19 applies|","r19",0
17924,"r20","r20 applies|","r20",0
2504,"r20","r20 applies|","r20",0
40984,"r19","r19 applies|","r19",0
2654,"r19","r19 applies|","r19",0
22711,"r19","r19 applies|","r19",0
40242,"r19","r19 applies|","r19",0
8690,"r19","r19 applies|","r19",0
41760,"r19","r19 applies|","r19",0
6239,"r19","r19 applies|","r19",0
22729,"r19","r19 applies|","r19",0
12096,"r19","r19 applies|","r19",0
30863,"r19","r19 applies|","r19",0
366,"r19","r19 applies|","r19",0
15985,"r19","r19 applies|","r19",0
2992,"r19","r19 applies|","r19",0
42981,"r0 r18 r19","r19 applies->r18 applies & overides r19->r0 applies & overides r18|","r0",1
45006,"r1 r18 r19","r19 applies->r18 applies & overides r19->r1 applies & overides r18|","r1",1
23735,"r19","r19 applies|","r19",0
28477,"r19","r19 applies|","r19",0
10494,"r19","r19 applies|","r19",0
36632,"r19","r19 applies|","r19",0
38608,"r20","r20 applies|","r20",0
21334,"r19","r19 applies|","r19",0
36387,"r19","r19 applies|","r19",0
43100,"r19","r19 applies|","r19",0
8814,"r19","r19 applies|","r19",0
2365,"r19","r19 applies|","r19",0
25388,"r19","r19 applies|","r19",0
40378,"r19","r19 applies|","r19",0
39884,"r19","r19 applies|","r19",0
20011,"r19","r19 applies|","r19",0
30971,"r19","r19 applies|","r19",0
4470,"r19","r19 applies|","r19",0
40717,"r19","r19 applies|","r19",0
24969,"r19","r19 applies|","r19",0
42671,"r19","r19 applies|","r19",0
40380,"r20","r20 applies|","r20",0
38844,"r19","r19 applies|","r19",0
38916,"r19","r19 applies|","r19",0
14168,"r20","r20 applies|","r20",0
4050,"r19","r19 applies|","r19",0
8241,"r19","r19 applies|","r19",0
9883,"r19","r19 applies|","r19",0
11575,"r19","r19 applies|","r19",0
35546,"r19","r19 applies|","r19",0
20279,"r20","r20 applies|","r20",0
2349,"r20","r20 applies|","r20",0
4420,"r19","r19 applies|","r19",0
7388,"r20","r20 applies|","r20",0
13569,"r19","r19 applies|","r19",0
4720,"r20","r20 applies|","r20",0
19269,"r19","r19 applies|","r19",0
5118,"r19","r19 applies|","r19",0
18700,"r19","r19 applies|","r19",0
25809,"r19","r19 applies|","r19",0
42229,"r17 r18 r19","r19 applies->r18 applies & overides r19->r17 applies & overides r18|","r17",0
12716,"r19","r19 applies|","r19",0
16097,"r19","r19 applies|","r19",0
33897,"r19","r19 applies|","r19",0
8573,"r20","r20 applies|","r20",0
27444,"r20","r20 applies|","r20",0
5255,"r19","r19 applies|","r19",0
21440,"r20","r20 applies|","r20",0
41729,"r19","r19 applies|","r19",0
42269,"r1 r18 r19","r19 applies->r18 applies & overides r19->r1 applies & overides r18|","r1",1
8426,"r20","r20 applies|","r20",0
21673,"r19","r19 applies|","r19",0
7407,"r19","r19 applies|","r19",0
43002,"r0 r18 r19","r19 applies->r18 applies & overides r19->r0 applies & overides r18|","r0",1
28185,"r19","r19 applies|","r19",0
4102,"r20","r20 applies|","r20",0
42522,"r20","r20 applies|","r20",0
7519,"r19","r19 applies|","r19",0
37111,"r19","r19 applies|","r19",0
31948,"r19","r19 applies|","r19",0
44983,"r19","r19 applies|","r19",0
269,"r19","r19 applies|","r19",0
39158,"r19","r19 applies|","r19",0
26453,"r19","r19 applies|","r19",0
44990,"r19","r19 applies|","r19",0
34929,"r19","r19 applies|","r19",0
9622,"r19","r19 applies|","r19",0
18656,"r19","r19 applies|","r19",0
17004,"r19","r19 applies|","r19",0
36777,"r20","r20 applies|","r20",0
15775,"r19","r19 applies|","r19",0
22041,"r19","r19 applies|","r19",0
43983,"r19","r19 applies|","r19",0
27906,"r19","r19 applies|","r19",0
2033,"r19","r19 applies|","r19",0
16889,"r19","r19 applies|","r19",0
33849,"r19","r19 applies|","r19",0
439,"r19","r19 applies|","r19",0
34661,"r19","r19 applies|","r19",0
16271,"r19","r19 applies|","r19",0
17988,"r19","r19 applies|","r19",0
43765,"r3 r16 r20","r20 applies->r16 applies & overides r20->r3 applies & overides r16|","r3",1
38357,"r19","r19 applies|","r19",0
34286,"r19","r19 applies|","r19",0
29753,"r19","r19 applies|","r19",0
34402,"r19","r19 applies|","r19",0
5653,"r19","r19 applies|","r19",0
8520,"r19","r19 applies|","r19",0
38905,"r19","r19 applies|","r19",0
14557,"r19","r19 applies|","r19",0
3514,"r19","r19 applies|","r19",0
11760,"r19","r19 applies|","r19",0
22054,"r19","r19 applies|","r19",0
15774,"r19","r19 applies|","r19",0
8717,"r20","r20 applies|","r20",0
641,"r19","r19 applies|","r19",0
24183,"r19","r19 applies|","r19",0
21541,"r19","r19 applies|","r19",0
44565,"r19","r19 applies|","r19",0
37066,"r20","r20 applies|","r20",0
9810,"r19","r19 applies|","r19",0
44612,"r19","r19 applies|","r19",0
5907,"r19","r19 applies|","r19",0
20834,"r20","r20 applies|","r20",0
41349,"r19","r19 applies|","r19",0
17705,"r19","r19 applies|","r19",0
31816,"r20","r20 applies|","r20",0
10922,"r19","r19 applies|","r19",0
16787,"r19","r19 applies|","r19",0
34184,"r17 r18 r19","r19 applies->r18 applies & overides r19->r17 applies & overides r18|","r17",0
30575,"r19","r19 applies|","r19",0
24227,"r19","r19 applies|","r19",0
9339,"r19","r19 applies|","r19",0
42717,"r20","r20 applies|","r20",0
18495,"r19","r19 applies|","r19",0
34434,"r19","r19 applies|","r19",0
17212,"r19","r19 applies|","r19",0
38284,"r19","r19 applies|","r19",0
20878,"r19","r19 applies|","r19",0
15729,"r20","r20 applies|","r20",0
21743,"r19","r19 applies|","r19",0
36063,"r20","r20 applies|","r20",0
24830,"r19","r19 applies|","r19",0
43368,"r19","r19 applies|","r19",0
8210,"r20","r20 applies|","r20",0
13214,"r20","r20 applies|","r20",0
7785,"r20","r20 applies|","r20",0
28531,"r19","r19 applies|","r19",0
30353,"r19","r19 applies|","r19",0
36212,"r19","r19 applies|","r19",0
13962,"r19","r19 applies|","r19",0
18296,"r19","r19 applies|","r19",0
7868,"r19","r19 applies|","r19",0
18929,"r20","r20 applies|","r20",0
38196,"r19","r19 applies|","r19",0
44291,"r19","r19 applies|","r19",0
16479,"r20","r20 applies|","r20",0
5431,"r20","r20 applies|","r20",0
25321,"r19","r19 applies|","r19",0
1077,"r19","r19 applies|","r19",0
17299,"r19","r19 applies|","r19",0
19245,"r19","r19 applies|","r19",0
10483,"r19","r19 applies|","r19",0
39133,"r19","r19 applies|","r19",0
31632,"r19","r19 applies|","r19",0
12310,"r20","r20 applies|","r20",0
37307,"r19","r19 applies|","r19",0
2096,"r19","r19 applies|","r19",0
23284,"r19","r19 applies|","r19",0
8020,"r20","r20 applies|","r20",0
34678,"r19","r19 applies|","r19",0
12749,"r19","r19 applies|","r19",0
11811,"r19","r19 applies|","r19",0
35997,"r19","r19 applies|","r19",0
4822,"r19","r19 applies|","r19",0
7879,"r19","r19 applies|","r19",0
34299,"r19","r19 applies|","r19",0
8305,"r19","r19 applies|","r19",0
16081,"r20","r20 applies|","r20",0
44180,"r19","r19 applies|","r19",0
2678,"r19","r19 applies|","r19",0
17616,"r19","r19 applies|","r19",0
14422,"r19","r19 applies|","r19",0
9546,"r19","r19 applies|","r19",0
18070,"r19","r19 applies|","r19",0
7496,"r20","r20 applies|","r20",0
20252,"r19","r19 applies|","r19",0
21881,"r19","r19 applies|","r19",0
41714,"r19","r19 applies|","r19",0
1311,"r19","r19 applies|","r19",0
26479,"r19","r19 applies|","r19",0
24050,"r20","r20 applies|","r20",0
27969,"r20","r20 applies|","r20",0
26896,"r19","r19 applies|","r19",0
41195,"r19","r19 applies|","r19",0
39307,"r19","r19 applies|","r19",0
11672,"r20","r20 applies|","r20",0
16082,"r20","r20 applies|","r20",0
18839,"r19","r19 applies|","r19",0
7744,"r20","r20 applies|","r20",0
6743,"r19","r19 applies|","r19",0
2854,"r19","r19 applies|","r19",0
18710,"r19","r19 applies|","r19",0
7106,"r19","r19 applies|","r19",0
3903,"r19","r19 applies|","r19",0
17558,"r20","r20 applies|","r20",0
4707,"r19","r19 applies|","r19",0
14024,"r19","r19 applies|","r19",0
41314,"r19","r19 applies|","r19",0
5034,"r20","r20 applies|","r20",0
29217,"r19","r19 applies|","r19",0
21201,"r19","r19 applies|","r19",0
3454,"r19","r19 applies|","r19",0
2380,"r19","r19 applies|","r19",0
10980,"r20","r20 applies|","r20",0
31378,"r19","r19 applies|","r19",0
28869,"r19","r19 applies|","r19",0
24792,"r19","r19 applies|","r19",0
6916,"r19","r19 applies|","r19",0
6667,"r19","r19 applies|","r19",0
35698,"r20","r20 applies|","r20",0
34594,"r19","r19 applies|","r19",0
3352,"r20","r20 applies|","r20",0
33930,"r4 r10 r20","r20 applies->r10 applies & overides r20->r4 applies & overides r10|","r4",1
4088,"r20","r20 applies|","r20",0
41709,"r19","r19 applies|","r19",0
1286,"r19","r19 applies|","r19",0
24752,"r19","r19 applies|","r19",0
31374,"r19","r19 applies|","r19",0
25429,"r19","r19 applies|","r19",0
31137,"r19","r19 applies|","r19",0
25796,"r20","r20 applies|","r20",0
11798,"r19","r19 applies|","r19",0
43778,"r20","r20 applies|","r20",0
6308,"r19","r19 applies|","r19",0
35643,"r19","r19 applies|","r19",0
17069,"r19","r19 applies|","r19",0
21838,"r19","r19 applies|","r19",0
703,"r19","r19 applies|","r19",0
15245,"r20","r20 applies|","r20",0
1325,"r19","r19 applies|","r19",0
18289,"r19","r19 applies|","r19",0
8561,"r19","r19 applies|","r19",0
6727,"r20","r20 applies|","r20",0
36834,"r20","r20 applies|","r20",0
31218,"r19","r19 applies|","r19",0
11553,"r19","r19 applies|","r19",0
26830,"r20","r20 applies|","r20",0
619,"r19","r19 applies|","r19",0
31840,"r19","r19 applies|","r19",0
29667,"r19","r19 applies|","r19",0
15652,"r19","r19 applies|","r19",0
36484,"r19","r19 applies|","r19",0
15223,"r20","r20 applies|","r20",0
21612,"r19","r19 applies|","r19",0
33036,"r20","r20 applies|","r20",0
26400,"r20","r20 applies|","r20",0
37787,"r20","r20 applies|","r20",0
19193,"r19","r19 applies|","r19",0
9782,"r19","r19 applies|","r19",0
13817,"r19","r19 applies|","r19",0
9146,"r20","r20 applies|","r20",0
23521,"r19","r19 applies|","r19",0
7622,"r19","r19 applies|","r19",0
27840,"r19","r19 applies|","r19",0
34453,"r19","r19 applies|","r19",0
35966,"r20","r20 applies|","r20",0
34945,"r19","r19 applies|","r19",0
5427,"r19","r19 applies|","r19",0
22597,"r19","r19 applies|","r19",0
34263,"r19","r19 applies|","r19",0
40764,"r19","r19 applies|","r19",0
41990,"r19","r19 applies|","r19",0
24468,"r19","r19 applies|","r19",0
43441,"r0 r18 r19","r19 applies->r18 applies & overides r19->r0 applies & overides r18|","r0",1
40998,"r19","r19 applies|","r19",0
3323,"r20","r20 applies|","r20",0
33147,"r19","r19 applies|","r19",0
18840,"r19","r19 applies|","r19",0
234,"r19","r19 applies|","r19",0
1159,"r20","r20 applies|","r20",0
32669,"r19","r19 applies|","r19",0
34132,"r19","r19 applies|","r19",0
31606,"r20","r20 applies|","r20",0
28137,"r19","r19 applies|","r19",0
39168,"r19","r19 applies|","r19",0
43365,"r19","r19 applies|","r19",0
30005,"r19","r19 applies|","r19",0
24553,"r19","r19 applies|","r19",0
34576,"r20","r20 applies|","r20",0
39578,"r19","r19 applies|","r19",0
7189,"r20","r20 applies|","r20",0
39858,"r19","r19 applies|","r19",0
36391,"r20","r20 applies|","r20",0
22378,"r20","r20 applies|","r20",0
33047,"r19","r19 applies|","r19",0
29798,"r19","r19 applies|","r19",0
20943,"r19","r19 applies|","r19",0
14086,"r19","r19 applies|","r19",0
7351,"r20","r20 applies|","r20",0
35018,"r19","r19 applies|","r19",0
6705,"r19","r19 applies|","r19",0
15195,"r19","r19 applies|","r19",0
10876,"r19","r19 applies|","r19",0
29209,"r19","r19 applies|","r19",0
24971,"r19","r19 applies|","r19",0
25193,"r19","r19 applies|","r19",0
31828,"r19","r19 applies|","r19",0
38866,"r20","r20 applies|","r20",0
15297,"r19","r19 applies|","r19",0
30938,"r19","r19 applies|","r19",0
10739,"r19","r19 applies|","r19",0
8984,"r19","r19 applies|","r19",0
19576,"r19","r19 applies|","r19",0
34390,"r20","r20 applies|","r20",0
30078,"r19","r19 applies|","r19",0
37142,"r19","r19 applies|","r19",0
11953,"r19","r19 applies|","r19",0
25841,"r20","r20 applies|","r20",0
24786,"r19","r19 applies|","r19",0
7685,"r19","r19 applies|","r19",0
26344,"r19","r19 applies|","r19",0
35601,"r20","r20 applies|","r20",0
34706,"r19","r19 applies|","r19",0
13941,"r19","r19 applies|","r19",0
29406,"r19","r19 applies|","r19",0
18152,"r19","r19 applies|","r19",0
2319,"r19","r19 applies|","r19",0
31354,"r19","r19 applies|","r19",0
1335,"r19","r19 applies|","r19",0
29544,"r20","r20 applies|","r20",0
38257,"r19","r19 applies|","r19",0
33255,"r19","r19 applies|","r19",0
4173,"r19","r19 applies|","r19",0
39150,"r19","r19 applies|","r19",0
30498,"r20","r20 applies|","r20",0
23547,"r20","r20 applies|","r20",0
7294,"r19","r19 applies|","r19",0
8036,"r20","r20 applies|","r20",0
1692,"r20","r20 applies|","r20",0
43943,"r20","r20 applies|","r20",0
15813,"r19","r19 applies|","r19",0
17953,"r19","r19 applies|","r19",0
23143,"r19","r19 applies|","r19",0
23807,"r19","r19 applies|","r19",0
44589,"r19","r19 applies|","r19",0
40067,"r19","r19 applies|","r19",0
43088,"r19","r19 applies|","r19",0
7244,"r19","r19 applies|","r19",0
15496,"r19","r19 applies|","r19",0
34913,"r19","r19 applies|","r19",0
5457,"r20","r20 applies|","r20",0
14427,"r19","r19 applies|","r19",0
8154,"r19","r19 applies|","r19",0
28763,"r19","r19 applies|","r19",0
17183,"r20","r20 applies|","r20",0
6465,"r19","r19 applies|","r19",0
14691,"r19","r19 applies|","r19",0
29499,"r19","r19 applies|","r19",0
385,"r20","r20 applies|","r20",0
42629,"r19","r19 applies|","r19",0
16104,"r19","r19 applies|","r19",0
18508,"r19","r19 applies|","r19",0
6782,"r19","r19 applies|","r19",0
13525,"r19","r19 applies|","r19",0
31253,"r19","r19 applies|","r19",0
44949,"r19","r19 applies|","r19",0
13722,"r20","r20 applies|","r20",0
4107,"r19","r19 applies|","r19",0
7322,"r20","r20 applies|","r20",0
12191,"r19","r19 applies|","r19",0
35743,"r19","r19 applies|","r19",0
6336,"r19","r19 applies|","r19",0
25369,"r19","r19 applies|","r19",0
28736,"r19","r19 applies|","r19",0
31122,"r19","r19 applies|","r19",0
40081,"r19","r19 applies|","r19",0
34484,"r20","r20 applies|","r20",0
6403,"r19","r19 applies|","r19",0
40316,"r20","r20 applies|","r20",0
17885,"r19","r19 applies|","r19",0
40778,"r0 r18 r19","r19 applies->r18 applies & overides r19->r0 applies & overides r18|","r0",1
26403,"r19","r19 applies|","r19",0
30493,"r20","r20 applies|","r20",0
36561,"r19","r19 applies|","r19",0
18370,"r19","r19 applies|","r19",0
10412,"r19","r19 applies|","r19",0
33745,"r19","r19 applies|","r19",0
37569,"r19","r19 applies|","r19",0
126,"r19","r19 applies|","r19",0
1362,"r19","r19 applies|","r19",0
44356,"r19","r19 applies|","r19",0
11284,"r19","r19 applies|","r19",0
18158,"r19","r19 applies|","r19",0
23345,"r19","r19 applies|","r19",0
14035,"r20","r20 applies|","r20",0
27673,"r19","r19 applies|","r19",0
26357,"r19","r19 applies|","r19",0
2245,"r19","r19 applies|","r19",0
33215,"r20","r20 applies|","r20",0
290,"r19","r19 applies|","r19",0
28969,"r19","r19 applies|","r19",0
35132,"r19","r19 applies|","r19",0
41307,"r19","r19 applies|","r19",0
8552,"r19","r19 applies|","r19",0
17398,"r19","r19 applies|","r19",0
6319,"r19","r19 applies|","r19",0
22172,"r20","r20 applies|","r20",0
27144,"r19","r19 applies|","r19",0
26057,"r19","r19 applies|","r19",0
25922,"r19","r19 applies|","r19",0
32765,"r19","r19 applies|","r19",0
35000,"r19","r19 applies|","r19",0
12472,"r19","r19 applies|","r19",0
13622,"r19","r19 applies|","r19",0
12527,"r19","r19 applies|","r19",0
31748,"r19","r19 applies|","r19",0
24324,"r20","r20 applies|","r20",0
10374,"r19","r19 applies|","r19",0
24790,"r19","r19 applies|","r19",0
11157,"r19","r19 applies|","r19",0
11569,"r19","r19 applies|","r19",0
19460,"r19","r19 applies|","r19",0
12429,"r19","r19 applies|","r19",0
12775,"r19","r19 applies|","r19",0
31427,"r19","r19 applies|","r19",0
18802,"r19","r19 applies|","r19",0
8136,"r19","r19 applies|","r19",0
8232,"r19","r19 applies|","r19",0
5133,"r19","r19 applies|","r19",0
21522,"r19","r19 applies|","r19",0
13679,"r19","r19 applies|","r19",0
27849,"r19","r19 applies|","r19",0
4924,"r19","r19 applies|","r19",0
28945,"r19","r19 applies|","r19",0
44186,"r1 r18 r19","r19 applies->r18 applies & overides r19->r1 applies & overides r18|","r1",1
10149,"r19","r19 applies|","r19",0
32861,"r19","r19 applies|","r19",0
23730,"r19","r19 applies|","r19",0
39094,"r20","r20 applies|","r20",0
14670,"r19","r19 applies|","r19",0
33607,"r19","r19 applies|","r19",0
6320,"r20","r20 applies|","r20",0
15842,"r19","r19 applies|","r19",0
43531,"r19","r19 applies|","r19",0
2803,"r19","r19 applies|","r19",0
37326,"r19","r19 applies|","r19",0
30212,"r20","r20 applies|","r20",0
5439,"r19","r19 applies|","r19",0
8230,"r19","r19 applies|","r19",0
42294,"r2 r16 r20","r20 applies->r16 applies & overides r20->r2 applies & overides r16|","r2",1
30904,"r19","r19 applies|","r19",0
37394,"r19","r19 applies|","r19",0
33316,"r19","r19 applies|","r19",0
17017,"r19","r19 applies|","r19",0
3614,"r19","r19 applies|","r19",0
36748,"r19","r19 applies|","r19",0
37861,"r19","r19 applies|","r19",0
43388,"r19","r19 applies|","r19",0
14993,"r19","r19 applies|","r19",0
28295,"r19","r19 applies|","r19",0
3963,"r20","r20 applies|","r20",0
2765,"r19","r19 applies|","r19",0
39233,"r19","r19 applies|","r19",0
44913,"r2 r16 r20","r20 applies->r16 applies & overides r20->r2 applies & overides r16|","r2",1
15923,"r19","r19 applies|","r19",0
9472,"r19","r19 applies|","r19",0
14530,"r19","r19 applies|","r19",0
2486,"r20","r20 applies|","r20",0
38201,"r20","r20 applies|","r20",0
33996,"r19","r19 applies|","r19",0
30914,"r19","r19 applies|","r19",0
31079,"r19","r19 applies|","r19",0
25006,"r19","r19 applies|","r19",0
5868,"r19","r19 applies|","r19",0
43146,"r19","r19 applies|","r19",0
42617,"r19","r19 applies|","r19",0
10441,"r20","r20 applies|","r20",0
15677,"r19","r19 applies|","r19",0
18873,"r19","r19 applies|","r19",0
37548,"r19","r19 applies|","r19",0
25182,"r19","r19 applies|","r19",0
13682,"r19","r19 applies|","r19",0
2872,"r19","r19 applies|","r19",0
13494,"r19","r19 applies|","r19",0
23737,"r19","r19 applies|","r19",0
26212,"r19","r19 applies|","r19",0
29213,"r19","r19 applies|","r19",0
35793,"r19","r19 applies|","r19",0
22653,"r19","r19 applies|","r19",0
21168,"r19","r19 applies|","r19",0
6286,"r19","r19 applies|","r19",0
16923,"r19","r19 applies|","r19",0
22085,"r19","r19 applies|","r19",0
36816,"r19","r19 applies|","r19",0
33923,"r0 r18 r19","r19 applies->r18 applies & overides r19->r0 applies & overides r18|","r0",1
6952,"r19","r19 applies|","r19",0
4876,"r19","r19 applies|","r19",0
29093,"r19","r19 applies|","r19",0
6256,"r19","r19 applies|","r19",0
24120,"r19","r19 applies|","r19",0
29276,"r19","r19 applies|","r19",0
18719,"r19","r19 applies|","r19",0
25939,"r19","r19 applies|","r19",0
40851,"r19","r19 applies|","r19",0
24387,"r19","r19 applies|","r19",0
2398,"r19","r19 applies|","r19",0
32346,"r19","r19 applies|","r19",0
12494,"r19","r19 applies|","r19",0
22186,"r19","r19 applies|","r19",0
26682,"r19","r19 applies|","r19",0
22321,"r19","r19 applies|","r19",0
12441,"r19","r19 applies|","r19",0
7569,"r19","r19 applies|","r19",0
4974,"r19","r19 applies|","r19",0
29928,"r19","r19 applies|","r19",0
32042,"r5 r10 r20","r20 applies->r10 applies & overides r20->r5 applies & overides r10|","r5",1
40373,"r19","r19 applies|","r19",0
12316,"r19","r19 applies|","r19",0
17425,"r19","r19 applies|","r19",0
4203,"r19","r19 applies|","r19",0
32735,"r20","r20 applies|","r20",0
19631,"r19","r19 applies|","r19",0
10510,"r19","r19 applies|","r19",0
34173,"r4 r10 r20","r20 applies->r10 applies & overides r20->r4 applies & overides r10|","r4",1
30982,"r19","r19 applies|","r19",0
1672,"r20","r20 applies|","r20",0
765,"r19","r19 applies|","r19",0
27797,"r19","r19 applies|","r19",0
12240,"r19","r19 applies|","r19",0
14477,"r19","r19 applies|","r19",0
41584,"r12 r15 r18 r19","r19 applies->r18 applies & overides r19->r15 applies & overides r18->r12 applies & overides r15|","r12",0
1863,"r19","r19 applies|","r19",0
18117,"r19","r19 applies|","r19",0
38484,"r20","r20 applies|","r20",0
44845,"r1 r18 r19","r19 applies->r18 applies & overides r19->r1 applies & overides r18|","r1",1
11878,"r19","r19 applies|","r19",0
17325,"r19","r19 applies|","r19",0
34428,"r19","r19 applies|","r19",0
9462,"r19","r19 applies|","r19",0
41685,"r20","r20 applies|","r20",0
7141,"r19","r19 applies|","r19",0
38382,"r19","r19 applies|","r19",0
6575,"r19","r19 applies|","r19",0
19433,"r19","r19 applies|","r19",0
38297,"r19","r19 applies|","r19",0
37245,"r20","r20 applies|","r20",0
43981,"r6 r15 r18 r19","r19 applies->r18 applies & overides r19->r15 applies & overides r18->r6 applies & overides r15|","r6",0
1007,"r19","r19 applies|","r19",0
11824,"r19","r19 applies|","r19",0
16571,"r19","r19 applies|","r19",0
23381,"r19","r19 applies|","r19",0
4299,"r19","r19 applies|","r19",0
12932,"r19","r19 applies|","r19",0
28223,"r19","r19 applies|","r19",0
8620,"r20","r20 applies|","r20",0
2284,"r19","r19 applies|","r19",0
23005,"r19","r19 applies|","r19",0
13808,"r19","r19 applies|","r19",0
22823,"r19","r19 applies|","r19",0
4247,"r19","r19 applies|","r19",0
6149,"r19","r19 applies|","r19",0
15172,"r20","r20 applies|","r20",0
16500,"r20","r20 applies|","r20",0
23563,"r19","r19 applies|","r19",0
24471,"r19","r19 applies|","r19",0
30564,"r20","r20 applies|","r20",0
461,"r19","r19 applies|","r19",0
18645,"r19","r19 applies|","r19",0
44083,"r19","r19 applies|","r19",0
8889,"r19","r19 applies|","r19",0
30481,"r19","r19 applies|","r19",0
9119,"r19","r19 applies|","r19",0
39090,"r19","r19 applies|","r19",0
15732,"r20","r20 applies|","r20",0
36408,"r19","r19 applies|","r19",0
38945,"r19","r19 applies|","r19",0
17702,"r19","r19 applies|","r19",0
39872,"r19","r19 applies|","r19",0
30146,"r19","r19 applies|","r19",0
38482,"r8 r18 r19","r19 applies->r18 applies & overides r19->r8 applies & overides r18|","r8",0
21183,"r19","r19 applies|","r19",0
32930,"r20","r20 applies|","r20",0
12827,"r20","r20 applies|","r20",0
7187,"r19","r19 applies|","r19",0
44036,"r19","r19 applies|","r19",0
27237,"r20","r20 applies|","r20",0
20785,"r20","r20 applies|","r20",0
2873,"r19","r19 applies|","r19",0
32085,"r19","r19 applies|","r19",0
38202,"r19","r19 applies|","r19",0
22423,"r19","r19 applies|","r19",0
37086,"r19","r19 applies|","r19",0
12743,"r19","r19 applies|","r19",0
6054,"r20","r20 applies|","r20",0
41368,"r19","r19 applies|","r19",0
25608,"r20","r20 applies|","r20",0
7255,"r19","r19 applies|","r19",0
28405,"r19","r19 applies|","r19",0
915,"r20","r20 applies|","r20",0
28525,"r19","r19 applies|","r19",0
21819,"r19","r19 applies|","r19",0
35559,"r20","r20 applies|","r20",0
32145,"r20","r20 applies|","r20",0
41341,"r19","r19 applies|","r19",0
2876,"r19","r19 applies|","r19",0
36871,"r19","r19 applies|","r19",0
27972,"r19","r19 applies|","r19",0
16580,"r19","r19 applies|","r19",0
7897,"r19","r19 applies|","r19",0
32604,"r20","r20 applies|","r20",0
4739,"r19","r19 applies|","r19",0
16930,"r19","r19 applies|","r19",0
487,"r20","r20 applies|","r20",0
24167,"r19","r19 applies|","r19",0
38935,"r20","r20 applies|","r20",0
5317,"r19","r19 applies|","r19",0
30050,"r19","r19 applies|","r19",0
7195,"r19","r19 applies|","r19",0
32083,"r19","r19 applies|","r19",0
7924,"r19","r19 applies|","r19",0
7091,"r20","r20 applies|","r20",0
3990,"r19","r19 applies|","r19",0
29164,"r19","r19 applies|","r19",0
35865,"r19","r19 applies|","r19",0
17692,"r19","r19 applies|","r19",0
25214,"r19","r19 applies|","r19",0
33582,"r19","r19 applies|","r19",0
19902,"r19","r19 applies|","r19",0
11279,"r19","r19 applies|","r19",0
16464,"r20","r20 applies|","r20",0
10726,"r19","r19 applies|","r19",0
36177,"r20","r20 applies|","r20",0
19651,"r19","r19 applies|","r19",0
23488,"r19","r19 applies|","r19",0
15238,"r19","r19 applies|","r19",0
10020,"r20","r20 applies|","r20",0
37274,"r19","r19 applies|","r19",0
19315,"r20","r20 applies|","r20",0
27700,"r19","r19 applies|","r19",0
5372,"r19","r19 applies|","r19",0
19342,"r19","r19 applies|","r19",0
7061,"r19","r19 applies|","r19",0
12871,"r19","r19 applies|","r19",0
42695,"r19","r19 applies|","r19",0
19578,"r19","r19 applies|","r19",0
20748,"r19","r19 applies|","r19",0
7884,"r19","r19 applies|","r19",0
28557,"r19","r19 applies|","r19",0
329,"r19","r19 applies|","r19",0
37769,"r19","r19 applies|","r19",0
4036,"r20","r20 applies|","r20",0
8624,"r19","r19 applies|","r19",0
24077,"r19","r19 applies|","r19",0
22824,"r19","r19 applies|","r19",0
26749,"r19","r19 applies|","r19",0
5268,"r20","r20 applies|","r20",0
34302,"r19","r19 applies|","r19",0
3617,"r19","r19 applies|","r19",0
35026,"r19","r19 applies|","r19",0
23072,"r19","r19 applies|","r19",0
10977,"r20","r20 applies|","r20",0
31291,"r19","r19 applies|","r19",0
210,"r19","r19 applies|","r19",0
2142,"r19","r19 applies|","r19",0
12039,"r19","r19 applies|","r19",0
12744,"r19","r19 applies|","r19",0
26774,"r19","r19 applies|","r19",0
16798,"r19","r19 applies|","r19",0
24161,"r19","r19 applies|","r19",0
37815,"r19","r19 applies|","r19",0
37898,"r19","r19 applies|","r19",0
14221,"r19","r19 applies|","r19",0
44780,"r0 r18 r19","r19 applies->r18 applies & overides r19->r0 applies & overides r18|","r0",1
10435,"r19","r19 applies|","r19",0
4847,"r19","r19 applies|","r19",0
28072,"r19","r19 applies|","r19",0
42115,"r19","r19 applies|","r19",0
28737,"r19","r19 applies|","r19",0
12983,"r19","r19 applies|","r19",0
16474,"r20","r20 applies|","r20",0
42410,"r19","r19 applies|","r19",0
15152,"r19","r19 applies|","r19",0
875,"r19","r19 applies|","r19",0
9088,"r20","r20 applies|","r20",0
18223,"r19","r19 applies|","r19",0
1662,"r19","r19 applies|","r19",0
3829,"r20","r20 applies|","r20",0
35968,"r19","r19 applies|","r19",0
5999,"r19","r19 applies|","r19",0
406,"r19","r19 applies|","r19",0
20030,"r20","r20 applies|","r20",0
39387,"r19","r19 applies|","r19",0
44001,"r19","r19 applies|","r19",0
40783,"r20","r20 applies|","r20",0
34545,"r19","r19 applies|","r19",0
42059,"r19","r19 applies|","r19",0
24253,"r19","r19 applies|","r19",0
12087,"r19","r19 applies|","r19",0
605,"r19","r19 applies|","r19",0
37673,"r19","r19 applies|","r19",0
34573,"r19","r19 applies|","r19",0
23409,"r19","r19 applies|","r19",0
18931,"r19","r19 applies|","r19",0
12311,"r19","r19 applies|","r19",0
4770,"r19","r19 applies|","r19",0
33189,"r19","r19 applies|","r19",0
32323,"r19","r19 applies|","r19",0
29775,"r19","r19 applies|","r19",0
37121,"r19","r19 applies|","r19",0
671,"r20","r20 applies|","r20",0
2009,"r19","r19 applies|","r19",0
662,"r20","r20 applies|","r20",0
16392,"r19","r19 applies|","r19",0
12644,"r19","r19 applies|","r19",0
35810,"r19","r19 applies|","r19",0
5428,"r20","r20 applies|","r20",0
35480,"r19","r19 applies|","r19",0
34358,"r19","r19 applies|","r19",0
37616,"r19","r19 applies|","r19",0
16311,"r19","r19 applies|","r19",0
1188,"r19","r19 applies|","r19",0
5556,"r20","r20 applies|","r20",0
44315,"r19","r19 applies|","r19",0
23783,"r19","r19 applies|","r19",0
9655,"r19","r19 applies|","r19",0
17549,"r19","r19 applies|","r19",0
40252,"r19","r19 applies|","r19",0
35893,"r19","r19 applies|","r19",0
2636,"r20","r20 applies|","r20",0
140,"r20","r20 applies|","r20",0
42959,"r13 r16 r20","r20 applies->r16 applies & overides r20->r13 applies & overides r16|","r13",1
6573,"r19","r19 applies|","r19",0
3672,"r19","r19 applies|","r19",0
44363,"r20","r20 applies|","r20",0
23189,"r19","r19 applies|","r19",0
17678,"r19","r19 applies|","r19",0
15567,"r19","r19 applies|","r19",0
27980,"r20","r20 applies|","r20",0
7077,"r19","r19 applies|","r19",0
39001,"r19","r19 applies|","r19",0
24507,"r14 r16 r20","r20 applies->r16 applies & overides r20->r14 applies & overides r16|","r14",1
25628,"r20","r20 applies|","r20",0
12873,"r20","r20 applies|","r20",0
10830,"r19","r19 applies|","r19",0
1057,"r20","r20 applies|","r20",0
18121,"r19","r19 applies|","r19",0
39101,"r19","r19 applies|","r19",0
10031,"r19","r19 applies|","r19",0
28234,"r19","r19 applies|","r19",0
21864,"r19","r19 applies|","r19",0
12606,"r19","r19 applies|","r19",0
4049,"r19","r19 applies|","r19",0
19316,"r19","r19 applies|","r19",0
31803,"r19","r19 applies|","r19",0
18060,"r20","r20 applies|","r20",0
26247,"r20","r20 applies|","r20",0
19779,"r19","r19 applies|","r19",0
194,"r19","r19 applies|","r19",0
22850,"r19","r19 applies|","r19",0
44960,"r19","r19 applies|","r19",0
30649,"r19","r19 applies|","r19",0
27623,"r19","r19 applies|","r19",0
2068,"r19","r19 applies|","r19",0
7649,"r19","r19 applies|","r19",0
21557,"r19","r19 applies|","r19",0
3495,"r19","r19 applies|","r19",0
16450,"r19","r19 applies|","r19",0
41425,"r19","r19 applies|","r19",0
18150,"r19","r19 applies|","r19",0
26538,"r19","r19 applies|","r19",0
11893,"r19","r19 applies|","r19",0
12633,"r19","r19 applies|","r19",0
13760,"r19","r19 applies|","r19",0
33177,"r19","r19 applies|","r19",0
21548,"r19","r19 applies|","r19",0
13764,"r19","r19 applies|","r19",0
35610,"r20","r20 applies|","r20",0
15517,"r19","r19 applies|","r19",0
33488,"r19","r19 applies|","r19",0
12561,"r19","r19 applies|","r19",0
19087,"r19","r19 applies|","r19",0
28081,"r19","r19 applies|","r19",0
2047,"r20","r20 applies|","r20",0
32990,"r19","r19 applies|","r19",0
5633,"r19","r19 applies|","r19",0
33231,"r19","r19 applies|","r19",0
9839,"r19","r19 applies|","r19",0
22148,"r20","r20 applies|","r20",0
34432,"r14 r16 r20","r20 applies->r16 applies & overides r20->r14 applies & overides r16|","r14",1
26467,"r19","r19 applies|","r19",0
6447,"r19","r19 applies|","r19",0
3663,"r19","r19 applies|","r19",0
26181,"r20","r20 applies|","r20",0
2925,"r19","r19 applies|","r19",0
12302,"r19","r19 applies|","r19",0
5573,"r19","r19 applies|","r19",0
3804,"r19","r19 applies|","r19",0
8654,"r19","r19 applies|","r19",0
2987,"r19","r19 applies|","r19",0
5374,"r19","r19 applies|","r19",0
9825,"r19","r19 applies|","r19",0
8724,"r19","r19 applies|","r19",0
33746,"r19","r19 applies|","r19",0
31399,"r19","r19 applies|","r19",0
43554,"r19","r19 applies|","r19",0
22431,"r19","r19 applies|","r19",0
4798,"r19","r19 applies|","r19",0
7561,"r19","r19 applies|","r19",0
40821,"r19","r19 applies|","r19",0
37860,"r19","r19 applies|","r19",0
8991,"r19","r19 applies|","r19",0
460,"r19","r19 applies|","r19",0
5315,"r19","r19 applies|","r19",0
39251,"r19","r19 applies|","r19",0
16557,"r19","r19 applies|","r19",0
4879,"r20","r20 applies|","r20",0
18731,"r19","r19 applies|","r19",0
12334,"r19","r19 applies|","r19",0
44753,"r20","r20 applies|","r20",0
1605,"r19","r19 applies|","r19",0
11484,"r19","r19 applies|","r19",0
709,"r19","r19 applies|","r19",0
16165,"r19","r19 applies|","r19",0
24477,"r19","r19 applies|","r19",0
39374,"r19","r19 applies|","r19",0
35805,"r19","r19 applies|","r19",0
13473,"r19","r19 applies|","r19",0
30545,"r19","r19 applies|","r19",0
16028,"r19","r19 applies|","r19",0
1108,"r20","r20 applies|","r20",0
34598,"r19","r19 applies|","r19",0
344,"r19","r19 applies|","r19",0
34581,"r19","r19 applies|","r19",0
25479,"r0 r18 r19","r19 applies->r18 applies & overides r19->r0 applies & overides r18|","r0",1
11194,"r19","r19 applies|","r19",0
14464,"r19","r19 applies|","r19",0
7784,"r19","r19 applies|","r19",0
14106,"r19","r19 applies|","r19",0
32211,"r19","r19 applies|","r19",0
11456,"r19","r19 applies|","r19",0
11142,"r20","r20 applies|","r20",0
21649,"r19","r19 applies|","r19",0
11788,"r20","r20 applies|","r20",0
13226,"r19","r19 applies|","r19",0
22910,"r20","r20 applies|","r20",0
36968,"r20","r20 applies|","r20",0
28109,"r20","r20 applies|","r20",0
10828,"r20","r20 applies|","r20",0
10217,"r19","r19 applies|","r19",0
3284,"r19","r19 applies|","r19",0
35155,"r19","r19 applies|","r19",0
28274,"r19","r19 applies|","r19",0
11758,"r19","r19 applies|","r19",0
39694,"r20","r20 applies|","r20",0
21646,"r19","r19 applies|","r19",0
18017,"r19","r19 applies|","r19",0
27344,"r19","r19 applies|","r19",0
14816,"r19","r19 applies|","r19",0
37391,"r20","r20 applies|","r20",0
31594,"r20","r20 applies|","r20",0
10185,"r19","r19 applies|","r19",0
34569,"r19","r19 applies|","r19",0
35661,"r19","r19 applies|","r19",0
13259,"r19","r19 applies|","r19",0
26335,"r19","r19 applies|","r19",0
2000,"r19","r19 applies|","r19",0
19526,"r19","r19 applies|","r19",0
15029,"r19","r19 applies|","r19",0
8202,"r19","r19 applies|","r19",0
5824,"r19","r19 applies|","r19",0
2160,"r19","r19 applies|","r19",0
22068,"r20","r20 applies|","r20",0
8706,"r19","r19 applies|","r19",0
1225,"r19","r19 applies|","r19",0
26377,"r19","r19 applies|","r19",0
24285,"r19","r19 applies|","r19",0
4586,"r19","r19 applies|","r19",0
7931,"r19","r19 applies|","r19",0
15198,"r19","r19 applies|","r19",0
24917,"r19","r19 applies|","r19",0
27681,"r19","r19 applies|","r19",0
11836,"r19","r19 applies|","r19",0
34723,"r19","r19 applies|","r19",0
35025,"r19","r19 applies|","r19",0
27902,"r19","r19 applies|","r19",0
17750,"r19","r19 applies|","r19",0
12095,"r19","r19 applies|","r19",0
31575,"r19","r19 applies|","r19",0
10709,"r19","r19 applies|","r19",0
22803,"r19","r19 applies|","r19",0
35473,"r19","r19 applies|","r19",0
5992,"r19","r19 applies|","r19",0
15613,"r19","r19 applies|","r19",0
20232,"r19","r19 applies|","r19",0
34482,"r19","r19 applies|","r19",0
34046,"r4 r10 r20","r20 applies->r10 applies & overides r20->r4 applies & overides r10|","r4",1
10456,"r19","r19 applies|","r19",0
10856,"r19","r19 applies|","r19",0
26114,"r19","r19 applies|","r19",0
19548,"r19","r19 applies|","r19",0
29925,"r19","r19 applies|","r19",0
31493,"r19","r19 applies|","r19",0
31095,"r19","r19 applies|","r19",0
34060,"r4 r10 r20","r20 applies->r10 applies & overides r20->r4 applies & overides r10|","r4",1
31863,"r20","r20 applies|","r20",0
2347,"r19","r19 applies|","r19",0
43858,"r19","r19 applies|","r19",0
40131,"r19","r19 applies|","r19",0
45128,"r19","r19 applies|","r19",0
42424,"r20","r20 applies|","r20",0
37862,"r19","r19 applies|","r19",0
14298,"r20","r20 applies|","r20",0
43335,"r19","r19 applies|","r19",0
40434,"r20","r20 applies|","r20",0
24934,"r20","r20 applies|","r20",0
30558,"r19","r19 applies|","r19",0
7598,"r19","r19 applies|","r19",0
3557,"r19","r19 applies|","r19",0
5085,"r19","r19 applies|","r19",0
30913,"r19","r19 applies|","r19",0
10896,"r19","r19 applies|","r19",0
44456,"r19","r19 applies|","r19",0
15255,"r19","r19 applies|","r19",0
11691,"r19","r19 applies|","r19",0
43082,"r20","r20 applies|","r20",0
34235,"r20","r20 applies|","r20",0
41072,"r20","r20 applies|","r20",0
29763,"r19","r19 applies|","r19",0
2866,"r20","r20 applies|","r20",0
44798,"r20","r20 applies|","r20",0
10047,"r19","r19 applies|","r19",0
4600,"r19","r19 applies|","r19",0
37631,"r19","r19 applies|","r19",0
34448,"r19","r19 applies|","r19",0
3313,"r19","r19 applies|","r19",0
28427,"r19","r19 applies|","r19",0
23970,"r19","r19 applies|","r19",0
24447,"r20","r20 applies|","r20",0
12145,"r19","r19 applies|","r19",0
27831,"r19","r19 applies|","r19",0
11313,"r20","r20 applies|","r20",0
43515,"r19","r19 applies|","r19",0
15667,"r19","r19 applies|","r19",0
30320,"r19","r19 applies|","r19",0
14671,"r19","r19 applies|","r19",0
35670,"r19","r19 applies|","r19",0
33795,"r19","r19 applies|","r19",0
8870,"r19","r19 applies|","r19",0
3924,"r20","r20 applies|","r20",0
44474,"r19","r19 applies|","r19",0
11486,"r20","r20 applies|","r20",0
266,"r19","r19 applies|","r19",0
16833,"r19","r19 applies|","r19",0
6515,"r19","r19 applies|","r19",0
20275,"r19","r19 applies|","r19",0
20986,"r19","r19 applies|","r19",0
8628,"r19","r19 applies|","r19",0
3267,"r19","r19 applies|","r19",0
2045,"r19","r19 applies|","r19",0
38426,"r19","r19 applies|","r19",0
28874,"r19","r19 applies|","r19",0
1656,"r19","r19 applies|","r19",0
34180,"r19","r19 applies|","r19",0
25175,"r19","r19 applies|","r19",0
41918,"r2 r16 r20","r20 applies->r16 applies & overides r20->r2 applies & overides r16|","r2",1
16701,"r19","r19 applies|","r19",0
3598,"r20","r20 applies|","r20",0
33575,"r19","r19 applies|","r19",0
16398,"r19","r19 applies|","r19",0
16116,"r19","r19 applies|","r19",0
38580,"r19","r19 applies|","r19",0
35395,"r19","r19 applies|","r19",0
27179,"r19","r19 applies|","r19",0
25670,"r19","r19 applies|","r19",0
30925,"r19","r19 applies|","r19",0
42338,"r19","r19 applies|","r19",0
19587,"r20","r20 applies|","r20",0
43042,"r1 r18 r19","r19 applies->r18 applies & overides r19->r1 applies & overides r18|","r1",1
1171,"r19","r19 applies|","r19",0
31001,"r20","r20 applies|","r20",0
40238,"r19","r19 applies|","r19",0
17551,"r20","r20 applies|","r20",0
15078,"r19","r19 applies|","r19",0
19068,"r19","r19 applies|","r19",0
40994,"r19","r19 applies|","r19",0
32061,"r19","r19 applies|","r19",0
30842,"r19","r19 applies|","r19",0
13466,"r19","r19 applies|","r19",0
9135,"r20","r20 applies|","r20",0
13809,"r20","r20 applies|","r20",0
33626,"r19","r19 applies|","r19",0
7848,"r19","r19 applies|","r19",0
16768,"r19","r19 applies|","r19",0
12143,"r19","r19 applies|","r19",0
16273,"r19","r19 applies|","r19",0
17185,"r19","r19 applies|","r19",0
44641,"r19","r19 applies|","r19",0
16922,"r19","r19 applies|","r19",0
23880,"r20","r20 applies|","r20",0
33080,"r20","r20 applies|","r20",0
2524,"r19","r19 applies|","r19",0
43818,"r19","r19 applies|","r19",0
39368,"r19","r19 applies|","r19",0
31823,"r20","r20 applies|","r20",0
29103,"r19","r19 applies|","r19",0
9598,"r19","r19 applies|","r19",0
42681,"r20","r20 applies|","r20",0
33407,"r19","r19 applies|","r19",0
17826,"r19","r19 applies|","r19",0
36876,"r19","r19 applies|","r19",0
28612,"r19","r19 applies|","r19",0
28313,"r19","r19 applies|","r19",0
16778,"r19","r19 applies|","r19",0
40432,"r19","r19 applies|","r19",0
19297,"r19","r19 applies|","r19",0
4912,"r20","r20 applies|","r20",0
35197,"r19","r19 applies|","r19",0
45063,"r19","r19 applies|","r19",0
41759,"r19","r19 applies|","r19",0
32321,"r19","r19 applies|","r19",0
26531,"r19","r19 applies|","r19",0
18708,"r19","r19 applies|","r19",0
18003,"r19","r19 applies|","r19",0
19701,"r19","r19 applies|","r19",0
3716,"r19","r19 applies|","r19",0
29196,"r19","r19 applies|","r19",0
2264,"r19","r19 applies|","r19",0
10254,"r19","r19 applies|","r19",0
38065,"r19","r19 applies|","r19",0
2234,"r19","r19 applies|","r19",0
9138,"r19","r19 applies|","r19",0
6928,"r19","r19 applies|","r19",0
28061,"r20","r20 applies|","r20",0
259,"r19","r19 applies|","r19",0
3368,"r19","r19 applies|","r19",0
16722,"r19","r19 applies|","r19",0
4406,"r19","r19 applies|","r19",0
9919,"r20","r20 applies|","r20",0
42932,"r19","r19 applies|","r19",0
4110,"r19","r19 applies|","r19",0
18204,"r19","r19 applies|","r19",0
6434,"r19","r19 applies|","r19",0
1797,"r19","r19 applies|","r19",0
16038,"r19","r19 applies|","r19",0
12084,"r19","r19 applies|","r19",0
12488,"r19","r19 applies|","r19",0
31047,"r19","r19 applies|","r19",0
27780,"r19","r19 applies|","r19",0
4101,"r19","r19 applies|","r19",0
1531,"r19","r19 applies|","r19",0
25762,"r19","r19 applies|","r19",0
21013,"r19","r19 applies|","r19",0
41598,"r19","r19 applies|","r19",0
2357,"r20","r20 applies|","r20",0
37292,"r19","r19 applies|","r19",0
17693,"r19","r19 applies|","r19",0
21879,"r19","r19 applies|","r19",0
14516,"r19","r19 applies|","r19",0
2176,"r19","r19 applies|","r19",0
27626,"r19","r19 applies|","r19",0
32161,"r19","r19 applies|","r19",0
25948,"r20","r20 applies|","r20",0
19070,"r20","r20 applies|","r20",0
3509,"r19","r19 applies|","r19",0
25417,"r20","r20 applies|","r20",0
35618,"r20","r20 applies|","r20",0
18303,"r19","r19 applies|","r19",0
1364,"r19","r19 applies|","r19",0
30750,"r19","r19 applies|","r19",0
13779,"r19","r19 applies|","r19",0
11098,"r19","r19 applies|","r19",0
18872,"r19","r19 applies|","r19",0
43200,"r19","r19 applies|","r19",0
27914,"r20","r20 applies|","r20",0
41853,"r19","r19 applies|","r19",0
2227,"r19","r19 applies|","r19",0
38863,"r19","r19 applies|","r19",0
45045,"r12 r15 r18 r19","r19 applies->r18 applies & overides r19->r15 applies & overides r18->r12 applies & overides r15|","r12",0
20403,"r19","r19 applies|","r19",0
27726,"r19","r19 applies|","r19",0
37919,"r19","r19 applies|","r19",0
5210,"r19","r19 applies|","r19",0
11608,"r19","r19 applies|","r19",0
5572,"r19","r19 applies|","r19",0
27567,"r19","r19 applies|","r19",0
39258,"r19","r19 applies|","r19",0
39045,"r19","r19 applies|","r19",0
40313,"r19","r19 applies|","r19",0
2356,"r19","r19 applies|","r19",0
23959,"r19","r19 applies|","r19",0
42126,"r19","r19 applies|","r19",0
12367,"r19","r19 applies|","r19",0
42551,"r20","r20 applies|","r20",0
15740,"r19","r19 applies|","r19",0
18747,"r19","r19 applies|","r19",0
24118,"r19","r19 applies|","r19",0
12035,"r19","r19 applies|","r19",0
32262,"r19","r19 applies|","r19",0
39718,"r19","r19 applies|","r19",0
42605,"r1 r18 r19","r19 applies->r18 applies & overides r19->r1 applies & overides r18|","r1",1
19338,"r19","r19 applies|","r19",0
24691,"r20","r20 applies|","r20",0
14933,"r20","r20 applies|","r20",0
37271,"r19","r19 applies|","r19",0
29135,"r19","r19 applies|","r19",0
12522,"r19","r19 applies|","r19",0
13486,"r19","r19 applies|","r19",0
14112,"r19","r19 applies|","r19",0
138,"r19","r19 applies|","r19",0
6269,"r19","r19 applies|","r19",0
3770,"r19","r19 applies|","r19",0
32640,"r19","r19 applies|","r19",0
15934,"r19","r19 applies|","r19",0
5733,"r19","r19 applies|","r19",0
34463,"r19","r19 applies|","r19",0
33470,"r19","r19 applies|","r19",0
36141,"r19","r19 applies|","r19",0
5248,"r19","r19 applies|","r19",0
12721,"r19","r19 applies|","r19",0
22655,"r19","r19 applies|","r19",0
31475,"r20","r20 applies|","r20",0
2156,"r19","r19 applies|","r19",0
20090,"r19","r19 applies|","r19",0
14292,"r19","r19 applies|","r19",0
19214,"r19","r19 applies|","r19",0
5378,"r19","r19 applies|","r19",0
19500,"r19","r19 applies|","r19",0
6332,"r19","r19 applies|","r19",0
17791,"r19","r19 applies|","r19",0
25281,"r19","r19 applies|","r19",0
39775,"r19","r19 applies|","r19",0
20965,"r19","r19 applies|","r19",0
786,"r20","r20 applies|","r20",0
14027,"r20","r20 applies|","r20",0
8793,"r19","r19 applies|","r19",0
34557,"r19","r19 applies|","r19",0
17323,"r19","r19 applies|","r19",0
3378,"r19","r19 applies|","r19",0
36859,"r19","r19 applies|","r19",0
12811,"r20","r20 applies|","r20",0
35277,"r19","r19 applies|","r19",0
37289,"r19","r19 applies|","r19",0
14820,"r19","r19 applies|","r19",0
6957,"r19","r19 applies|","r19",0
38599,"r19","r19 applies|","r19",0
18166,"r20","r20 applies|","r20",0
14176,"r20","r20 applies|","r20",0
15161,"r20","r20 applies|","r20",0
36683,"r19","r19 applies|","r19",0
2099,"r19","r19 applies|","r19",0
21365,"r19","r19 applies|","r19",0
18735,"r19","r19 applies|","r19",0
1977,"r19","r19 applies|","r19",0
9143,"r20","r20 applies|","r20",0
7810,"r19","r19 applies|","r19",0
3400,"r19","r19 applies|","r19",0
17991,"r19","r19 applies|","r19",0
39042,"r19","r19 applies|","r19",0
35307,"r20","r20 applies|","r20",0
16513,"r19","r19 applies|","r19",0
41235,"r0 r18 r19","r19 applies->r18 applies & overides r19->r0 applies & overides r18|","r0",1
36532,"r20","r20 applies|","r20",0
21409,"r20","r20 applies|","r20",0
17724,"r19","r19 applies|","r19",0
4682,"r20","r20 applies|","r20",0
38748,"r19","r19 applies|","r19",0
20329,"r19","r19 applies|","r19",0
32255,"r19","r19 applies|","r19",0
4672,"r20","r20 applies|","r20",0
12843,"r19","r19 applies|","r19",0
19008,"r19","r19 applies|","r19",0
31457,"r20","r20 applies|","r20",0
12850,"r20","r20 applies|","r20",0
30967,"r19","r19 applies|","r19",0
30366,"r19","r19 applies|","r19",0
3281,"r19","r19 applies|","r19",0
40167,"r20","r20 applies|","r20",0
3641,"r19","r19 applies|","r19",0
34957,"r20","r20 applies|","r20",0
2725,"r19","r19 applies|","r19",0
38773,"r19","r19 applies|","r19",0
25723,"r19","r19 applies|","r19",0
23780,"r20","r20 applies|","r20",0
21943,"r19","r19 applies|","r19",0
12648,"r20","r20 applies|","r20",0
39699,"r19","r19 applies|","r19",0
37407,"r19","r19 applies|","r19",0
44409,"r19","r19 applies|","r19",0
23917,"r19","r19 applies|","r19",0
4563,"r19","r19 applies|","r19",0
15631,"r19","r19 applies|","r19",0
23589,"r19","r19 applies|","r19",0
23524,"r19","r19 applies|","r19",0
12397,"r19","r19 applies|","r19",0
21546,"r19","r19 applies|","r19",0
26431,"r19","r19 applies|","r19",0
25292,"r19","r19 applies|","r19",0
35058,"r20","r20 applies|","r20",0
32121,"r19","r19 applies|","r19",0
28036,"r19","r19 applies|","r19",0
21436,"r19","r19 applies|","r19",0
33133,"r19","r19 applies|","r19",0
21386,"r20","r20 applies|","r20",0
31642,"r19","r19 applies|","r19",0
25763,"r20","r20 applies|","r20",0
28447,"r19","r19 applies|","r19",0
40933,"r20","r20 applies|","r20",0
13910,"r19","r19 applies|","r19",0
44867,"r19","r19 applies|","r19",0
38177,"r19","r19 applies|","r19",0
9633,"r19","r19 applies|","r19",0
41238,"r20","r20 applies|","r20",0
41730,"r11 r16 r20","r20 applies->r16 applies & overides r20->r11 applies & overides r16|","r11",1
32837,"r19","r19 applies|","r19",0
12575,"r20","r20 applies|","r20",0
41155,"r20","r20 applies|","r20",0
39561,"r19","r19 applies|","r19",0
11655,"r19","r19 applies|","r19",0
18522,"r19","r19 applies|","r19",0
8336,"r20","r20 applies|","r20",0
13295,"r19","r19 applies|","r19",0
34110,"r19","r19 applies|","r19",0
44303,"r19","r19 applies|","r19",0
24742,"r19","r19 applies|","r19",0
24132,"r19","r19 applies|","r19",0
13857,"r20","r20 applies|","r20",0
24521,"r19","r19 applies|","r19",0
25718,"r19","r19 applies|","r19",0
6237,"r19","r19 applies|","r19",0
30954,"r19","r19 applies|","r19",0
1927,"r19","r19 applies|","r19",0
352,"r20","r20 applies|","r20",0
42084,"r19","r19 applies|","r19",0
17272,"r19","r19 applies|","r19",0
27174,"r20","r20 applies|","r20",0
9202,"r19","r19 applies|","r19",0
40756,"r1 r18 r19","r19 applies->r18 applies & overides r19->r1 applies & overides r18|","r1",1
39575,"r19","r19 applies|","r19",0
25679,"r19","r19 applies|","r19",0
23332,"r20","r20 applies|","r20",0
2088,"r19","r19 applies|","r19",0
30489,"r19","r19 applies|","r19",0
12071,"r19","r19 applies|","r19",0
39988,"r19","r19 applies|","r19",0
2425,"r19","r19 applies|","r19",0
25185,"r19","r19 applies|","r19",0
32247,"r14 r16 r20","r20 applies->r16 applies & overides r20->r14 applies & overides r16|","r14",1
14708,"r19","r19 applies|","r19",0
41750,"r19","r19 applies|","r19",0
86,"r20","r20 applies|","r20",0
23470,"r19","r19 applies|","r19",0
34179,"r19","r19 applies|","r19",0
24586,"r19","r19 applies|","r19",0
28025,"r19","r19 applies|","r19",0
2106,"r19","r19 applies|","r19",0
10625,"r20","r20 applies|","r20",0
23160,"r19","r19 applies|","r19",0
35424,"r19","r19 applies|","r19",0
32101,"r19","r19 applies|","r19",0
1363,"r19","r19 applies|","r19",0
5722,"r19","r19 applies|","r19",0
4664,"r19","r19 applies|","r19",0
34104,"r19","r19 applies|","r19",0
27128,"r19","r19 applies|","r19",0
11205,"r19","r19 applies|","r19",0
24332,"r19","r19 applies|","r19",0
7635,"r20","r20 applies|","r20",0
13294,"r19","r19 applies|","r19",0
34130,"r19","r19 applies|","r19",0
35548,"r19","r19 applies|","r19",0
42621,"r20","r20 applies|","r20",0
26742,"r20","r20 applies|","r20",0
42043,"r19","r19 applies|","r19",0
28895,"r19","r19 applies|","r19",0
44837,"r19","r19 applies|","r19",0
40705,"r19","r19 applies|","r19",0
18845,"r19","r19 applies|","r19",0
3883,"r19","r19 applies|","r19",0
999,"r20","r20 applies|","r20",0
35946,"r20","r20 applies|","r20",0
36900,"r20","r20 applies|","r20",0
35325,"r19","r19 applies|","r19",0
33017,"r19","r19 applies|","r19",0
9351,"r19","r19 applies|","r19",0
36012,"r19","r19 applies|","r19",0
8918,"r19","r19 applies|","r19",0
12989,"r19","r19 applies|","r19",0
36187,"r19","r19 applies|","r19",0
21762,"r19","r19 applies|","r19",0
33650,"r19","r19 applies|","r19",0
39879,"r0 r18 r19","r19 applies->r18 applies & overides r19->r0 applies & overides r18|","r0",1
28890,"r19","r19 applies|","r19",0
2898,"r20","r20 applies|","r20",0
14204,"r20","r20 applies|","r20",0
11491,"r19","r19 applies|","r19",0
27582,"r19","r19 applies|","r19",0
15292,"r19","r19 applies|","r19",0
25614,"r19","r19 applies|","r19",0
43343,"r1 r18 r19","r19 applies->r18 applies & overides r19->r1 applies & overides r18|","r1",1
40631,"r2 r16 r20","r20 applies->r16 applies & overides r20->r2 applies & overides r16|","r2",1
7236,"r20","r20 applies|","r20",0
16708,"r19","r19 applies|","r19",0
2574,"r19","r19 applies|","r19",0
7961,"r19","r19 applies|","r19",0
31772,"r5 r10 r20","r20 applies->r10 applies & overides r20->r5 applies & overides r10|","r5",1
35999,"r19","r19 applies|","r19",0
4167,"r19","r19 applies|","r19",0
34134,"r19","r19 applies|","r19",0
21803,"r19","r19 applies|","r19",0
36776,"r19","r19 applies|","r19",0
19762,"r19","r19 applies|","r19",0
727,"r19","r19 applies|","r19",0
2416,"r20","r20 applies|","r20",0
22095,"r19","r19 applies|","r19",0
36146,"r19","r19 applies|","r19",0
22538,"r19","r19 applies|","r19",0
23924,"r19","r19 applies|","r19",0
26699,"r19","r19 applies|","r19",0
10370,"r19","r19 applies|","r19",0
12011,"r19","r19 applies|","r19",0
11611,"r20","r20 applies|","r20",0
43800,"r2 r16 r20","r20 applies->r16 applies & overides r20->r2 applies & overides r16|","r2",1
41196,"r19","r19 applies|","r19",0
35768,"r19","r19 applies|","r19",0
11494,"r19","r19 applies|","r19",0
42433,"r19","r19 applies|","r19",0
24778,"r19","r19 applies|","r19",0
14698,"r19","r19 applies|","r19",0
45123,"r19","r19 applies|","r19",0
42758,"r19","r19 applies|","r19",0
30978,"r19","r19 applies|","r19",0
11732,"r19","r19 applies|","r19",0
14891,"r19","r19 applies|","r19",0
16122,"r20","r20 applies|","r20",0
34998,"r20","r20 applies|","r20",0
40527,"r20","r20 applies|","r20",0
26280,"r19","r19 applies|","r19",0
16790,"r19","r19 applies|","r19",0
1467,"r19","r19 applies|","r19",0
6777,"r19","r19 applies|","r19",0
14242,"r19","r19 applies|","r19",0
1866,"r19","r19 applies|","r19",0
11907,"r19","r19 applies|","r19",0
27171,"r19","r19 applies|","r19",0
2904,"r19","r19 applies|","r19",0
40227,"r0 r18 r19","r19 applies->r18 applies & overides r19->r0 applies & overides r18|","r0",1
14841,"r19","r19 applies|","r19",0
20642,"r19","r19 applies|","r19",0
13939,"r19","r19 applies|","r19",0
25952,"r20","r20 applies|","r20",0
35351,"r19","r19 applies|","r19",0
36995,"r19","r19 applies|","r19",0
9434,"r19","r19 applies|","r19",0
18299,"r19","r19 applies|","r19",0
22637,"r19","r19 applies|","r19",0
27414,"r19","r19 applies|","r19",0
29225,"r20","r20 applies|","r20",0
43076,"r19","r19 applies|","r19",0
42963,"r19","r19 applies|","r19",0
11818,"r19","r19 applies|","r19",0
34135,"r19","r19 applies|","r19",0
20481,"r20","r20 applies|","r20",0
890,"r19","r19 applies|","r19",0
23382,"r19","r19 applies|","r19",0
23654,"r19","r19 applies|","r19",0
5748,"r19","r19 applies|","r19",0
22159,"r19","r19 applies|","r19",0
23983,"r19","r19 applies|","r19",0
22919,"r19","r19 applies|","r19",0
27616,"r19","r19 applies|","r19",0
42951,"r19","r19 applies|","r19",0
39333,"r19","r19 applies|","r19",0
11916,"r19","r19 applies|","r19",0
18092,"r20","r20 applies|","r20",0
31813,"r19","r19 applies|","r19",0
12604,"r19","r19 applies|","r19",0
17762,"r20","r20 applies|","r20",0
13974,"r19","r19 applies|","r19",0
30352,"r20","r20 applies|","r20",0
1748,"r19","r19 applies|","r19",0
36113,"r19","r19 applies|","r19",0
32284,"r19","r19 applies|","r19",0
17689,"r20","r20 applies|","r20",0
20633,"r19","r19 applies|","r19",0
38673,"r20","r20 applies|","r20",0
28839,"r19","r19 applies|","r19",0
3253,"r19","r19 applies|","r19",0
10560,"r19","r19 applies|","r19",0
694,"r19","r19 applies|","r19",0
21920,"r19","r19 applies|","r19",0
5187,"r19","r19 applies|","r19",0
9350,"r19","r19 applies|","r19",0
36364,"r19","r19 applies|","r19",0
20052,"r19","r19 applies|","r19",0
12403,"r19","r19 applies|","r19",0
42151,"r19","r19 applies|","r19",0
40689,"r19","r19 applies|","r19",0
14492,"r19","r19 applies|","r19",0
9811,"r19","r19 applies|","r19",0
27952,"r19","r19 applies|","r19",0
42602,"r19","r19 applies|","r19",0
13870,"r19","r19 applies|","r19",0
17960,"r19","r19 applies|","r19",0
25379,"r19","r19 applies|","r19",0
19407,"r20","r20 applies|","r20",0
44902,"r19","r19 applies|","r19",0
19825,"r19","r19 applies|","r19",0
39724,"r12 r15 r18 r19","r19 applies->r18 applies & overides r19->r15 applies & overides r18->r12 applies & overides r15|","r12",0
25516,"r19","r19 applies|","r19",0
9177,"r19","r19 applies|","r19",0
6759,"r19","r19 applies|","r19",0
25563,"r20","r20 applies|","r20",0
714,"r19","r19 applies|","r19",0
26981,"r19","r19 applies|","r19",0
18567,"r20","r20 applies|","r20",0
15809,"r19","r19 applies|","r19",0
44150,"r19","r19 applies|","r19",0
2929,"r19","r19 applies|","r19",0
214,"r19","r19 applies|","r19",0
25892,"r19","r19 applies|","r19",0
16180,"r20","r20 applies|","r20",0
32423,"r0 r18 r19","r19 applies->r18 applies & overides r19->r0 applies & overides r18|","r0",1
44766,"r19","r19 applies|","r19",0
17022,"r19","r19 applies|","r19",0
21990,"r19","r19 applies|","r19",0
34306,"r19","r19 applies|","r19",0
30747,"r19","r19 applies|","r19",0
23003,"r19","r19 applies|","r19",0
36344,"r19","r19 applies|","r19",0
33303,"r20","r20 applies|","r20",0
38083,"r19","r19 applies|","r19",0
3524,"r20","r20 applies|","r20",0
19521,"r20","r20 applies|","r20",0
3225,"r20","r20 applies|","r20",0
44086,"r19","r19 applies|","r19",0
36041,"r19","r19 applies|","r19",0
15528,"r19","r19 applies|","r19",0
39050,"r19","r19 applies|","r19",0
32099,"r19","r19 applies|","r19",0
42926,"r19","r19 applies|","r19",0
16286,"r19","r19 applies|","r19",0
8734,"r19","r19 applies|","r19",0
30161,"r19","r19 applies|","r19",0
24509,"r19","r19 applies|","r19",0
1152,"r19","r19 applies|","r19",0
38891,"r19","r19 applies|","r19",0
31849,"r19","r19 applies|","r19",0
2098,"r19","r19 applies|","r19",0
7676,"r19","r19 applies|","r19",0
32899,"r20","r20 applies|","r20",0
34541,"r19","r19 applies|","r19",0
13069,"r19","r19 applies|","r19",0
19879,"r19","r19 applies|","r19",0
38272,"r19","r19 applies|","r19",0
24341,"r19","r19 applies|","r19",0
1146,"r19","r19 applies|","r19",0
15559,"r19","r19 applies|","r19",0
7627,"r19","r19 applies|","r19",0
28159,"r19","r19 applies|","r19",0
12694,"r19","r19 applies|","r19",0
6854,"r19","r19 applies|","r19",0
4176,"r19","r19 applies|","r19",0
32419,"r20","r20 applies|","r20",0
994,"r19","r19 applies|","r19",0
33011,"r19","r19 applies|","r19",0
23403,"r19","r19 applies|","r19",0
33009,"r20","r20 applies|","r20",0
29098,"r19","r19 applies|","r19",0
11153,"r19","r19 applies|","r19",0
4086,"r19","r19 applies|","r19",0
9319,"r20","r20 applies|","r20",0
8447,"r19","r19 applies|","r19",0
2339,"r19","r19 applies|","r19",0
42080,"r19","r19 applies|","r19",0
20677,"r19","r19 applies|","r19",0
12490,"r19","r19 applies|","r19",0
43195,"r20","r20 applies|","r20",0
2849,"r19","r19 applies|","r19",0
13684,"r19","r19 applies|","r19",0
6632,"r20","r20 applies|","r20",0
10597,"r19","r19 applies|","r19",0
35081,"r20","r20 applies|","r20",0
39944,"r19","r19 applies|","r19",0
29139,"r19","r19 applies|","r19",0
9433,"r19","r19 applies|","r19",0
7758,"r20","r20 applies|","r20",0
38513,"r19","r19 applies|","r19",0
43301,"r19","r19 applies|","r19",0
7209,"r19","r19 applies|","r19",0
18016,"r20","r20 applies|","r20",0
1821,"r19","r19 applies|","r19",0
36174,"r20","r20 applies|","r20",0
29557,"r19","r19 applies|","r19",0
39184,"r20","r20 applies|","r20",0
18295,"r19","r19 applies|","r19",0
42584,"r19","r19 applies|","r19",0
21367,"r19","r19 applies|","r19",0
16815,"r20","r20 applies|","r20",0
21147,"r20","r20 applies|","r20",0
13954,"r19","r19 applies|","r19",0
19537,"r20","r20 applies|","r20",0
24712,"r19","r19 applies|","r19",0
32125,"r20","r20 applies|","r20",0
43985,"r19","r19 applies|","r19",0
6838,"r19","r19 applies|","r19",0
20522,"r19","r19 applies|","r19",0
17431,"r19","r19 applies|","r19",0
1631,"r19","r19 applies|","r19",0
33352,"r19","r19 applies|","r19",0
24782,"r20","r20 applies|","r20",0
36348,"r19","r19 applies|","r19",0
28632,"r19","r19 applies|","r19",0
15430,"r20","r20 applies|","r20",0
34277,"r20","r20 applies|","r20",0
43885,"r19","r19 applies|","r19",0
19021,"r19","r19 applies|","r19",0
24046,"r20","r20 applies|","r20",0
44700,"r19","r19 applies|","r19",0
38036,"r19","r19 applies|","r19",0
34450,"r20","r20 applies|","r20",0
5701,"r19","r19 applies|","r19",0
17515,"r19","r19 applies|","r19",0
30059,"r20","r20 applies|","r20",0
25293,"r19","r19 applies|","r19",0
6031,"r19","r19 applies|","r19",0
23848,"r19","r19 applies|","r19",0
9057,"r19","r19 applies|","r19",0
10767,"r19","r19 applies|","r19",0
4084,"r19","r19 applies|","r19",0
9218,"r19","r19 applies|","r19",0
5610,"r19","r19 applies|","r19",0
21161,"r19","r19 applies|","r19",0
23874,"r20","r20 applies|","r20",0
12854,"r19","r19 applies|","r19",0
34310,"r17 r18 r19","r19 applies->r18 applies & overides r19->r17 applies & overides r18|","r17",0
14973,"r20","r20 applies|","r20",0
6074,"r20","r20 applies|","r20",0
11547,"r20","r20 applies|","r20",0
42449,"r14 r16 r20","r20 applies->r16 applies & overides r20->r14 applies & overides r16|","r14",1
2006,"r19","r19 applies|","r19",0
12107,"r19","r19 applies|","r19",0
2590,"r19","r19 applies|","r19",0
18811,"r19","r19 applies|","r19",0
11040,"r19","r19 applies|","r19",0
16321,"r19","r19 applies|","r19",0
20243,"r19","r19 applies|","r19",0
1553,"r19","r19 applies|","r19",0
33227,"r19","r19 applies|","r19",0
34839,"r19","r19 applies|","r19",0
7409,"r20","r20 applies|","r20",0
10642,"r19","r19 applies|","r19",0
10886,"r19","r19 applies|","r19",0
37739,"r19","r19 applies|","r19",0
2270,"r19","r19 applies|","r19",0
24719,"r19","r19 applies|","r19",0
6004,"r19","r19 applies|","r19",0
4198,"r19","r19 applies|","r19",0
12847,"r19","r19 applies|","r19",0
30071,"r20","r20 applies|","r20",0
31364,"r19","r19 applies|","r19",0
11959,"r19","r19 applies|","r19",0
31010,"r19","r19 applies|","r19",0
25630,"r19","r19 applies|","r19",0
19264,"r19","r19 applies|","r19",0
27470,"r20","r20 applies|","r20",0
7588,"r19","r19 applies|","r19",0
24491,"r19","r19 applies|","r19",0
28126,"r19","r19 applies|","r19",0
43829,"r20","r20 applies|","r20",0
31558,"r19","r19 applies|","r19",0
11979,"r19","r19 applies|","r19",0
30806,"r19","r19 applies|","r19",0
34626,"r19","r19 applies|","r19",0
27994,"r19","r19 applies|","r19",0
40548,"r20","r20 applies|","r20",0
18253,"r19","r19 applies|","r19",0
7232,"r19","r19 applies|","r19",0
35389,"r19","r19 applies|","r19",0
30534,"r19","r19 applies|","r19",0
29572,"r20","r20 applies|","r20",0
9039,"r20","r20 applies|","r20",0
20942,"r19","r19 applies|","r19",0
23230,"r19","r19 applies|","r19",0
16609,"r19","r19 applies|","r19",0
36848,"r19","r19 applies|","r19",0
19824,"r20","r20 applies|","r20",0
25520,"r19","r19 applies|","r19",0
10844,"r20","r20 applies|","r20",0
33541,"r19","r19 applies|","r19",0
11789,"r19","r19 applies|","r19",0
19667,"r20","r20 applies|","r20",0
14088,"r19","r19 applies|","r19",0
30684,"r19","r19 applies|","r19",0
10174,"r19","r19 applies|","r19",0
38710,"r19","r19 applies|","r19",0
32468,"r20","r20 applies|","r20",0
38059,"r19","r19 applies|","r19",0
5486,"r19","r19 applies|","r19",0
30973,"r19","r19 applies|","r19",0
6027,"r19","r19 applies|","r19",0
28154,"r19","r19 applies|","r19",0
4761,"r19","r19 applies|","r19",0
16776,"r20","r20 applies|","r20",0
14756,"r19","r19 applies|","r19",0
41440,"r20","r20 applies|","r20",0
10513,"r20","r20 applies|","r20",0
32105,"r19","r19 applies|","r19",0
681,"r19","r19 applies|","r19",0
15603,"r19","r19 applies|","r19",0
29292,"r20","r20 applies|","r20",0
25836,"r20","r20 applies|","r20",0
7833,"r19","r19 applies|","r19",0
10903,"r19","r19 applies|","r19",0
13657,"r19","r19 applies|","r19",0
20682,"r20","r20 applies|","r20",0
10272,"r19","r19 applies|","r19",0
10355,"r19","r19 applies|","r19",0
20665,"r19","r19 applies|","r19",0
15940,"r19","r19 applies|","r19",0
41938,"r0 r18 r19","r19 applies->r18 applies & overides r19->r0 applies & overides r18|","r0",1
3701,"r19","r19 applies|","r19",0
38778,"r19","r19 applies|","r19",0
36096,"r19","r19 applies|","r19",0
41951,"r19","r19 applies|","r19",0
39703,"r20","r20 applies|","r20",0
31834,"r19","r19 applies|","r19",0
38678,"r19","r19 applies|","r19",0
7591,"r20","r20 applies|","r20",0
11189,"r19","r19 applies|","r19",0
18482,"r19","r19 applies|","r19",0
21374,"r19","r19 applies|","r19",0
40815,"r19","r19 applies|","r19",0
2884,"r19","r19 applies|","r19",0
8994,"r20","r20 applies|","r20",0
20253,"r20","r20 applies|","r20",0
28103,"r20","r20 applies|","r20",0
40658,"r19","r19 applies|","r19",0
15898,"r20","r20 applies|","r20",0
39463,"r19","r19 applies|","r19",0
41277,"r20","r20 applies|","r20",0
42680,"r20","r20 applies|","r20",0
11991,"r19","r19 applies|","r19",0
15824,"r20","r20 applies|","r20",0
15138,"r19","r19 applies|","r19",0
4504,"r19","r19 applies|","r19",0
8859,"r20","r20 applies|","r20",0
38179,"r19","r19 applies|","r19",0
6606,"r19","r19 applies|","r19",0
18837,"r19","r19 applies|","r19",0
19535,"r19","r19 applies|","r19",0
2716,"r19","r19 applies|","r19",0
4902,"r19","r19 applies|","r19",0
1673,"r19","r19 applies|","r19",0
9693,"r19","r19 applies|","r19",0
9287,"r19","r19 applies|","r19",0
26683,"r20","r20 applies|","r20",0
26679,"r19","r19 applies|","r19",0
820,"r19","r19 applies|","r19",0
25851,"r19","r19 applies|","r19",0
1454,"r20","r20 applies|","r20",0
10883,"r19","r19 applies|","r19",0
36377,"r20","r20 applies|","r20",0
18878,"r19","r19 applies|","r19",0
34893,"r19","r19 applies|","r19",0
4493,"r20","r20 applies|","r20",0
39108,"r20","r20 applies|","r20",0
35029,"r19","r19 applies|","r19",0
41434,"r19","r19 applies|","r19",0
39748,"r19","r19 applies|","r19",0
17420,"r19","r19 applies|","r19",0
20272,"r20","r20 applies|","r20",0
25229,"r19","r19 applies|","r19",0
13013,"r19","r19 applies|","r19",0
10311,"r19","r19 applies|","r19",0
28871,"r19","r19 applies|","r19",0
31409,"r19","r19 applies|","r19",0
7495,"r19","r19 applies|","r19",0
43240,"r19","r19 applies|","r19",0
32633,"r19","r19 applies|","r19",0
23643,"r19","r19 applies|","r19",0
22174,"r19","r19 applies|","r19",0
26393,"r19","r19 applies|","r19",0
35933,"r19","r19 applies|","r19",0
36091,"r19","r19 applies|","r19",0
12447,"r19","r19 applies|","r19",0
6745,"r19","r19 applies|","r19",0
26500,"r19","r19 applies|","r19",0
45199,"r19","r19 applies|","r19",0
3021,"r20","r20 applies|","r20",0
31800,"r19","r19 applies|","r19",0
24847,"r19","r19 applies|","r19",0
18815,"r19","r19 applies|","r19",0
9391,"r19","r19 applies|","r19",0
28433,"r19","r19 applies|","r19",0
41166,"r19","r19 applies|","r19",0
42979,"r13 r16 r20","r20 applies->r16 applies & overides r20->r13 applies & overides r16|","r13",1
42255,"r19","r19 applies|","r19",0
22117,"r20","r20 applies|","r20",0
44225,"r19","r19 applies|","r19",0
17585,"r19","r19 applies|","r19",0
16867,"r19","r19 applies|","r19",0
19052,"r19","r19 applies|","r19",0
23353,"r19","r19 applies|","r19",0
35299,"r19","r19 applies|","r19",0
14259,"r19","r19 applies|","r19",0
30128,"r19","r19 applies|","r19",0
3535,"r20","r20 applies|","r20",0
30108,"r19","r19 applies|","r19",0
35952,"r19","r19 applies|","r19",0
16173,"r19","r19 applies|","r19",0
11472,"r19","r19 applies|","r19",0
16198,"r19","r19 applies|","r19",0
21606,"r19","r19 applies|","r19",0
3251,"r19","r19 applies|","r19",0
3533,"r19","r19 applies|","r19",0
14619,"r19","r19 applies|","r19",0
775,"r19","r19 applies|","r19",0
39237,"r19","r19 applies|","r19",0
27802,"r19","r19 applies|","r19",0
13521,"r19","r19 applies|","r19",0
14621,"r19","r19 applies|","r19",0
40869,"r20","r20 applies|","r20",0
37179,"r20","r20 applies|","r20",0
20853,"r19","r19 applies|","r19",0
12109,"r19","r19 applies|","r19",0
11772,"r19","r19 applies|","r19",0
10697,"r19","r19 applies|","r19",0
20450,"r19","r19 applies|","r19",0
35236,"r20","r20 applies|","r20",0
29346,"r19","r19 applies|","r19",0
33992,"r0 r18 r19","r19 applies->r18 applies & overides r19->r0 applies & overides r18|","r0",1
34702,"r19","r19 applies|","r19",0
41340,"r19","r19 applies|","r19",0
18485,"r19","r19 applies|","r19",0
4191,"r19","r19 applies|","r19",0
22866,"r19","r19 applies|","r19",0
20286,"r19","r19 applies|","r19",0
25378,"r19","r19 applies|","r19",0
7387,"r20","r20 applies|","r20",0
3099,"r20","r20 applies|","r20",0
27102,"r20","r20 applies|","r20",0
12798,"r19","r19 applies|","r19",0
41252,"r20","r20 applies|","r20",0
37329,"r20","r20 applies|","r20",0
28265,"r19","r19 applies|","r19",0
1126,"r19","r19 applies|","r19",0
15119,"r19","r19 applies|","r19",0
32609,"r13 r16 r20","r20 applies->r16 applies & overides r20->r13 applies & overides r16|","r13",1
37033,"r20","r20 applies|","r20",0
38109,"r19","r19 applies|","r19",0
18716,"r20","r20 applies|","r20",0
21359,"r19","r19 applies|","r19",0
7722,"r19","r19 applies|","r19",0
38931,"r19","r19 applies|","r19",0
20038,"r19","r19 applies|","r19",0
15338,"r19","r19 applies|","r19",0
17933,"r19","r19 applies|","r19",0
3206,"r19","r19 applies|","r19",0
40520,"r20","r20 applies|","r20",0
44183,"r19","r19 applies|","r19",0
2532,"r20","r20 applies|","r20",0
18233,"r19","r19 applies|","r19",0
11992,"r19","r19 applies|","r19",0
10627,"r20","r20 applies|","r20",0
26604,"r19","r19 applies|","r19",0
11122,"r20","r20 applies|","r20",0
27533,"r20","r20 applies|","r20",0
14159,"r19","r19 applies|","r19",0
6196,"r20","r20 applies|","r20",0
36910,"r19","r19 applies|","r19",0
12464,"r19","r19 applies|","r19",0
39262,"r19","r19 applies|","r19",0
1967,"r20","r20 applies|","r20",0
43462,"r19","r19 applies|","r19",0
18616,"r19","r19 applies|","r19",0
6229,"r20","r20 applies|","r20",0
27871,"r19","r19 applies|","r19",0
33243,"r19","r19 applies|","r19",0
29073,"r20","r20 applies|","r20",0
45036,"r3 r16 r20","r20 applies->r16 applies & overides r20->r3 applies & overides r16|","r3",1
4132,"r19","r19 applies|","r19",0
5461,"r20","r20 applies|","r20",0
32190,"r14 r16 r20","r20 applies->r16 applies & overides r20->r14 applies & overides r16|","r14",1
4894,"r19","r19 applies|","r19",0
18771,"r19","r19 applies|","r19",0
5638,"r19","r19 applies|","r19",0
39647,"r19","r19 applies|","r19",0
32532,"r19","r19 applies|","r19",0
23986,"r19","r19 applies|","r19",0
13743,"r19","r19 applies|","r19",0
6378,"r19","r19 applies|","r19",0
29097,"r19","r19 applies|","r19",0
19988,"r19","r19 applies|","r19",0
19333,"r19","r19 applies|","r19",0
42642,"r19","r19 applies|","r19",0
8234,"r19","r19 applies|","r19",0
22835,"r19","r19 applies|","r19",0
34438,"r8 r18 r19","r19 applies->r18 applies & overides r19->r8 applies & overides r18|","r8",0
30872,"r19","r19 applies|","r19",0
22660,"r19","r19 applies|","r19",0
29200,"r19","r19 applies|","r19",0
15472,"r19","r19 applies|","r19",0
19267,"r19","r19 applies|","r19",0
40358,"r19","r19 applies|","r19",0
38478,"r20","r20 applies|","r20",0
20594,"r19","r19 applies|","r19",0
27192,"r20","r20 applies|","r20",0
22286,"r19","r19 applies|","r19",0
4505,"r19","r19 applies|","r19",0
3355,"r19","r19 applies|","r19",0
39757,"r19","r19 applies|","r19",0
35375,"r19","r19 applies|","r19",0
35257,"r20","r20 applies|","r20",0
1888,"r19","r19 applies|","r19",0
25731,"r19","r19 applies|","r19",0
23867,"r19","r19 applies|","r19",0
21191,"r19","r19 applies|","r19",0
15900,"r19","r19 applies|","r19",0
8226,"r19","r19 applies|","r19",0
18189,"r20","r20 applies|","r20",0
44562,"r19","r19 applies|","r19",0
22305,"r20","r20 applies|","r20",0
15951,"r19","r19 applies|","r19",0
35161,"r19","r19 applies|","r19",0
37009,"r19","r19 applies|","r19",0
8086,"r19","r19 applies|","r19",0
3520,"r20","r20 applies|","r20",0
16127,"r20","r20 applies|","r20",0
24563,"r19","r19 applies|","r19",0
42987,"r3 r16 r20","r20 applies->r16 applies & overides r20->r3 applies & overides r16|","r3",1
34067,"r19","r19 applies|","r19",0
13841,"r19","r19 applies|","r19",0
806,"r19","r19 applies|","r19",0
30068,"r19","r19 applies|","r19",0
29788,"r20","r20 applies|","r20",0
3547,"r20","r20 applies|","r20",0
38982,"r19","r19 applies|","r19",0
23529,"r19","r19 applies|","r19",0
34382,"r20","r20 applies|","r20",0
29347,"r19","r19 applies|","r19",0
27211,"r19","r19 applies|","r19",0
23296,"r19","r19 applies|","r19",0
43014,"r11 r16 r20","r20 applies->r16 applies & overides r20->r11 applies & overides r16|","r11",1
8838,"r20","r20 applies|","r20",0
20263,"r19","r19 applies|","r19",0
9174,"r20","r20 applies|","r20",0
7554,"r19","r19 applies|","r19",0
16325,"r19","r19 applies|","r19",0
10986,"r19","r19 applies|","r19",0
21664,"r19","r19 applies|","r19",0
31267,"r19","r19 applies|","r19",0
40609,"r19","r19 applies|","r19",0
38933,"r19","r19 applies|","r19",0
43250,"r2 r16 r20","r20 applies->r16 applies & overides r20->r2 applies & overides r16|","r2",1
28825,"r19","r19 applies|","r19",0
14361,"r19","r19 applies|","r19",0
10905,"r19","r19 applies|","r19",0
325,"r19","r19 applies|","r19",0
31888,"r19","r19 applies|","r19",0
14436,"r19","r19 applies|","r19",0
42420,"r20","r20 applies|","r20",0
16652,"r19","r19 applies|","r19",0
7245,"r19","r19 applies|","r19",0
36222,"r19","r19 applies|","r19",0
23813,"r19","r19 applies|","r19",0
8691,"r19","r19 applies|","r19",0
680,"r19","r19 applies|","r19",0
28257,"r20","r20 applies|","r20",0
231,"r19","r19 applies|","r19",0
19524,"r19","r19 applies|","r19",0
21980,"r19","r19 applies|","r19",0
12813,"r19","r19 applies|","r19",0
15344,"r20","r20 applies|","r20",0
8755,"r19","r19 applies|","r19",0
38210,"r19","r19 applies|","r19",0
6133,"r20","r20 applies|","r20",0
21023,"r19","r19 applies|","r19",0
25969,"r19","r19 applies|","r19",0
15695,"r19","r19 applies|","r19",0
35203,"r19","r19 applies|","r19",0
5834,"r19","r19 applies|","r19",0
29632,"r19","r19 applies|","r19",0
43862,"r0 r18 r19","r19 applies->r18 applies & overides r19->r0 applies & overides r18|","r0",1
44283,"r19","r19 applies|","r19",0
42855,"r19","r19 applies|","r19",0
22848,"r19","r19 applies|","r19",0
5137,"r19","r19 applies|","r19",0
38941,"r19","r19 applies|","r19",0
15024,"r19","r19 applies|","r19",0
33271,"r19","r19 applies|","r19",0
11616,"r19","r19 applies|","r19",0
7505,"r19","r19 applies|","r19",0
18930,"r19","r19 applies|","r19",0
41654,"r11 r16 r20","r20 applies->r16 applies & overides r20->r11 applies & overides r16|","r11",1
4943,"r19","r19 applies|","r19",0
35357,"r19","r19 applies|","r19",0
44573,"r1 r18 r19","r19 applies->r18 applies & overides r19->r1 applies & overides r18|","r1",1
21961,"r20","r20 applies|","r20",0
7280,"r19","r19 applies|","r19",0
44718,"r0 r18 r19","r19 applies->r18 applies & overides r19->r0 applies & overides r18|","r0",1
14542,"r19","r19 applies|","r19",0
11684,"r19","r19 applies|","r19",0
43566,"r19","r19 applies|","r19",0
30029,"r19","r19 applies|","r19",0
23949,"r19","r19 applies|","r19",0
32322,"r19","r19 applies|","r19",0
9466,"r20","r20 applies|","r20",0
9890,"r19","r19 applies|","r19",0
25541,"r20","r20 applies|","r20",0
8049,"r19","r19 applies|","r19",0
40098,"r0 r18 r19","r19 applies->r18 applies & overides r19->r0 applies & overides r18|","r0",1
4756,"r19","r19 applies|","r19",0
37708,"r19","r19 applies|","r19",0
4168,"r19","r19 applies|","r19",0
32615,"r19","r19 applies|","r19",0
32754,"r19","r19 applies|","r19",0
13737,"r19","r19 applies|","r19",0
34497,"r19","r19 applies|","r19",0
37046,"r19","r19 applies|","r19",0
21290,"r19","r19 applies|","r19",0
7306,"r19","r19 applies|","r19",0
41163,"r20","r20 applies|","r20",0
34775,"r19","r19 applies|","r19",0
41394,"r20","r20 applies|","r20",0
31017,"r20","r20 applies|","r20",0
10283,"r19","r19 applies|","r19",0
44991,"r1 r18 r19","r19 applies->r18 applies & overides r19->r1 applies & overides r18|","r1",1
24636,"r19","r19 applies|","r19",0
38919,"r19","r19 applies|","r19",0
34666,"r19","r19 applies|","r19",0
18358,"r19","r19 applies|","r19",0
13152,"r19","r19 applies|","r19",0
9451,"r19","r19 applies|","r19",0
35757,"r19","r19 applies|","r19",0
29475,"r20","r20 applies|","r20",0
40585,"r19","r19 applies|","r19",0
9241,"r20","r20 applies|","r20",0
20951,"r19","r19 applies|","r19",0
35096,"r19","r19 applies|","r19",0
15413,"r20","r20 applies|","r20",0
43119,"r19","r19 applies|","r19",0
16777,"r19","r19 applies|","r19",0
8728,"r19","r19 applies|","r19",0
8179,"r19","r19 applies|","r19",0
22561,"r20","r20 applies|","r20",0
19276,"r20","r20 applies|","r20",0
34798,"r20","r20 applies|","r20",0
1973,"r19","r19 applies|","r19",0
41386,"r20","r20 applies|","r20",0
22979,"r19","r19 applies|","r19",0
23249,"r19","r19 applies|","r19",0
2756,"r19","r19 applies|","r19",0
37726,"r19","r19 applies|","r19",0
24937,"r20","r20 applies|","r20",0
27334,"r19","r19 applies|","r19",0
27853,"r19","r19 applies|","r19",0
42304,"r19","r19 applies|","r19",0
2028,"r19","r19 applies|","r19",0
24411,"r19","r19 applies|","r19",0
15557,"r19","r19 applies|","r19",0
33862,"r4 r10 r20","r20 applies->r10 applies & overides r20->r4 applies & overides r10|","r4",1
11582,"r19","r19 applies|","r19",0
39773,"r19","r19 applies|","r19",0
43046,"r17 r18 r19","r19 applies->r18 applies & overides r19->r17 applies & overides r18|","r17",0
7805,"r19","r19 applies|","r19",0
9538,"r19","r19 applies|","r19",0
29640,"r19","r19 applies|","r19",0
21498,"r19","r19 applies|","r19",0
10358,"r19","r19 applies|","r19",0
42787,"r19","r19 applies|","r19",0
13797,"r20","r20 applies|","r20",0
33767,"r19","r19 applies|","r19",0
11945,"r19","r19 applies|","r19",0
37211,"r19","r19 applies|","r19",0
12800,"r19","r19 applies|","r19",0
41930,"r19","r19 applies|","r19",0
17921,"r19","r19 applies|","r19",0
23238,"r19","r19 applies|","r19",0
38138,"r19","r19 applies|","r19",0
8100,"r20","r20 applies|","r20",0
11130,"r19","r19 applies|","r19",0
3093,"r19","r19 applies|","r19",0
18312,"r19","r19 applies|","r19",0
40634,"r20","r20 applies|","r20",0
20069,"r19","r19 applies|","r19",0
37573,"r20","r20 applies|","r20",0
3896,"r19","r19 applies|","r19",0
3908,"r19","r19 applies|","r19",0
45204,"r19","r19 applies|","r19",0
34253,"r19","r19 applies|","r19",0
42958,"r1 r18 r19","r19 applies->r18 applies & overides r19->r1 applies & overides r18|","r1",1
22557,"r19","r19 applies|","r19",0
29719,"r19","r19 applies|","r19",0
8355,"r19","r19 applies|","r19",0
39814,"r19","r19 applies|","r19",0
8319,"r19","r19 applies|","r19",0
32428,"r19","r19 applies|","r19",0
34249,"r19","r19 applies|","r19",0
6164,"r19","r19 applies|","r19",0
22351,"r19","r19 applies|","r19",0
8035,"r20","r20 applies|","r20",0
17506,"r20","r20 applies|","r20",0
3582,"r19","r19 applies|","r19",0
8361,"r19","r19 applies|","r19",0
34717,"r19","r19 applies|","r19",0
13182,"r19","r19 applies|","r19",0
31252,"r20","r20 applies|","r20",0
22903,"r19","r19 applies|","r19",0
12029,"r19","r19 applies|","r19",0
12524,"r20","r20 applies|","r20",0
14791,"r19","r19 applies|","r19",0
30892,"r19","r19 applies|","r19",0
20972,"r19","r19 applies|","r19",0
39501,"r19","r19 applies|","r19",0
9982,"r20","r20 applies|","r20",0
43806,"r19","r19 applies|","r19",0
22613,"r19","r19 applies|","r19",0
32962,"r19","r19 applies|","r19",0
8504,"r19","r19 applies|","r19",0
38554,"r19","r19 applies|","r19",0
29063,"r19","r19 applies|","r19",0
22129,"r19","r19 applies|","r19",0
2190,"r20","r20 applies|","r20",0
35812,"r19","r19 applies|","r19",0
32000,"r20","r20 applies|","r20",0
12378,"r19","r19 applies|","r19",0
220,"r19","r19 applies|","r19",0
38948,"r19","r19 applies|","r19",0
34983,"r19","r19 applies|","r19",0
9517,"r19","r19 applies|","r19",0
1869,"r19","r19 applies|","r19",0
16788,"r20","r20 applies|","r20",0
26813,"r19","r19 applies|","r19",0
17628,"r19","r19 applies|","r19",0
32637,"r19","r19 applies|","r19",0
4708,"r19","r19 applies|","r19",0
3781,"r19","r19 applies|","r19",0
219,"r19","r19 applies|","r19",0
13212,"r19","r19 applies|","r19",0
14026,"r19","r19 applies|","r19",0
4868,"r19","r19 applies|","r19",0
7877,"r19","r19 applies|","r19",0
14412,"r20","r20 applies|","r20",0
42018,"r19","r19 applies|","r19",0
5628,"r20","r20 applies|","r20",0
26220,"r19","r19 applies|","r19",0
23031,"r20","r20 applies|","r20",0
42581,"r20","r20 applies|","r20",0
38501,"r19","r19 applies|","r19",0
35745,"r19","r19 applies|","r19",0
10941,"r19","r19 applies|","r19",0
6929,"r19","r19 applies|","r19",0
7231,"r19","r19 applies|","r19",0
18004,"r19","r19 applies|","r19",0
244,"r19","r19 applies|","r19",0
32377,"r19","r19 applies|","r19",0
4258,"r19","r19 applies|","r19",0
7898,"r19","r19 applies|","r19",0
38422,"r19","r19 applies|","r19",0
8233,"r19","r19 applies|","r19",0
13137,"r20","r20 applies|","r20",0
24311,"r19","r19 applies|","r19",0
13148,"r19","r19 applies|","r19",0
28237,"r20","r20 applies|","r20",0
10605,"r19","r19 applies|","r19",0
6622,"r20","r20 applies|","r20",0
30770,"r19","r19 applies|","r19",0
18669,"r19","r19 applies|","r19",0
21856,"r19","r19 applies|","r19",0
20333,"r19","r19 applies|","r19",0
32084,"r19","r19 applies|","r19",0
4144,"r19","r19 applies|","r19",0
12487,"r19","r19 applies|","r19",0
33656,"r19","r19 applies|","r19",0
43345,"r19","r19 applies|","r19",0
28317,"r19","r19 applies|","r19",0
16940,"r19","r19 applies|","r19",0
29900,"r19","r19 applies|","r19",0
15575,"r19","r19 applies|","r19",0
823,"r19","r19 applies|","r19",0
24142,"r19","r19 applies|","r19",0
15657,"r19","r19 applies|","r19",0
41642,"r0 r18 r19","r19 applies->r18 applies & overides r19->r0 applies & overides r18|","r0",1
9153,"r19","r19 applies|","r19",0
34535,"r19","r19 applies|","r19",0
43465,"r5 r10 r20","r20 applies->r10 applies & overides r20->r5 applies & overides r10|","r5",1
44,"r20","r20 applies|","r20",0
41696,"r19","r19 applies|","r19",0
14615,"r19","r19 applies|","r19",0
8375,"r20","r20 applies|","r20",0
28408,"r19","r19 applies|","r19",0
40502,"r19","r19 applies|","r19",0
23717,"r19","r19 applies|","r19",0
42385,"r19","r19 applies|","r19",0
2726,"r19","r19 applies|","r19",0
14936,"r19","r19 applies|","r19",0
35535,"r20","r20 applies|","r20",0
25151,"r19","r19 applies|","r19",0
30179,"r19","r19 applies|","r19",0
29779,"r17 r18 r19","r19 applies->r18 applies & overides r19->r17 applies & overides r18|","r17",0
2188,"r20","r20 applies|","r20",0
16639,"r19","r19 applies|","r19",0
9432,"r19","r19 applies|","r19",0
4343,"r19","r19 applies|","r19",0
10686,"r19","r19 applies|","r19",0
37578,"r19","r19 applies|","r19",0
29841,"r19","r19 applies|","r19",0
37528,"r19","r19 applies|","r19",0
3624,"r19","r19 applies|","r19",0
26617,"r19","r19 applies|","r19",0
21791,"r19","r19 applies|","r19",0
31645,"r19","r19 applies|","r19",0
45187,"r19","r19 applies|","r19",0
25820,"r19","r19 applies|","r19",0
11629,"r19","r19 applies|","r19",0
14064,"r19","r19 applies|","r19",0
12357,"r19","r19 applies|","r19",0
1526,"r20","r20 applies|","r20",0
2087,"r19","r19 applies|","r19",0
30752,"r19","r19 applies|","r19",0
38697,"r19","r19 applies|","r19",0
18961,"r19","r19 applies|","r19",0
25398,"r20","r20 applies|","r20",0
37520,"r19","r19 applies|","r19",0
27227,"r19","r19 applies|","r19",0
2661,"r19","r19 applies|","r19",0
33865,"r19","r19 applies|","r19",0
6668,"r19","r19 applies|","r19",0
37716,"r19","r19 applies|","r19",0
20199,"r19","r19 applies|","r19",0
8438,"r19","r19 applies|","r19",0
21906,"r19","r19 applies|","r19",0
15584,"r19","r19 applies|","r19",0
22502,"r19","r19 applies|","r19",0
14000,"r19","r19 applies|","r19",0
36840,"r20","r20 applies|","r20",0
10151,"r20","r20 applies|","r20",0
12352,"r19","r19 applies|","r19",0
32974,"r19","r19 applies|","r19",0
8715,"r19","r19 applies|","r19",0
36208,"r19","r19 applies|","r19",0
15441,"r19","r19 applies|","r19",0
43995,"r19","r19 applies|","r19",0
42148,"r19","r19 applies|","r19",0
43724,"r19","r19 applies|","r19",0
14634,"r19","r19 applies|","r19",0
39426,"r19","r19 applies|","r19",0
18555,"r19","r19 applies|","r19",0
23462,"r19","r19 applies|","r19",0
28689,"r19","r19 applies|","r19",0
23069,"r19","r19 applies|","r19",0
382,"r19","r19 applies|","r19",0
9863,"r19","r19 applies|","r19",0
18128,"r19","r19 applies|","r19",0
11357,"r19","r19 applies|","r19",0
33025,"r0 r18 r19","r19 applies->r18 applies & overides r19->r0 applies & overides r18|","r0",1
44929,"r19","r19 applies|","r19",0
13556,"r19","r19 applies|","r19",0
369,"r19","r19 applies|","r19",0
21693,"r19","r19 applies|","r19",0
39469,"r19","r19 applies|","r19",0
36412,"r19","r19 applies|","r19",0
38061,"r19","r19 applies|","r19",0
20355,"r19","r19 applies|","r19",0
1626,"r19","r19 applies|","r19",0
6470,"r19","r19 applies|","r19",0
33533,"r19","r19 applies|","r19",0
3562,"r19","r19 applies|","r19",0
37728,"r19","r19 applies|","r19",0
30618,"r1 r18 r19","r19 applies->r18 applies & overides r19->r1 applies & overides r18|","r1",1
37937,"r19","r19 applies|","r19",0
43423,"r19","r19 applies|","r19",0
10818,"r19","r19 applies|","r19",0
17890,"r19","r19 applies|","r19",0
15378,"r19","r19 applies|","r19",0
17505,"r19","r19 applies|","r19",0
43813,"r20","r20 applies|","r20",0
6204,"r19","r19 applies|","r19",0
21717,"r19","r19 applies|","r19",0
38734,"r19","r19 applies|","r19",0
7655,"r19","r19 applies|","r19",0
41391,"r19","r19 applies|","r19",0
20089,"r19","r19 applies|","r19",0
7678,"r19","r19 applies|","r19",0
41674,"r19","r19 applies|","r19",0
1143,"r19","r19 applies|","r19",0
31495,"r20","r20 applies|","r20",0
27034,"r20","r20 applies|","r20",0
7880,"r19","r19 applies|","r19",0
23954,"r19","r19 applies|","r19",0
281,"r20","r20 applies|","r20",0
4274,"r19","r19 applies|","r19",0
532,"r20","r20 applies|","r20",0
17147,"r19","r19 applies|","r19",0
37221,"r19","r19 applies|","r19",0
21401,"r19","r19 applies|","r19",0
42649,"r19","r19 applies|","r19",0
17967,"r19","r19 applies|","r19",0
43113,"r20","r20 applies|","r20",0
26452,"r19","r19 applies|","r19",0
31164,"r19","r19 applies|","r19",0
284,"r19","r19 applies|","r19",0
38469,"r20","r20 applies|","r20",0
28528,"r19","r19 applies|","r19",0
10680,"r19","r19 applies|","r19",0
17793,"r19","r19 applies|","r19",0
6861,"r19","r19 applies|","r19",0
37504,"r19","r19 applies|","r19",0
9886,"r19","r19 applies|","r19",0
40246,"r20","r20 applies|","r20",0
22406,"r19","r19 applies|","r19",0
21873,"r19","r19 applies|","r19",0
35229,"r20","r20 applies|","r20",0
40721,"r19","r19 applies|","r19",0
20871,"r19","r19 applies|","r19",0
22569,"r19","r19 applies|","r19",0
14386,"r19","r19 applies|","r19",0
10737,"r19","r19 applies|","r19",0
17144,"r19","r19 applies|","r19",0
11335,"r20","r20 applies|","r20",0
303,"r19","r19 applies|","r19",0
40729,"r19","r19 applies|","r19",0
16221,"r19","r19 applies|","r19",0
18897,"r19","r19 applies|","r19",0
31114,"r19","r19 applies|","r19",0
40123,"r20","r20 applies|","r20",0
5147,"r20","r20 applies|","r20",0
27883,"r19","r19 applies|","r19",0
44880,"r0 r18 r19","r19 applies->r18 applies & overides r19->r0 applies & overides r18|","r0",1
22593,"r19","r19 applies|","r19",0
37173,"r20","r20 applies|","r20",0
42176,"r19","r19 applies|","r19",0
13595,"r19","r19 applies|","r19",0
4311,"r19","r19 applies|","r19",0
27702,"r19","r19 applies|","r19",0
25364,"r19","r19 applies|","r19",0
37680,"r19","r19 applies|","r19",0
8085,"r20","r20 applies|","r20",0
9606,"r20","r20 applies|","r20",0
23059,"r19","r19 applies|","r19",0
1369,"r19","r19 applies|","r19",0
27767,"r19","r19 applies|","r19",0
40941,"r0 r18 r19","r19 applies->r18 applies & overides r19->r0 applies & overides r18|","r0",1
6954,"r19","r19 applies|","r19",0
25267,"r19","r19 applies|","r19",0
2244,"r19","r19 applies|","r19",0
26897,"r19","r19 applies|","r19",0
25188,"r19","r19 applies|","r19",0
25791,"r19","r19 applies|","r19",0
10138,"r20","r20 applies|","r20",0
24418,"r19","r19 applies|","r19",0
35726,"r19","r19 applies|","r19",0
15669,"r19","r19 applies|","r19",0
24382,"r20","r20 applies|","r20",0
5221,"r19","r19 applies|","r19",0
1182,"r19","r19 applies|","r19",0
18782,"r19","r19 applies|","r19",0
12082,"r19","r19 applies|","r19",0
36328,"r19","r19 applies|","r19",0
38960,"r19","r19 applies|","r19",0
19063,"r20","r20 applies|","r20",0
927,"r19","r19 applies|","r19",0
54,"r20","r20 applies|","r20",0
44055,"r19","r19 applies|","r19",0
20590,"r19","r19 applies|","r19",0
43239,"r20","r20 applies|","r20",0
9818,"r19","r19 applies|","r19",0
3693,"r19","r19 applies|","r19",0
21450,"r20","r20 applies|","r20",0
8927,"r19","r19 applies|","r19",0
2968,"r19","r19 applies|","r19",0
42364,"r0 r18 r19","r19 applies->r18 applies & overides r19->r0 applies & overides r18|","r0",1
26223,"r20","r20 applies|","r20",0
3073,"r20","r20 applies|","r20",0
16905,"r19","r19 applies|","r19",0
14357,"r20","r20 applies|","r20",0
15406,"r19","r19 applies|","r19",0
21946,"r20","r20 applies|","r20",0
8379,"r19","r19 applies|","r19",0
27310,"r19","r19 applies|","r19",0
13375,"r19","r19 applies|","r19",0
17150,"r19","r19 applies|","r19",0
14781,"r19","r19 applies|","r19",0
5776,"r19","r19 applies|","r19",0
23645,"r20","r20 applies|","r20",0
3746,"r19","r19 applies|","r19",0
19056,"r19","r19 applies|","r19",0
27389,"r20","r20 applies|","r20",0
3397,"r19","r19 applies|","r19",0
34355,"r19","r19 applies|","r19",0
30939,"r19","r19 applies|","r19",0
10721,"r19","r19 applies|","r19",0
27124,"r20","r20 applies|","r20",0
44014,"r19","r19 applies|","r19",0
39335,"r19","r19 applies|","r19",0
36612,"r19","r19 applies|","r19",0
29663,"r20","r20 applies|","r20",0
27478,"r20","r20 applies|","r20",0
2085,"r19","r19 applies|","r19",0
18356,"r19","r19 applies|","r19",0
18102,"r19","r19 applies|","r19",0
17364,"r19","r19 applies|","r19",0
1545,"r19","r19 applies|","r19",0
19446,"r20","r20 applies|","r20",0
1880,"r19","r19 applies|","r19",0
23873,"r19","r19 applies|","r19",0
36077,"r20","r20 applies|","r20",0
11246,"r19","r19 applies|","r19",0
27262,"r19","r19 applies|","r19",0
7019,"r19","r19 applies|","r19",0
16541,"r19","r19 applies|","r19",0
24075,"r19","r19 applies|","r19",0
16545,"r19","r19 applies|","r19",0
14403,"r19","r19 applies|","r19",0
31678,"r19","r19 applies|","r19",0
43926,"r20","r20 applies|","r20",0
3229,"r20","r20 applies|","r20",0
26198,"r19","r19 applies|","r19",0
5906,"r19","r19 applies|","r19",0
43842,"r20","r20 applies|","r20",0
29694,"r19","r19 applies|","r19",0
2605,"r19","r19 applies|","r19",0
20903,"r19","r19 applies|","r19",0
28406,"r19","r19 applies|","r19",0
39676,"r19","r19 applies|","r19",0
1060,"r19","r19 applies|","r19",0
6671,"r19","r19 applies|","r19",0
3294,"r20","r20 applies|","r20",0
43578,"r19","r19 applies|","r19",0
17874,"r20","r20 applies|","r20",0
41506,"r20","r20 applies|","r20",0
26916,"r19","r19 applies|","r19",0
40261,"r19","r19 applies|","r19",0
24503,"r19","r19 applies|","r19",0
27384,"r19","r19 applies|","r19",0
24109,"r19","r19 applies|","r19",0
39952,"r19","r19 applies|","r19",0
8818,"r20","r20 applies|","r20",0
33867,"r19","r19 applies|","r19",0
27999,"r19","r19 applies|","r19",0
857,"r19","r19 applies|","r19",0
21787,"r19","r19 applies|","r19",0
25681,"r19","r19 applies|","r19",0
1147,"r20","r20 applies|","r20",0
38877,"r19","r19 applies|","r19",0
25801,"r19","r19 applies|","r19",0
22744,"r19","r19 applies|","r19",0
14374,"r19","r19 applies|","r19",0
1473,"r19","r19 applies|","r19",0
36051,"r19","r19 applies|","r19",0
7366,"r19","r19 applies|","r19",0
36219,"r20","r20 applies|","r20",0
35678,"r19","r19 applies|","r19",0
2559,"r19","r19 applies|","r19",0
38510,"r20","r20 applies|","r20",0
25734,"r20","r20 applies|","r20",0
12372,"r19","r19 applies|","r19",0
28704,"r20","r20 applies|","r20",0
31021,"r1 r18 r19","r19 applies->r18 applies & overides r19->r1 applies & overides r18|","r1",1
25137,"r19","r19 applies|","r19",0
38639,"r20","r20 applies|","r20",0
2241,"r19","r19 applies|","r19",0
5371,"r19","r19 applies|","r19",0
7178,"r19","r19 applies|","r19",0
33902,"r19","r19 applies|","r19",0
31630,"r19","r19 applies|","r19",0
27290,"r20","r20 applies|","r20",0
8952,"r19","r19 applies|","r19",0
12184,"r19","r19 applies|","r19",0
145,"r19","r19 applies|","r19",0
1268,"r19","r19 applies|","r19",0
6248,"r19","r19 applies|","r19",0
12379,"r20","r20 applies|","r20",0
10610,"r20","r20 applies|","r20",0
21366,"r20","r20 applies|","r20",0
30984,"r19","r19 applies|","r19",0
34744,"r20","r20 applies|","r20",0
19904,"r19","r19 applies|","r19",0
5473,"r19","r19 applies|","r19",0
43670,"r20","r20 applies|","r20",0
43450,"r1 r18 r19","r19 applies->r18 applies & overides r19->r1 applies & overides r18|","r1",1
8294,"r19","r19 applies|","r19",0
34376,"r19","r19 applies|","r19",0
38762,"r19","r19 applies|","r19",0
21637,"r19","r19 applies|","r19",0
8417,"r19","r19 applies|","r19",0
18399,"r19","r19 applies|","r19",0
23495,"r19","r19 applies|","r19",0
2008,"r19","r19 applies|","r19",0
19152,"r19","r19 applies|","r19",0
557,"r19","r19 applies|","r19",0
36544,"r19","r19 applies|","r19",0
17224,"r19","r19 applies|","r19",0
42881,"r3 r16 r20","r20 applies->r16 applies & overides r20->r3 applies & overides r16|","r3",1
3215,"r20","r20 applies|","r20",0
3010,"r19","r19 applies|","r19",0
11805,"r19","r19 applies|","r19",0
40568,"r19","r19 applies|","r19",0
11506,"r19","r19 applies|","r19",0
11753,"r19","r19 applies|","r19",0
44339,"r0 r18 r19","r19 applies->r18 applies & overides r19->r0 applies & overides r18|","r0",1
3697,"r19","r19 applies|","r19",0
25023,"r19","r19 applies|","r19",0
28892,"r20","r20 applies|","r20",0
34881,"r19","r19 applies|","r19",0
33076,"r19","r19 applies|","r19",0
1532,"r19","r19 applies|","r19",0
17143,"r20","r20 applies|","r20",0
18058,"r19","r19 applies|","r19",0
21508,"r19","r19 applies|","r19",0
16067,"r20","r20 applies|","r20",0
3745,"r20","r20 applies|","r20",0
44316,"r14 r16 r20","r20 applies->r16 applies & overides r20->r14 applies & overides r16|","r14",1
40656,"r19","r19 applies|","r19",0
9962,"r20","r20 applies|","r20",0
22265,"r19","r19 applies|","r19",0
19398,"r20","r20 applies|","r20",0
354,"r19","r19 applies|","r19",0
21718,"r19","r19 applies|","r19",0
26595,"r20","r20 applies|","r20",0
26037,"r19","r19 applies|","r19",0
3645,"r19","r19 applies|","r19",0
22474,"r19","r19 applies|","r19",0
21300,"r19","r19 applies|","r19",0
26734,"r19","r19 applies|","r19",0
6114,"r19","r19 applies|","r19",0
35051,"r19","r19 applies|","r19",0
42523,"r19","r19 applies|","r19",0
4367,"r19","r19 applies|","r19",0
1776,"r19","r19 applies|","r19",0
38900,"r19","r19 applies|","r19",0
3586,"r20","r20 applies|","r20",0
36078,"r20","r20 applies|","r20",0
106,"r19","r19 applies|","r19",0
38112,"r19","r19 applies|","r19",0
5606,"r19","r19 applies|","r19",0
11170,"r19","r19 applies|","r19",0
14931,"r19","r19 applies|","r19",0
5697,"r20","r20 applies|","r20",0
21978,"r20","r20 applies|","r20",0
41702,"r19","r19 applies|","r19",0
19900,"r19","r19 applies|","r19",0
26476,"r19","r19 applies|","r19",0
24014,"r19","r19 applies|","r19",0
28174,"r19","r19 applies|","r19",0
21101,"r19","r19 applies|","r19",0
41014,"r19","r19 applies|","r19",0
26466,"r19","r19 applies|","r19",0
8916,"r19","r19 applies|","r19",0
8120,"r19","r19 applies|","r19",0
31538,"r19","r19 applies|","r19",0
36434,"r19","r19 applies|","r19",0
40267,"r19","r19 applies|","r19",0
2947,"r20","r20 applies|","r20",0
18355,"r20","r20 applies|","r20",0
44258,"r19","r19 applies|","r19",0
8903,"r19","r19 applies|","r19",0
22142,"r19","r19 applies|","r19",0
6440,"r19","r19 applies|","r19",0
16351,"r19","r19 applies|","r19",0
14364,"r19","r19 applies|","r19",0
39983,"r19","r19 applies|","r19",0
33369,"r19","r19 applies|","r19",0
37614,"r19","r19 applies|","r19",0
15113,"r19","r19 applies|","r19",0
29781,"r19","r19 applies|","r19",0
34520,"r19","r19 applies|","r19",0
33763,"r5 r10 r20","r20 applies->r10 applies & overides r20->r5 applies & overides r10|","r5",1
6943,"r19","r19 applies|","r19",0
6812,"r19","r19 applies|","r19",0
9772,"r19","r19 applies|","r19",0
39808,"r19","r19 applies|","r19",0
16291,"r19","r19 applies|","r19",0
5345,"r19","r19 applies|","r19",0
33922,"r19","r19 applies|","r19",0
10107,"r20","r20 applies|","r20",0
39482,"r19","r19 applies|","r19",0
20477,"r19","r19 applies|","r19",0
26663,"r19","r19 applies|","r19",0
17642,"r19","r19 applies|","r19",0
4960,"r19","r19 applies|","r19",0
12178,"r20","r20 applies|","r20",0
34278,"r19","r19 applies|","r19",0
35228,"r19","r19 applies|","r19",0
24533,"r19","r19 applies|","r19",0
35279,"r13 r16 r20","r20 applies->r16 applies & overides r20->r13 applies & overides r16|","r13",1
22742,"r19","r19 applies|","r19",0
3042,"r19","r19 applies|","r19",0
26370,"r19","r19 applies|","r19",0
22849,"r19","r19 applies|","r19",0
10485,"r20","r20 applies|","r20",0
34952,"r20","r20 applies|","r20",0
11162,"r19","r19 applies|","r19",0
38412,"r19","r19 applies|","r19",0
32501,"r19","r19 applies|","r19",0
16959,"r19","r19 applies|","r19",0
18459,"r19","r19 applies|","r19",0
1207,"r19","r19 applies|","r19",0
36263,"r20","r20 applies|","r20",0
10230,"r19","r19 applies|","r19",0
43575,"r4 r10 r20","r20 applies->r10 applies & overides r20->r4 applies & overides r10|","r4",1
33925,"r19","r19 applies|","r19",0
38472,"r19","r19 applies|","r19",0
39175,"r19","r19 applies|","r19",0
31117,"r19","r19 applies|","r19",0
1766,"r19","r19 applies|","r19",0
35870,"r19","r19 applies|","r19",0
21976,"r19","r19 applies|","r19",0
30570,"r19","r19 applies|","r19",0
39873,"r19","r19 applies|","r19",0
2476,"r19","r19 applies|","r19",0
8545,"r20","r20 applies|","r20",0
44250,"r19","r19 applies|","r19",0
15334,"r19","r19 applies|","r19",0
22395,"r19","r19 applies|","r19",0
15322,"r20","r20 applies|","r20",0
27200,"r19","r19 applies|","r19",0
24255,"r19","r19 applies|","r19",0
33770,"r19","r19 applies|","r19",0
19579,"r19","r19 applies|","r19",0
31301,"r19","r19 applies|","r19",0
20893,"r19","r19 applies|","r19",0
7552,"r19","r19 applies|","r19",0
29426,"r20","r20 applies|","r20",0
5322,"r19","r19 applies|","r19",0
11505,"r19","r19 applies|","r19",0
44768,"r19","r19 applies|","r19",0
25609,"r19","r19 applies|","r19",0
41164,"r19","r19 applies|","r19",0
21461,"r19","r19 applies|","r19",0
18105,"r19","r19 applies|","r19",0
34819,"r19","r19 applies|","r19",0
10086,"r20","r20 applies|","r20",0
29449,"r19","r19 applies|","r19",0
33739,"r19","r19 applies|","r19",0
23816,"r19","r19 applies|","r19",0
3013,"r19","r19 applies|","r19",0
2779,"r19","r19 applies|","r19",0
28707,"r19","r19 applies|","r19",0
2755,"r19","r19 applies|","r19",0
22047,"r19","r19 applies|","r19",0
24195,"r19","r19 applies|","r19",0
12568,"r19","r19 applies|","r19",0
28264,"r20","r20 applies|","r20",0
14178,"r19","r19 applies|","r19",0
7297,"r20","r20 applies|","r20",0
27614,"r19","r19 applies|","r19",0
40234,"r19","r19 applies|","r19",0
20839,"r19","r19 applies|","r19",0
8953,"r19","r19 applies|","r19",0
12547,"r19","r19 applies|","r19",0
23894,"r19","r19 applies|","r19",0
26634,"r19","r19 applies|","r19",0
39012,"r19","r19 applies|","r19",0
15177,"r19","r19 applies|","r19",0
14243,"r19","r19 applies|","r19",0
14196,"r19","r19 applies|","r19",0
674,"r19","r19 applies|","r19",0
44500,"r19","r19 applies|","r19",0
37507,"r20","r20 applies|","r20",0
35817,"r19","r19 applies|","r19",0
28023,"r19","r19 applies|","r19",0
24873,"r19","r19 applies|","r19",0
39681,"r19","r19 applies|","r19",0
35626,"r19","r19 applies|","r19",0
12051,"r19","r19 applies|","r19",0
42517,"r0 r18 r19","r19 applies->r18 applies & overides r19->r0 applies & overides r18|","r0",1
43312,"r19","r19 applies|","r19",0
6962,"r19","r19 applies|","r19",0
14287,"r19","r19 applies|","r19",0
24932,"r19","r19 applies|","r19",0
41823,"r20","r20 applies|","r20",0
14679,"r19","r19 applies|","r19",0
11738,"r19","r19 applies|","r19",0
29296,"r19","r19 applies|","r19",0
4169,"r19","r19 applies|","r19",0
27779,"r19","r19 applies|","r19",0
23800,"r19","r19 applies|","r19",0
22446,"r19","r19 applies|","r19",0
2669,"r19","r19 applies|","r19",0
1316,"r19","r19 applies|","r19",0
4654,"r19","r19 applies|","r19",0
42997,"r20","r20 applies|","r20",0
3024,"r19","r19 applies|","r19",0
33972,"r4 r10 r20","r20 applies->r10 applies & overides r20->r4 applies & overides r10|","r4",1
38483,"r19","r19 applies|","r19",0
7163,"r20","r20 applies|","r20",0
21782,"r20","r20 applies|","r20",0
18029,"r19","r19 applies|","r19",0
29350,"r19","r19 applies|","r19",0
6281,"r19","r19 applies|","r19",0
38841,"r19","r19 applies|","r19",0
21806,"r19","r19 applies|","r19",0
150,"r20","r20 applies|","r20",0
43068,"r0 r18 r19","r19 applies->r18 applies & overides r19->r0 applies & overides r18|","r0",1
41969,"r19","r19 applies|","r19",0
17707,"r19","r19 applies|","r19",0
11367,"r19","r19 applies|","r19",0
35091,"r20","r20 applies|","r20",0
25766,"r19","r19 applies|","r19",0
30410,"r19","r19 applies|","r19",0
11121,"r19","r19 applies|","r19",0
15921,"r19","r19 applies|","r19",0
8472,"r20","r20 applies|","r20",0
6405,"r19","r19 applies|","r19",0
34274,"r20","r20 applies|","r20",0
29380,"r19","r19 applies|","r19",0
25139,"r20","r20 applies|","r20",0
32690,"r5 r10 r20","r20 applies->r10 applies & overides r20->r5 applies & overides r10|","r5",1
30972,"r19","r19 applies|","r19",0
10098,"r20","r20 applies|","r20",0
34371,"r19","r19 applies|","r19",0
74,"r19","r19 applies|","r19",0
14179,"r19","r19 applies|","r19",0
36005,"r19","r19 applies|","r19",0
30851,"r19","r19 applies|","r19",0
15507,"r19","r19 applies|","r19",0
16628,"r20","r20 applies|","r20",0
17891,"r19","r19 applies|","r19",0
4405,"r19","r19 applies|","r19",0
10518,"r19","r19 applies|","r19",0
41317,"r19","r19 applies|","r19",0
2568,"r20","r20 applies|","r20",0
32127,"r19","r19 applies|","r19",0
40142,"r19","r19 applies|","r19",0
4809,"r20","r20 applies|","r20",0
16171,"r19","r19 applies|","r19",0
13813,"r19","r19 applies|","r19",0
43287,"r19","r19 applies|","r19",0
38270,"r19","r19 applies|","r19",0
14986,"r19","r19 applies|","r19",0
44080,"r9 r15 r18 r19","r19 applies->r18 applies & overides r19->r15 applies & overides r18->r9 applies & overides r15|","r9",0
28321,"r19","r19 applies|","r19",0
39551,"r19","r19 applies|","r19",0
42008,"r20","r20 applies|","r20",0
26928,"r19","r19 applies|","r19",0
15128,"r19","r19 applies|","r19",0
1219,"r19","r19 applies|","r19",0
1677,"r19","r19 applies|","r19",0
26398,"r19","r19 applies|","r19",0
6152,"r19","r19 applies|","r19",0
37029,"r19","r19 applies|","r19",0
16830,"r19","r19 applies|","r19",0
39949,"r19","r19 applies|","r19",0
8134,"r19","r19 applies|","r19",0
12859,"r19","r19 applies|","r19",0
37554,"r19","r19 applies|","r19",0
44648,"r19","r19 applies|","r19",0
42803,"r0 r18 r19","r19 applies->r18 applies & overides r19->r0 applies & overides r18|","r0",1
12307,"r19","r19 applies|","r19",0
24670,"r19","r19 applies|","r19",0
5290,"r20","r20 applies|","r20",0
16840,"r20","r20 applies|","r20",0
24528,"r20","r20 applies|","r20",0
729,"r20","r20 applies|","r20",0
9582,"r19","r19 applies|","r19",0
28668,"r19","r19 applies|","r19",0
38433,"r19","r19 applies|","r19",0
8951,"r19","r19 applies|","r19",0
21273,"r19","r19 applies|","r19",0
39095,"r19","r19 applies|","r19",0
31871,"r19","r19 applies|","r19",0
22943,"r19","r19 applies|","r19",0
30376,"r20","r20 applies|","r20",0
35176,"r19","r19 applies|","r19",0
31069,"r19","r19 applies|","r19",0
11739,"r19","r19 applies|","r19",0
19754,"r19","r19 applies|","r19",0
37837,"r19","r19 applies|","r19",0
28854,"r19","r19 applies|","r19",0
425,"r19","r19 applies|","r19",0
42459,"r20","r20 applies|","r20",0
40824,"r19","r19 applies|","r19",0
15653,"r19","r19 applies|","r19",0
42247,"r1 r18 r19","r19 applies->r18 applies & overides r19->r1 applies & overides r18|","r1",1
29101,"r19","r19 applies|","r19",0
9801,"r19","r19 applies|","r19",0
33138,"r19","r19 applies|","r19",0
31571,"r19","r19 applies|","r19",0
11563,"r19","r19 applies|","r19",0
40859,"r19","r19 applies|","r19",0
39721,"r19","r19 applies|","r19",0
26418,"r19","r19 applies|","r19",0
26943,"r20","r20 applies|","r20",0
17220,"r20","r20 applies|","r20",0
9075,"r19","r19 applies|","r19",0
23857,"r19","r19 applies|","r19",0
41749,"r19","r19 applies|","r19",0
23371,"r19","r19 applies|","r19",0
8641,"r19","r19 applies|","r19",0
38594,"r19","r19 applies|","r19",0
23916,"r19","r19 applies|","r19",0
2722,"r19","r19 applies|","r19",0
38915,"r20","r20 applies|","r20",0
14748,"r19","r19 applies|","r19",0
20792,"r19","r19 applies|","r19",0
5025,"r20","r20 applies|","r20",0
850,"r20","r20 applies|","r20",0
26074,"r19","r19 applies|","r19",0
15243,"r19","r19 applies|","r19",0
19593,"r20","r20 applies|","r20",0
37801,"r19","r19 applies|","r19",0
23342,"r19","r19 applies|","r19",0
31144,"r19","r19 applies|","r19",0
25246,"r19","r19 applies|","r19",0
43968,"r20","r20 applies|","r20",0
36873,"r19","r19 applies|","r19",0
8790,"r19","r19 applies|","r19",0
1878,"r19","r19 applies|","r19",0
19727,"r19","r19 applies|","r19",0
20761,"r19","r19 applies|","r19",0
36535,"r19","r19 applies|","r19",0
6032,"r19","r19 applies|","r19",0
8384,"r20","r20 applies|","r20",0
38390,"r20","r20 applies|","r20",0
6692,"r19","r19 applies|","r19",0
7913,"r19","r19 applies|","r19",0
11949,"r19","r19 applies|","r19",0
18224,"r19","r19 applies|","r19",0
34768,"r20","r20 applies|","r20",0
1189,"r19","r19 applies|","r19",0
41778,"r19","r19 applies|","r19",0
37563,"r19","r19 applies|","r19",0
8040,"r19","r19 applies|","r19",0
23052,"r19","r19 applies|","r19",0
27894,"r19","r19 applies|","r19",0
3235,"r19","r19 applies|","r19",0
4735,"r19","r19 applies|","r19",0
36912,"r19","r19 applies|","r19",0
25566,"r19","r19 applies|","r19",0
13000,"r19","r19 applies|","r19",0
11110,"r19","r19 applies|","r19",0
33936,"r19","r19 applies|","r19",0
44349,"r19","r19 applies|","r19",0
4539,"r19","r19 applies|","r19",0
5184,"r19","r19 applies|","r19",0
39097,"r19","r19 applies|","r19",0
20862,"r20","r20 applies|","r20",0
307,"r19","r19 applies|","r19",0
33382,"r19","r19 applies|","r19",0
37802,"r19","r19 applies|","r19",0
31740,"r19","r19 applies|","r19",0
5563,"r19","r19 applies|","r19",0
35266,"r19","r19 applies|","r19",0
32761,"r19","r19 applies|","r19",0
27136,"r19","r19 applies|","r19",0
1773,"r19","r19 applies|","r19",0
2818,"r20","r20 applies|","r20",0
13626,"r20","r20 applies|","r20",0
15523,"r20","r20 applies|","r20",0
24393,"r19","r19 applies|","r19",0
19861,"r20","r20 applies|","r20",0
34461,"r20","r20 applies|","r20",0
4508,"r19","r19 applies|","r19",0
29833,"r20","r20 applies|","r20",0
13057,"r19","r19 applies|","r19",0
22268,"r20","r20 applies|","r20",0
8965,"r19","r19 applies|","r19",0
39139,"r19","r19 applies|","r19",0
6955,"r19","r19 applies|","r19",0
13829,"r19","r19 applies|","r19",0
15242,"r20","r20 applies|","r20",0
25331,"r20","r20 applies|","r20",0
4380,"r19","r19 applies|","r19",0
32214,"r19","r19 applies|","r19",0
21164,"r19","r19 applies|","r19",0
39582,"r19","r19 applies|","r19",0
31899,"r19","r19 applies|","r19",0
17854,"r19","r19 applies|","r19",0
30854,"r20","r20 applies|","r20",0
17725,"r19","r19 applies|","r19",0
35880,"r19","r19 applies|","r19",0
31695,"r19","r19 applies|","r19",0
14699,"r20","r20 applies|","r20",0
16263,"r19","r19 applies|","r19",0
11219,"r19","r19 applies|","r19",0
8260,"r19","r19 applies|","r19",0
34095,"r4 r10 r20","r20 applies->r10 applies & overides r20->r4 applies & overides r10|","r4",1
34441,"r19","r19 applies|","r19",0
13323,"r20","r20 applies|","r20",0
16005,"r19","r19 applies|","r19",0
44523,"r0 r18 r19","r19 applies->r18 applies & overides r19->r0 applies & overides r18|","r0",1
33535,"r19","r19 applies|","r19",0
19794,"r19","r19 applies|","r19",0
38685,"r19","r19 applies|","r19",0
8858,"r20","r20 applies|","r20",0
20547,"r19","r19 applies|","r19",0
37026,"r19","r19 applies|","r19",0
26546,"r19","r19 applies|","r19",0
38180,"r19","r19 applies|","r19",0
23256,"r19","r19 applies|","r19",0
40259,"r20","r20 applies|","r20",0
9006,"r19","r19 applies|","r19",0
33561,"r19","r19 applies|","r19",0
21071,"r19","r19 applies|","r19",0
4944,"r20","r20 applies|","r20",0
40693,"r19","r19 applies|","r19",0
18001,"r20","r20 applies|","r20",0
42318,"r19","r19 applies|","r19",0
9401,"r19","r19 applies|","r19",0
496,"r19","r19 applies|","r19",0
42429,"r19","r19 applies|","r19",0
8197,"r19","r19 applies|","r19",0
12842,"r19","r19 applies|","r19",0
35285,"r19","r19 applies|","r19",0
167,"r19","r19 applies|","r19",0
37043,"r19","r19 applies|","r19",0
14870,"r19","r19 applies|","r19",0
34977,"r20","r20 applies|","r20",0
9254,"r19","r19 applies|","r19",0
11661,"r19","r19 applies|","r19",0
1711,"r20","r20 applies|","r20",0
8877,"r19","r19 applies|","r19",0
34023,"r19","r19 applies|","r19",0
28600,"r19","r19 applies|","r19",0
18234,"r19","r19 applies|","r19",0
26949,"r19","r19 applies|","r19",0
1976,"r20","r20 applies|","r20",0
2090,"r19","r19 applies|","r19",0
28420,"r19","r19 applies|","r19",0
20842,"r19","r19 applies|","r19",0
6526,"r19","r19 applies|","r19",0
39862,"r19","r19 applies|","r19",0
155,"r19","r19 applies|","r19",0
3017,"r19","r19 applies|","r19",0
29512,"r19","r19 applies|","r19",0
25591,"r19","r19 applies|","r19",0
40000,"r19","r19 applies|","r19",0
23548,"r19","r19 applies|","r19",0
18259,"r20","r20 applies|","r20",0
43123,"r1 r18 r19","r19 applies->r18 applies & overides r19->r1 applies & overides r18|","r1",1
574,"r19","r19 applies|","r19",0
26890,"r19","r19 applies|","r19",0
30480,"r19","r19 applies|","r19",0
21999,"r19","r19 applies|","r19",0
39027,"r19","r19 applies|","r19",0
30315,"r19","r19 applies|","r19",0
17432,"r19","r19 applies|","r19",0
35603,"r20","r20 applies|","r20",0
27908,"r20","r20 applies|","r20",0
21388,"r20","r20 applies|","r20",0
28283,"r19","r19 applies|","r19",0
27298,"r19","r19 applies|","r19",0
3223,"r19","r19 applies|","r19",0
6425,"r19","r19 applies|","r19",0
15397,"r19","r19 applies|","r19",0
14921,"r19","r19 applies|","r19",0
6947,"r20","r20 applies|","r20",0
25221,"r20","r20 applies|","r20",0
8315,"r19","r19 applies|","r19",0
44052,"r20","r20 applies|","r20",0
40470,"r19","r19 applies|","r19",0
2218,"r20","r20 applies|","r20",0
17228,"r19","r19 applies|","r19",0
5927,"r19","r19 applies|","r19",0
26143,"r19","r19 applies|","r19",0
15236,"r19","r19 applies|","r19",0
9881,"r19","r19 applies|","r19",0
13757,"r19","r19 applies|","r19",0
14960,"r19","r19 applies|","r19",0
9739,"r20","r20 applies|","r20",0
4090,"r19","r19 applies|","r19",0
18422,"r19","r19 applies|","r19",0
26706,"r19","r19 applies|","r19",0
13573,"r19","r19 applies|","r19",0
22838,"r19","r19 applies|","r19",0
4536,"r19","r19 applies|","r19",0
8544,"r19","r19 applies|","r19",0
7604,"r19","r19 applies|","r19",0
4210,"r19","r19 applies|","r19",0
7524,"r19","r19 applies|","r19",0
19199,"r19","r19 applies|","r19",0
10139,"r19","r19 applies|","r19",0
3605,"r19","r19 applies|","r19",0
32197,"r19","r19 applies|","r19",0
2549,"r20","r20 applies|","r20",0
26489,"r19","r19 applies|","r19",0
38619,"r19","r19 applies|","r19",0
10889,"r19","r19 applies|","r19",0
5614,"r19","r19 applies|","r19",0
26304,"r19","r19 applies|","r19",0
19009,"r19","r19 applies|","r19",0
8716,"r19","r19 applies|","r19",0
26883,"r19","r19 applies|","r19",0
8200,"r19","r19 applies|","r19",0
23446,"r19","r19 applies|","r19",0
31183,"r19","r19 applies|","r19",0
5336,"r19","r19 applies|","r19",0
11037,"r19","r19 applies|","r19",0
29718,"r19","r19 applies|","r19",0
21488,"r19","r19 applies|","r19",0
22559,"r20","r20 applies|","r20",0
36953,"r19","r19 applies|","r19",0
3834,"r19","r19 applies|","r19",0
19324,"r19","r19 applies|","r19",0
18327,"r19","r19 applies|","r19",0
31268,"r19","r19 applies|","r19",0
20775,"r19","r19 applies|","r19",0
27026,"r19","r19 applies|","r19",0
42342,"r19","r19 applies|","r19",0
43727,"r2 r16 r20","r20 applies->r16 applies & overides r20->r2 applies & overides r16|","r2",1
10606,"r19","r19 applies|","r19",0
8749,"r19","r19 applies|","r19",0
9203,"r19","r19 applies|","r19",0
24334,"r19","r19 applies|","r19",0
5508,"r19","r19 applies|","r19",0
16661,"r19","r19 applies|","r19",0
27183,"r19","r19 applies|","r19",0
5484,"r20","r20 applies|","r20",0
29029,"r19","r19 applies|","r19",0
24785,"r19","r19 applies|","r19",0
25056,"r19","r19 applies|","r19",0
21832,"r19","r19 applies|","r19",0
43798,"r6 r15 r18 r19","r19 applies->r18 applies & overides r19->r15 applies & overides r18->r6 applies & overides r15|","r6",0
29052,"r20","r20 applies|","r20",0
1872,"r19","r19 applies|","r19",0
9909,"r19","r19 applies|","r19",0
19166,"r19","r19 applies|","r19",0
7757,"r19","r19 applies|","r19",0
28393,"r19","r19 applies|","r19",0
31660,"r20","r20 applies|","r20",0
44829,"r1 r18 r19","r19 applies->r18 applies & overides r19->r1 applies & overides r18|","r1",1
3850,"r19","r19 applies|","r19",0
22234,"r19","r19 applies|","r19",0
3820,"r20","r20 applies|","r20",0
24565,"r19","r19 applies|","r19",0
12981,"r19","r19 applies|","r19",0
2903,"r19","r19 applies|","r19",0
1544,"r19","r19 applies|","r19",0
8138,"r19","r19 applies|","r19",0
37741,"r19","r19 applies|","r19",0
23365,"r19","r19 applies|","r19",0
34910,"r19","r19 applies|","r19",0
20891,"r20","r20 applies|","r20",0
10083,"r20","r20 applies|","r20",0
41381,"r20","r20 applies|","r20",0
37794,"r19","r19 applies|","r19",0
14588,"r19","r19 applies|","r19",0
16662,"r20","r20 applies|","r20",0
41928,"r19","r19 applies|","r19",0
42765,"r19","r19 applies|","r19",0
8963,"r19","r19 applies|","r19",0
44374,"r19","r19 applies|","r19",0
3928,"r20","r20 applies|","r20",0
9160,"r19","r19 applies|","r19",0
43801,"r20","r20 applies|","r20",0
1804,"r19","r19 applies|","r19",0
32075,"r19","r19 applies|","r19",0
7836,"r19","r19 applies|","r19",0
31330,"r19","r19 applies|","r19",0
9269,"r19","r19 applies|","r19",0
3254,"r20","r20 applies|","r20",0
32025,"r5 r10 r20","r20 applies->r10 applies & overides r20->r5 applies & overides r10|","r5",1
42925,"r19","r19 applies|","r19",0
31891,"r19","r19 applies|","r19",0
20277,"r19","r19 applies|","r19",0
20112,"r19","r19 applies|","r19",0
1972,"r19","r19 applies|","r19",0
25603,"r19","r19 applies|","r19",0
5682,"r19","r19 applies|","r19",0
6178,"r20","r20 applies|","r20",0
1124,"r19","r19 applies|","r19",0
29384,"r19","r19 applies|","r19",0
20036,"r19","r19 applies|","r19",0
13614,"r20","r20 applies|","r20",0
12707,"r19","r19 applies|","r19",0
6382,"r20","r20 applies|","r20",0
24200,"r19","r19 applies|","r19",0
37429,"r19","r19 applies|","r19",0
33847,"r19","r19 applies|","r19",0
30808,"r19","r19 applies|","r19",0
25240,"r19","r19 applies|","r19",0
2566,"r19","r19 applies|","r19",0
40166,"r19","r19 applies|","r19",0
36023,"r19","r19 applies|","r19",0
30797,"r20","r20 applies|","r20",0
1559,"r19","r19 applies|","r19",0
18880,"r19","r19 applies|","r19",0
5516,"r20","r20 applies|","r20",0
33880,"r4 r10 r20","r20 applies->r10 applies & overides r20->r4 applies & overides r10|","r4",1
30926,"r19","r19 applies|","r19",0
11681,"r19","r19 applies|","r19",0
14284,"r19","r19 applies|","r19",0
41005,"r19","r19 applies|","r19",0
28417,"r19","r19 applies|","r19",0
18634,"r19","r19 applies|","r19",0
35984,"r19","r19 applies|","r19",0
29680,"r19","r19 applies|","r19",0
18262,"r19","r19 applies|","r19",0
19395,"r19","r19 applies|","r19",0
40070,"r19","r19 applies|","r19",0
23155,"r19","r19 applies|","r19",0
15945,"r19","r19 applies|","r19",0
4211,"r19","r19 applies|","r19",0
17770,"r19","r19 applies|","r19",0
34301,"r19","r19 applies|","r19",0
1791,"r19","r19 applies|","r19",0
12351,"r19","r19 applies|","r19",0
36686,"r19","r19 applies|","r19",0
22279,"r20","r20 applies|","r20",0
45030,"r19","r19 applies|","r19",0
31341,"r19","r19 applies|","r19",0
4407,"r19","r19 applies|","r19",0
6173,"r20","r20 applies|","r20",0
38799,"r19","r19 applies|","r19",0
39389,"r19","r19 applies|","r19",0
3188,"r20","r20 applies|","r20",0
36679,"r20","r20 applies|","r20",0
10674,"r19","r19 applies|","r19",0
39218,"r19","r19 applies|","r19",0
1573,"r19","r19 applies|","r19",0
16709,"r19","r19 applies|","r19",0
36932,"r19","r19 applies|","r19",0
15364,"r19","r19 applies|","r19",0
2830,"r20","r20 applies|","r20",0
39395,"r19","r19 applies|","r19",0
31750,"r19","r19 applies|","r19",0
43448,"r19","r19 applies|","r19",0
2269,"r19","r19 applies|","r19",0
38859,"r19","r19 applies|","r19",0
22549,"r19","r19 applies|","r19",0
12995,"r19","r19 applies|","r19",0
30295,"r19","r19 applies|","r19",0
23621,"r20","r20 applies|","r20",0
29898,"r19","r19 applies|","r19",0
3564,"r20","r20 applies|","r20",0
44696,"r19","r19 applies|","r19",0
702,"r19","r19 applies|","r19",0
8402,"r19","r19 applies|","r19",0
11883,"r19","r19 applies|","r19",0
33348,"r19","r19 applies|","r19",0
30922,"r19","r19 applies|","r19",0
2807,"r19","r19 applies|","r19",0
26148,"r19","r19 applies|","r19",0
41558,"r19","r19 applies|","r19",0
13189,"r19","r19 applies|","r19",0
35208,"r19","r19 applies|","r19",0
26486,"r19","r19 applies|","r19",0
23479,"r19","r19 applies|","r19",0
29127,"r19","r19 applies|","r19",0
41713,"r13 r16 r20","r20 applies->r16 applies & overides r20->r13 applies & overides r16|","r13",1
29210,"r19","r19 applies|","r19",0
13560,"r19","r19 applies|","r19",0
4762,"r19","r19 applies|","r19",0
22525,"r19","r19 applies|","r19",0
31804,"r19","r19 applies|","r19",0
2974,"r19","r19 applies|","r19",0
37191,"r20","r20 applies|","r20",0
25555,"r19","r19 applies|","r19",0
302,"r19","r19 applies|","r19",0
7538,"r19","r19 applies|","r19",0
30782,"r19","r19 applies|","r19",0
43086,"r20","r20 applies|","r20",0
41974,"r19","r19 applies|","r19",0
7443,"r19","r19 applies|","r19",0
32333,"r19","r19 applies|","r19",0
25668,"r19","r19 applies|","r19",0
4768,"r19","r19 applies|","r19",0
18688,"r19","r19 applies|","r19",0
6531,"r19","r19 applies|","r19",0
32912,"r20","r20 applies|","r20",0
15533,"r19","r19 applies|","r19",0
35663,"r20","r20 applies|","r20",0
3054,"r19","r19 applies|","r19",0
18561,"r19","r19 applies|","r19",0
21172,"r19","r19 applies|","r19",0
36002,"r17 r18 r19","r19 applies->r18 applies & overides r19->r17 applies & overides r18|","r17",0
24732,"r19","r19 applies|","r19",0
28524,"r20","r20 applies|","r20",0
24968,"r19","r19 applies|","r19",0
22968,"r19","r19 applies|","r19",0
1664,"r19","r19 applies|","r19",0
24833,"r19","r19 applies|","r19",0
26409,"r19","r19 applies|","r19",0
10035,"r19","r19 applies|","r19",0
42488,"r19","r19 applies|","r19",0
35882,"r19","r19 applies|","r19",0
5984,"r19","r19 applies|","r19",0
4988,"r20","r20 applies|","r20",0
42175,"r1 r18 r19","r19 applies->r18 applies & overides r19->r1 applies & overides r18|","r1",1
11059,"r19","r19 applies|","r19",0
6043,"r19","r19 applies|","r19",0
36638,"r20","r20 applies|","r20",0
24506,"r20","r20 applies|","r20",0
3836,"r20","r20 applies|","r20",0
29277,"r19","r19 applies|","r19",0
7087,"r19","r19 applies|","r19",0
33007,"r19","r19 applies|","r19",0
351,"r19","r19 applies|","r19",0
37424,"r19","r19 applies|","r19",0
24245,"r20","r20 applies|","r20",0
21658,"r20","r20 applies|","r20",0
23493,"r19","r19 applies|","r19",0
42122,"r19","r19 applies|","r19",0
7780,"r19","r19 applies|","r19",0
27718,"r19","r19 applies|","r19",0
43817,"r19","r19 applies|","r19",0
34314,"r20","r20 applies|","r20",0
12986,"r19","r19 applies|","r19",0
2630,"r19","r19 applies|","r19",0
8407,"r19","r19 applies|","r19",0
24241,"r19","r19 applies|","r19",0
34490,"r19","r19 applies|","r19",0
37785,"r20","r20 applies|","r20",0
15901,"r19","r19 applies|","r19",0
12538,"r19","r19 applies|","r19",0
7704,"r19","r19 applies|","r19",0
36921,"r19","r19 applies|","r19",0
22750,"r19","r19 applies|","r19",0
16692,"r19","r19 applies|","r19",0
28559,"r19","r19 applies|","r19",0
41669,"r19","r19 applies|","r19",0
40842,"r19","r19 applies|","r19",0
26787,"r20","r20 applies|","r20",0
16504,"r20","r20 applies|","r20",0
12199,"r19","r19 applies|","r19",0
9170,"r19","r19 applies|","r19",0
3891,"r19","r19 applies|","r19",0
7654,"r19","r19 applies|","r19",0
22911,"r19","r19 applies|","r19",0
11623,"r20","r20 applies|","r20",0
13255,"r20","r20 applies|","r20",0
32502,"r19","r19 applies|","r19",0
30645,"r19","r19 applies|","r19",0
23646,"r19","r19 applies|","r19",0
29961,"r19","r19 applies|","r19",0
43376,"r19","r19 applies|","r19",0
1381,"r19","r19 applies|","r19",0
41590,"r1 r18 r19","r19 applies->r18 applies & overides r19->r1 applies & overides r18|","r1",1
11707,"r19","r19 applies|","r19",0
9586,"r19","r19 applies|","r19",0
5644,"r19","r19 applies|","r19",0
24238,"r20","r20 applies|","r20",0
44499,"r3 r16 r20","r20 applies->r16 applies & overides r20->r3 applies & overides r16|","r3",1
17553,"r19","r19 applies|","r19",0
35215,"r19","r19 applies|","r19",0
34026,"r19","r19 applies|","r19",0
1345,"r19","r19 applies|","r19",0
27877,"r19","r19 applies|","r19",0
14596,"r19","r19 applies|","r19",0
23930,"r19","r19 applies|","r19",0
24476,"r19","r19 applies|","r19",0
16175,"r19","r19 applies|","r19",0
795,"r19","r19 applies|","r19",0
21740,"r19","r19 applies|","r19",0
534,"r19","r19 applies|","r19",0
35340,"r19","r19 applies|","r19",0
32380,"r20","r20 applies|","r20",0
10162,"r19","r19 applies|","r19",0
18889,"r19","r19 applies|","r19",0
4016,"r20","r20 applies|","r20",0
33632,"r19","r19 applies|","r19",0
30882,"r19","r19 applies|","r19",0
32782,"r19","r19 applies|","r19",0
11986,"r20","r20 applies|","r20",0
15685,"r19","r19 applies|","r19",0
3979,"r19","r19 applies|","r19",0
17594,"r19","r19 applies|","r19",0
26557,"r19","r19 applies|","r19",0
10183,"r19","r19 applies|","r19",0
30189,"r19","r19 applies|","r19",0
24205,"r19","r19 applies|","r19",0
39916,"r20","r20 applies|","r20",0
2551,"r20","r20 applies|","r20",0
7845,"r19","r19 applies|","r19",0
27138,"r19","r19 applies|","r19",0
31560,"r20","r20 applies|","r20",0
25955,"r19","r19 applies|","r19",0
26337,"r19","r19 applies|","r19",0
10399,"r19","r19 applies|","r19",0
24590,"r19","r19 applies|","r19",0
23984,"r19","r19 applies|","r19",0
42367,"r20","r20 applies|","r20",0
42895,"r17 r18 r19","r19 applies->r18 applies & overides r19->r17 applies & overides r18|","r17",0
24039,"r19","r19 applies|","r19",0
44042,"r19","r19 applies|","r19",0
7173,"r19","r19 applies|","r19",0
31933,"r20","r20 applies|","r20",0
38147,"r19","r19 applies|","r19",0
6889,"r19","r19 applies|","r19",0
22772,"r19","r19 applies|","r19",0
16871,"r19","r19 applies|","r19",0
7113,"r19","r19 applies|","r19",0
34843,"r19","r19 applies|","r19",0
3802,"r19","r19 applies|","r19",0
41651,"r20","r20 applies|","r20",0
15096,"r19","r19 applies|","r19",0
11175,"r19","r19 applies|","r19",0
3091,"r19","r19 applies|","r19",0
43063,"r19","r19 applies|","r19",0
21316,"r19","r19 applies|","r19",0
5890,"r19","r19 applies|","r19",0
41785,"r20","r20 applies|","r20",0
25491,"r19","r19 applies|","r19",0
28382,"r20","r20 applies|","r20",0
37397,"r19","r19 applies|","r19",0
2289,"r19","r19 applies|","r19",0
9817,"r19","r19 applies|","r19",0
3749,"r19","r19 applies|","r19",0
16264,"r19","r19 applies|","r19",0
24018,"r19","r19 applies|","r19",0
11881,"r19","r19 applies|","r19",0
40904,"r19","r19 applies|","r19",0
44120,"r19","r19 applies|","r19",0
8483,"r19","r19 applies|","r19",0
7761,"r19","r19 applies|","r19",0
41484,"r19","r19 applies|","r19",0
41719,"r19","r19 applies|","r19",0
15098,"r19","r19 applies|","r19",0
19205,"r20","r20 applies|","r20",0
28669,"r19","r19 applies|","r19",0
32120,"r19","r19 applies|","r19",0
7352,"r19","r19 applies|","r19",0
34561,"r19","r19 applies|","r19",0
31971,"r20","r20 applies|","r20",0
19496,"r19","r19 applies|","r19",0
14081,"r19","r19 applies|","r19",0
8224,"r19","r19 applies|","r19",0
34059,"r4 r10 r20","r20 applies->r10 applies & overides r20->r4 applies & overides r10|","r4",1
1131,"r19","r19 applies|","r19",0
27341,"r19","r19 applies|","r19",0
41992,"r9 r15 r18 r19","r19 applies->r18 applies & overides r19->r15 applies & overides r18->r9 applies & overides r15|","r9",0
18976,"r20","r20 applies|","r20",0
20680,"r20","r20 applies|","r20",0
4402,"r19","r19 applies|","r19",0
29784,"r19","r19 applies|","r19",0
28399,"r19","r19 applies|","r19",0
23078,"r19","r19 applies|","r19",0
30678,"r19","r19 applies|","r19",0
44782,"r1 r18 r19","r19 applies->r18 applies & overides r19->r1 applies & overides r18|","r1",1
27096,"r19","r19 applies|","r19",0
2994,"r19","r19 applies|","r19",0
10428,"r20","r20 applies|","r20",0
26477,"r19","r19 applies|","r19",0
35556,"r19","r19 applies|","r19",0
12373,"r19","r19 applies|","r19",0
30076,"r19","r19 applies|","r19",0
36874,"r20","r20 applies|","r20",0
16143,"r19","r19 applies|","r19",0
177,"r19","r19 applies|","r19",0
37432,"r19","r19 applies|","r19",0
20709,"r19","r19 applies|","r19",0
4056,"r20","r20 applies|","r20",0
34852,"r19","r19 applies|","r19",0
41396,"r13 r16 r20","r20 applies->r16 applies & overides r20->r13 applies & overides r16|","r13",1
17213,"r19","r19 applies|","r19",0
2431,"r19","r19 applies|","r19",0
27133,"r19","r19 applies|","r19",0
11512,"r19","r19 applies|","r19",0
31555,"r19","r19 applies|","r19",0
44047,"r19","r19 applies|","r19",0
13810,"r19","r19 applies|","r19",0
8090,"r19","r19 applies|","r19",0
40311,"r19","r19 applies|","r19",0
29539,"r19","r19 applies|","r19",0
32122,"r20","r20 applies|","r20",0
17088,"r20","r20 applies|","r20",0
30331,"r20","r20 applies|","r20",0
4240,"r19","r19 applies|","r19",0
10103,"r19","r19 applies|","r19",0
37556,"r20","r20 applies|","r20",0
33421,"r19","r19 applies|","r19",0
44255,"r0 r18 r19","r19 applies->r18 applies & overides r19->r0 applies & overides r18|","r0",1
20056,"r19","r19 applies|","r19",0
16844,"r19","r19 applies|","r19",0
40677,"r19","r19 applies|","r19",0
37306,"r19","r19 applies|","r19",0
15263,"r19","r19 applies|","r19",0
2031,"r19","r19 applies|","r19",0
8166,"r19","r19 applies|","r19",0
20820,"r19","r19 applies|","r19",0
26420,"r19","r19 applies|","r19",0
2429,"r19","r19 applies|","r19",0
5193,"r19","r19 applies|","r19",0
42034,"r20","r20 applies|","r20",0
38098,"r19","r19 applies|","r19",0
39911,"r19","r19 applies|","r19",0
18364,"r19","r19 applies|","r19",0
30834,"r19","r19 applies|","r19",0
29869,"r19","r19 applies|","r19",0
15336,"r19","r19 applies|","r19",0
17021,"r19","r19 applies|","r19",0
17634,"r20","r20 applies|","r20",0
22111,"r19","r19 applies|","r19",0
4615,"r19","r19 applies|","r19",0
10516,"r19","r19 applies|","r19",0
12996,"r19","r19 applies|","r19",0
28472,"r19","r19 applies|","r19",0
40079,"r19","r19 applies|","r19",0
33829,"r19","r19 applies|","r19",0
16576,"r19","r19 applies|","r19",0
3537,"r19","r19 applies|","r19",0
23553,"r19","r19 applies|","r19",0
23383,"r19","r19 applies|","r19",0
12019,"r19","r19 applies|","r19",0
28197,"r19","r19 applies|","r19",0
9509,"r20","r20 applies|","r20",0
33934,"r20","r20 applies|","r20",0
43011,"r20","r20 applies|","r20",0
34367,"r20","r20 applies|","r20",0
24168,"r19","r19 applies|","r19",0
27751,"r19","r19 applies|","r19",0
36262,"r20","r20 applies|","r20",0
28680,"r20","r20 applies|","r20",0
31437,"r19","r19 applies|","r19",0
12126,"r19","r19 applies|","r19",0
35400,"r19","r19 applies|","r19",0
40249,"r20","r20 applies|","r20",0
15991,"r19","r19 applies|","r19",0
6406,"r19","r19 applies|","r19",0
41609,"r20","r20 applies|","r20",0
7748,"r19","r19 applies|","r19",0
44144,"r19","r19 applies|","r19",0
38502,"r20","r20 applies|","r20",0
36524,"r19","r19 applies|","r19",0
25002,"r20","r20 applies|","r20",0
6262,"r20","r20 applies|","r20",0
7177,"r20","r20 applies|","r20",0
30969,"r19","r19 applies|","r19",0
19485,"r20","r20 applies|","r20",0
29282,"r19","r19 applies|","r19",0
43016,"r0 r18 r19","r19 applies->r18 applies & overides r19->r0 applies & overides r18|","r0",1
32458,"r19","r19 applies|","r19",0
43644,"r19","r19 applies|","r19",0
37293,"r19","r19 applies|","r19",0
43364,"r19","r19 applies|","r19",0
12422,"r19","r19 applies|","r19",0
12135,"r19","r19 applies|","r19",0
14840,"r20","r20 applies|","r20",0
24136,"r19","r19 applies|","r19",0
40619,"r13 r16 r20","r20 applies->r16 applies & overides r20->r13 applies & overides r16|","r13",1
14777,"r19","r19 applies|","r19",0
8007,"r19","r19 applies|","r19",0
43787,"r19","r19 applies|","r19",0
4929,"r19","r19 applies|","r19",0
5512,"r19","r19 applies|","r19",0
29411,"r19","r19 applies|","r19",0
35218,"r20","r20 applies|","r20",0
37104,"r19","r19 applies|","r19",0
14245,"r19","r19 applies|","r19",0
5468,"r20","r20 applies|","r20",0
16870,"r19","r19 applies|","r19",0
41400,"r19","r19 applies|","r19",0
22799,"r20","r20 applies|","r20",0
1004,"r19","r19 applies|","r19",0
25586,"r19","r19 applies|","r19",0
35386,"r19","r19 applies|","r19",0
51,"r19","r19 applies|","r19",0
17763,"r20","r20 applies|","r20",0
10345,"r19","r19 applies|","r19",0
5856,"r20","r20 applies|","r20",0
30054,"r20","r20 applies|","r20",0
29438,"r20","r20 applies|","r20",0
1998,"r19","r19 applies|","r19",0
27495,"r19","r19 applies|","r19",0
27487,"r19","r19 applies|","r19",0
33679,"r19","r19 applies|","r19",0
45181,"r20","r20 applies|","r20",0
19472,"r19","r19 applies|","r19",0
28065,"r20","r20 applies|","r20",0
42939,"r0 r18 r19","r19 applies->r18 applies & overides r19->r0 applies & overides r18|","r0",1
29593,"r19","r19 applies|","r19",0
34442,"r20","r20 applies|","r20",0
45071,"r19","r19 applies|","r19",0
10424,"r19","r19 applies|","r19",0
39357,"r19","r19 applies|","r19",0
8850,"r19","r19 applies|","r19",0
37,"r19","r19 applies|","r19",0
7747,"r20","r20 applies|","r20",0
35570,"r19","r19 applies|","r19",0
33217,"r20","r20 applies|","r20",0
28192,"r19","r19 applies|","r19",0
4622,"r19","r19 applies|","r19",0
37590,"r19","r19 applies|","r19",0
7140,"r19","r19 applies|","r19",0
25019,"r19","r19 applies|","r19",0
20684,"r19","r19 applies|","r19",0
16928,"r19","r19 applies|","r19",0
6077,"r19","r19 applies|","r19",0
33383,"r19","r19 applies|","r19",0
12026,"r19","r19 applies|","r19",0
32098,"r19","r19 applies|","r19",0
36711,"r19","r19 applies|","r19",0
44358,"r19","r19 applies|","r19",0
24412,"r19","r19 applies|","r19",0
7073,"r19","r19 applies|","r19",0
17643,"r20","r20 applies|","r20",0
44582,"r19","r19 applies|","r19",0
18935,"r19","r19 applies|","r19",0
10559,"r19","r19 applies|","r19",0
33629,"r19","r19 applies|","r19",0
43444,"r19","r19 applies|","r19",0
23010,"r19","r19 applies|","r19",0
3534,"r19","r19 applies|","r19",0
23044,"r19","r19 applies|","r19",0
34895,"r19","r19 applies|","r19",0
3611,"r19","r19 applies|","r19",0
37987,"r19","r19 applies|","r19",0
13895,"r19","r19 applies|","r19",0
14624,"r20","r20 applies|","r20",0
17165,"r19","r19 applies|","r19",0
36481,"r19","r19 applies|","r19",0
32687,"r20","r20 applies|","r20",0
43973,"r20","r20 applies|","r20",0
41174,"r19","r19 applies|","r19",0
20879,"r20","r20 applies|","r20",0
1183,"r20","r20 applies|","r20",0
34757,"r19","r19 applies|","r19",0
32230,"r20","r20 applies|","r20",0
6069,"r19","r19 applies|","r19",0
11947,"r19","r19 applies|","r19",0
33214,"r19","r19 applies|","r19",0
21451,"r19","r19 applies|","r19",0
8188,"r19","r19 applies|","r19",0
39946,"r19","r19 applies|","r19",0
9688,"r19","r19 applies|","r19",0
52,"r19","r19 applies|","r19",0
16907,"r19","r19 applies|","r19",0
27664,"r19","r19 applies|","r19",0
2676,"r19","r19 applies|","r19",0
6290,"r19","r19 applies|","r19",0
37062,"r19","r19 applies|","r19",0
20058,"r19","r19 applies|","r19",0
32310,"r20","r20 applies|","r20",0
28891,"r19","r19 applies|","r19",0
23512,"r19","r19 applies|","r19",0
23315,"r19","r19 applies|","r19",0
1731,"r19","r19 applies|","r19",0
23869,"r19","r19 applies|","r19",0
22918,"r19","r19 applies|","r19",0
34454,"r19","r19 applies|","r19",0
27724,"r19","r19 applies|","r19",0
13592,"r19","r19 applies|","r19",0
2686,"r19","r19 applies|","r19",0
31626,"r20","r20 applies|","r20",0
41319,"r19","r19 applies|","r19",0
38587,"r19","r19 applies|","r19",0
25868,"r19","r19 applies|","r19",0
43492,"r19","r19 applies|","r19",0
29921,"r19","r19 applies|","r19",0
41984,"r19","r19 applies|","r19",0
10693,"r19","r19 applies|","r19",0
15927,"r19","r19 applies|","r19",0
9483,"r19","r19 applies|","r19",0
4136,"r19","r19 applies|","r19",0
38008,"r20","r20 applies|","r20",0
34939,"r19","r19 applies|","r19",0
11396,"r19","r19 applies|","r19",0
18517,"r20","r20 applies|","r20",0
25178,"r19","r19 applies|","r19",0
4973,"r19","r19 applies|","r19",0
25561,"r19","r19 applies|","r19",0
38002,"r19","r19 applies|","r19",0
31317,"r19","r19 applies|","r19",0
15752,"r19","r19 applies|","r19",0
35110,"r19","r19 applies|","r19",0
9930,"r19","r19 applies|","r19",0
18045,"r19","r19 applies|","r19",0
17199,"r19","r19 applies|","r19",0
43901,"r19","r19 applies|","r19",0
5347,"r19","r19 applies|","r19",0
15626,"r19","r19 applies|","r19",0
26118,"r20","r20 applies|","r20",0
42941,"r19","r19 applies|","r19",0
10930,"r19","r19 applies|","r19",0
13577,"r19","r19 applies|","r19",0
35254,"r19","r19 applies|","r19",0
17249,"r19","r19 applies|","r19",0
36865,"r20","r20 applies|","r20",0
26866,"r1 r18 r19","r19 applies->r18 applies & overides r19->r1 applies & overides r18|","r1",1
14276,"r19","r19 applies|","r19",0
27032,"r19","r19 applies|","r19",0
4070,"r20","r20 applies|","r20",0
14121,"r19","r19 applies|","r19",0
13520,"r19","r19 applies|","r19",0
18952,"r19","r19 applies|","r19",0
28144,"r19","r19 applies|","r19",0
789,"r19","r19 applies|","r19",0
35008,"r19","r19 applies|","r19",0
4732,"r19","r19 applies|","r19",0
32480,"r19","r19 applies|","r19",0
12733,"r19","r19 applies|","r19",0
7967,"r19","r19 applies|","r19",0
21202,"r19","r19 applies|","r19",0
40243,"r19","r19 applies|","r19",0
6587,"r20","r20 applies|","r20",0
8551,"r19","r19 applies|","r19",0
1041,"r19","r19 applies|","r19",0
30272,"r19","r19 applies|","r19",0
23636,"r19","r19 applies|","r19",0
13151,"r20","r20 applies|","r20",0
11101,"r19","r19 applies|","r19",0
38007,"r20","r20 applies|","r20",0
8350,"r19","r19 applies|","r19",0
36640,"r19","r19 applies|","r19",0
6460,"r19","r19 applies|","r19",0
24851,"r19","r19 applies|","r19",0
24505,"r19","r19 applies|","r19",0
12355,"r20","r20 applies|","r20",0
3249,"r19","r19 applies|","r19",0
8908,"r19","r19 applies|","r19",0
4000,"r20","r20 applies|","r20",0
44148,"r12 r15 r18 r19","r19 applies->r18 applies & overides r19->r15 applies & overides r18->r12 applies & overides r15|","r12",0
29536,"r20","r20 applies|","r20",0
41203,"r19","r19 applies|","r19",0
14625,"r19","r19 applies|","r19",0
21065,"r19","r19 applies|","r19",0
5125,"r19","r19 applies|","r19",0
7606,"r19","r19 applies|","r19",0
23448,"r19","r19 applies|","r19",0
41818,"r19","r19 applies|","r19",0
9035,"r19","r19 applies|","r19",0
45,"r20","r20 applies|","r20",0
44204,"r19","r19 applies|","r19",0
31004,"r19","r19 applies|","r19",0
39734,"r20","r20 applies|","r20",0
6825,"r19","r19 applies|","r19",0
32174,"r19","r19 applies|","r19",0
30299,"r19","r19 applies|","r19",0
38328,"r19","r19 applies|","r19",0
15777,"r20","r20 applies|","r20",0
24180,"r19","r19 applies|","r19",0
14813,"r19","r19 applies|","r19",0
41308,"r0 r18 r19","r19 applies->r18 applies & overides r19->r0 applies & overides r18|","r0",1
11235,"r19","r19 applies|","r19",0
43790,"r19","r19 applies|","r19",0
16629,"r19","r19 applies|","r19",0
3435,"r19","r19 applies|","r19",0
28777,"r19","r19 applies|","r19",0
41057,"r19","r19 applies|","r19",0
39632,"r19","r19 applies|","r19",0
44599,"r19","r19 applies|","r19",0
11034,"r20","r20 applies|","r20",0
29255,"r19","r19 applies|","r19",0
26419,"r19","r19 applies|","r19",0
27939,"r19","r19 applies|","r19",0
27040,"r19","r19 applies|","r19",0
23585,"r19","r19 applies|","r19",0
39890,"r0 r18 r19","r19 applies->r18 applies & overides r19->r0 applies & overides r18|","r0",1
31521,"r19","r19 applies|","r19",0
5683,"r19","r19 applies|","r19",0
7053,"r19","r19 applies|","r19",0
28616,"r19","r19 applies|","r19",0
27191,"r19","r19 applies|","r19",0
32045,"r19","r19 applies|","r19",0
38551,"r19","r19 applies|","r19",0
24012,"r19","r19 applies|","r19",0
28164,"r20","r20 applies|","r20",0
5201,"r19","r19 applies|","r19",0
11384,"r19","r19 applies|","r19",0
16260,"r20","r20 applies|","r20",0
10146,"r20","r20 applies|","r20",0
24946,"r19","r19 applies|","r19",0
44997,"r19","r19 applies|","r19",0
4795,"r19","r19 applies|","r19",0
28993,"r19","r19 applies|","r19",0
7548,"r19","r19 applies|","r19",0
9373,"r19","r19 applies|","r19",0
26697,"r19","r19 applies|","r19",0
5990,"r20","r20 applies|","r20",0
4275,"r19","r19 applies|","r19",0
15656,"r20","r20 applies|","r20",0
32913,"r19","r19 applies|","r19",0
3293,"r19","r19 applies|","r19",0
17853,"r19","r19 applies|","r19",0
43202,"r20","r20 applies|","r20",0
6080,"r19","r19 applies|","r19",0
2128,"r19","r19 applies|","r19",0
16373,"r19","r19 applies|","r19",0
43414,"r14 r16 r20","r20 applies->r16 applies & overides r20->r14 applies & overides r16|","r14",1
13443,"r19","r19 applies|","r19",0
44217,"r19","r19 applies|","r19",0
42809,"r19","r19 applies|","r19",0
6013,"r19","r19 applies|","r19",0
38592,"r19","r19 applies|","r19",0
32157,"r20","r20 applies|","r20",0
8205,"r19","r19 applies|","r19",0
16016,"r19","r19 applies|","r19",0
16643,"r19","r19 applies|","r19",0
12463,"r19","r19 applies|","r19",0
26777,"r20","r20 applies|","r20",0
14797,"r19","r19 applies|","r19",0
12820,"r20","r20 applies|","r20",0
14329,"r19","r19 applies|","r19",0
31832,"r19","r19 applies|","r19",0
12777,"r19","r19 applies|","r19",0
39626,"r19","r19 applies|","r19",0
2544,"r20","r20 applies|","r20",0
7605,"r19","r19 applies|","r19",0
9064,"r19","r19 applies|","r19",0
36200,"r19","r19 applies|","r19",0
41941,"r14 r16 r20","r20 applies->r16 applies & overides r20->r14 applies & overides r16|","r14",1
22035,"r19","r19 applies|","r19",0
1582,"r19","r19 applies|","r19",0
18856,"r19","r19 applies|","r19",0
5205,"r20","r20 applies|","r20",0
6151,"r19","r19 applies|","r19",0
6493,"r19","r19 applies|","r19",0
16636,"r19","r19 applies|","r19",0
34550,"r19","r19 applies|","r19",0
11196,"r19","r19 applies|","r19",0
25654,"r19","r19 applies|","r19",0
31999,"r19","r19 applies|","r19",0
12725,"r19","r19 applies|","r19",0
7911,"r19","r19 applies|","r19",0
22147,"r19","r19 applies|","r19",0
10360,"r19","r19 applies|","r19",0
29227,"r19","r19 applies|","r19",0
29794,"r19","r19 applies|","r19",0
20121,"r19","r19 applies|","r19",0
27728,"r19","r19 applies|","r19",0
12897,"r19","r19 applies|","r19",0
4854,"r20","r20 applies|","r20",0
44270,"r20","r20 applies|","r20",0
34248,"r20","r20 applies|","r20",0
15705,"r19","r19 applies|","r19",0
16359,"r19","r19 applies|","r19",0
3185,"r20","r20 applies|","r20",0
7617,"r19","r19 applies|","r19",0
34282,"r19","r19 applies|","r19",0
11842,"r20","r20 applies|","r20",0
28815,"r19","r19 applies|","r19",0
1296,"r19","r19 applies|","r19",0
5983,"r19","r19 applies|","r19",0
3613,"r19","r19 applies|","r19",0
20730,"r19","r19 applies|","r19",0
42282,"r20","r20 applies|","r20",0
8135,"r19","r19 applies|","r19",0
14149,"r19","r19 applies|","r19",0
41764,"r0 r18 r19","r19 applies->r18 applies & overides r19->r0 applies & overides r18|","r0",1
1065,"r19","r19 applies|","r19",0
4874,"r19","r19 applies|","r19",0
7745,"r20","r20 applies|","r20",0
29616,"r19","r19 applies|","r19",0
11274,"r19","r19 applies|","r19",0
8446,"r19","r19 applies|","r19",0
40021,"r19","r19 applies|","r19",0
17295,"r19","r19 applies|","r19",0
8966,"r19","r19 applies|","r19",0
39914,"r19","r19 applies|","r19",0
13336,"r19","r19 applies|","r19",0
4160,"r19","r19 applies|","r19",0
26031,"r19","r19 applies|","r19",0
14049,"r20","r20 applies|","r20",0
36048,"r19","r19 applies|","r19",0
23618,"r19","r19 applies|","r19",0
22377,"r19","r19 applies|","r19",0
33346,"r19","r19 applies|","r19",0
39006,"r19","r19 applies|","r19",0
9049,"r19","r19 applies|","r19",0
41726,"r19","r19 applies|","r19",0
16379,"r19","r19 applies|","r19",0
29328,"r20","r20 applies|","r20",0
18575,"r19","r19 applies|","r19",0
9522,"r19","r19 applies|","r19",0
41098,"r19","r19 applies|","r19",0
1036,"r19","r19 applies|","r19",0
20289,"r20","r20 applies|","r20",0
25887,"r19","r19 applies|","r19",0
42769,"r19","r19 applies|","r19",0
33411,"r19","r19 applies|","r19",0
40911,"r19","r19 applies|","r19",0
2444,"r19","r19 applies|","r19",0
10864,"r19","r19 applies|","r19",0
6329,"r19","r19 applies|","r19",0
10637,"r19","r19 applies|","r19",0
18020,"r19","r19 applies|","r19",0
24401,"r19","r19 applies|","r19",0
17816,"r19","r19 applies|","r19",0
39481,"r7 r18 r19","r19 applies->r18 applies & overides r19->r7 applies & overides r18|","r7",1
12481,"r20","r20 applies|","r20",0
8410,"r19","r19 applies|","r19",0
18251,"r19","r19 applies|","r19",0
11849,"r20","r20 applies|","r20",0
40093,"r20","r20 applies|","r20",0
40627,"r19","r19 applies|","r19",0
13425,"r19","r19 applies|","r19",0
32454,"r19","r19 applies|","r19",0
21103,"r19","r19 applies|","r19",0
17688,"r19","r19 applies|","r19",0
5720,"r19","r19 applies|","r19",0
30138,"r20","r20 applies|","r20",0
22346,"r19","r19 applies|","r19",0
37791,"r19","r19 applies|","r19",0
32582,"r20","r20 applies|","r20",0
35310,"r20","r20 applies|","r20",0
16152,"r19","r19 applies|","r19",0
30950,"r19","r19 applies|","r19",0
28341,"r19","r19 applies|","r19",0
7203,"r19","r19 applies|","r19",0
43953,"r6 r15 r18 r19","r19 applies->r18 applies & overides r19->r15 applies & overides r18->r6 applies & overides r15|","r6",0
23905,"r19","r19 applies|","r19",0
17002,"r20","r20 applies|","r20",0
7123,"r19","r19 applies|","r19",0
7583,"r20","r20 applies|","r20",0
28216,"r19","r19 applies|","r19",0
3387,"r19","r19 applies|","r19",0
21127,"r19","r19 applies|","r19",0
1490,"r19","r19 applies|","r19",0
26153,"r0 r18 r19","r19 applies->r18 applies & overides r19->r0 applies & overides r18|","r0",1
10344,"r19","r19 applies|","r19",0
28818,"r19","r19 applies|","r19",0
15683,"r19","r19 applies|","r19",0
37666,"r20","r20 applies|","r20",0
1842,"r19","r19 applies|","r19",0
34176,"r19","r19 applies|","r19",0
40172,"r19","r19 applies|","r19",0
39114,"r19","r19 applies|","r19",0
37019,"r19","r19 applies|","r19",0
12857,"r20","r20 applies|","r20",0
15883,"r19","r19 applies|","r19",0
30800,"r20","r20 applies|","r20",0
4355,"r19","r19 applies|","r19",0
32721,"r19","r19 applies|","r19",0
17668,"r19","r19 applies|","r19",0
17784,"r19","r19 applies|","r19",0
42622,"r19","r19 applies|","r19",0
12821,"r19","r19 applies|","r19",0
41382,"r19","r19 applies|","r19",0
45130,"r1 r18 r19","r19 applies->r18 applies & overides r19->r1 applies & overides r18|","r1",1
26865,"r19","r19 applies|","r19",0
26726,"r19","r19 applies|","r19",0
30237,"r19","r19 applies|","r19",0
27010,"r19","r19 applies|","r19",0
26739,"r19","r19 applies|","r19",0
6159,"r19","r19 applies|","r19",0
43298,"r19","r19 applies|","r19",0
16186,"r19","r19 applies|","r19",0
4781,"r19","r19 applies|","r19",0
10839,"r19","r19 applies|","r19",0
18177,"r19","r19 applies|","r19",0
22405,"r20","r20 applies|","r20",0
27619,"r19","r19 applies|","r19",0
3780,"r19","r19 applies|","r19",0
17892,"r19","r19 applies|","r19",0
6143,"r19","r19 applies|","r19",0
28959,"r20","r20 applies|","r20",0
8212,"r19","r19 applies|","r19",0
29637,"r20","r20 applies|","r20",0
32004,"r19","r19 applies|","r19",0
8611,"r19","r19 applies|","r19",0
7539,"r19","r19 applies|","r19",0
9342,"r19","r19 applies|","r19",0
4786,"r19","r19 applies|","r19",0
35099,"r19","r19 applies|","r19",0
31150,"r19","r19 applies|","r19",0
37663,"r19","r19 applies|","r19",0
42762,"r20","r20 applies|","r20",0
26429,"r20","r20 applies|","r20",0
42835,"r20","r20 applies|","r20",0
3425,"r19","r19 applies|","r19",0
21357,"r19","r19 applies|","r19",0
31894,"r19","r19 applies|","r19",0
28802,"r20","r20 applies|","r20",0
43759,"r19","r19 applies|","r19",0
32888,"r19","r19 applies|","r19",0
2977,"r20","r20 applies|","r20",0
30300,"r19","r19 applies|","r19",0
1833,"r20","r20 applies|","r20",0
3350,"r19","r19 applies|","r19",0
32583,"r20","r20 applies|","r20",0
1395,"r19","r19 applies|","r19",0
25375,"r19","r19 applies|","r19",0
34570,"r19","r19 applies|","r19",0
18115,"r19","r19 applies|","r19",0
5422,"r19","r19 applies|","r19",0
24060,"r20","r20 applies|","r20",0
4149,"r19","r19 applies|","r19",0
18546,"r20","r20 applies|","r20",0
21150,"r20","r20 applies|","r20",0
9685,"r19","r19 applies|","r19",0
39366,"r13 r16 r20","r20 applies->r16 applies & overides r20->r13 applies & overides r16|","r13",1
31232,"r19","r19 applies|","r19",0
42157,"r20","r20 applies|","r20",0
21389,"r19","r19 applies|","r19",0
27017,"r19","r19 applies|","r19",0
12458,"r19","r19 applies|","r19",0
33838,"r19","r19 applies|","r19",0
3914,"r19","r19 applies|","r19",0
39935,"r19","r19 applies|","r19",0
13688,"r19","r19 applies|","r19",0
33715,"r5 r10 r20","r20 applies->r10 applies & overides r20->r5 applies & overides r10|","r5",1
27967,"r19","r19 applies|","r19",0
40474,"r20","r20 applies|","r20",0
1893,"r19","r19 applies|","r19",0
29076,"r19","r19 applies|","r19",0
9127,"r19","r19 applies|","r19",0
34953,"r19","r19 applies|","r19",0
26267,"r19","r19 applies|","r19",0
6602,"r19","r19 applies|","r19",0
23511,"r19","r19 applies|","r19",0
23219,"r19","r19 applies|","r19",0
39053,"r19","r19 applies|","r19",0
18597,"r19","r19 applies|","r19",0
5211,"r19","r19 applies|","r19",0
36398,"r20","r20 applies|","r20",0
15948,"r20","r20 applies|","r20",0
1139,"r20","r20 applies|","r20",0
10704,"r19","r19 applies|","r19",0
37443,"r19","r19 applies|","r19",0
5387,"r19","r19 applies|","r19",0
26221,"r19","r19 applies|","r19",0
19124,"r20","r20 applies|","r20",0
18309,"r20","r20 applies|","r20",0
10846,"r19","r19 applies|","r19",0
21857,"r19","r19 applies|","r19",0
37118,"r20","r20 applies|","r20",0
588,"r20","r20 applies|","r20",0
11886,"r19","r19 applies|","r19",0
39457,"r19","r19 applies|","r19",0
19863,"r19","r19 applies|","r19",0
33655,"r19","r19 applies|","r19",0
43064,"r19","r19 applies|","r19",0
30920,"r19","r19 applies|","r19",0
26645,"r20","r20 applies|","r20",0
13017,"r19","r19 applies|","r19",0
11282,"r20","r20 applies|","r20",0
13074,"r19","r19 applies|","r19",0
33205,"r19","r19 applies|","r19",0
22957,"r19","r19 applies|","r19",0
30337,"r19","r19 applies|","r19",0
11768,"r19","r19 applies|","r19",0
16857,"r19","r19 applies|","r19",0
29067,"r19","r19 applies|","r19",0
17836,"r19","r19 applies|","r19",0
22464,"r19","r19 applies|","r19",0
5641,"r19","r19 applies|","r19",0
16896,"r19","r19 applies|","r19",0
12682,"r19","r19 applies|","r19",0
9974,"r19","r19 applies|","r19",0
38701,"r20","r20 applies|","r20",0
22140,"r19","r19 applies|","r19",0
35150,"r20","r20 applies|","r20",0
41134,"r19","r19 applies|","r19",0
37235,"r19","r19 applies|","r19",0
40513,"r20","r20 applies|","r20",0
9044,"r19","r19 applies|","r19",0
43650,"r19","r19 applies|","r19",0
24666,"r19","r19 applies|","r19",0
18967,"r19","r19 applies|","r19",0
34485,"r19","r19 applies|","r19",0
23468,"r19","r19 applies|","r19",0
24543,"r19","r19 applies|","r19",0
8913,"r19","r19 applies|","r19",0
1670,"r19","r19 applies|","r19",0
23133,"r19","r19 applies|","r19",0
41931,"r19","r19 applies|","r19",0
28493,"r20","r20 applies|","r20",0
16218,"r19","r19 applies|","r19",0
22822,"r19","r19 applies|","r19",0
23073,"r20","r20 applies|","r20",0
19204,"r19","r19 applies|","r19",0
36898,"r19","r19 applies|","r19",0
34021,"r19","r19 applies|","r19",0
9182,"r19","r19 applies|","r19",0
36173,"r19","r19 applies|","r19",0
22237,"r19","r19 applies|","r19",0
11610,"r19","r19 applies|","r19",0
44192,"r0 r18 r19","r19 applies->r18 applies & overides r19->r0 applies & overides r18|","r0",1
5970,"r19","r19 applies|","r19",0
16831,"r19","r19 applies|","r19",0
28676,"r19","r19 applies|","r19",0
31527,"r20","r20 applies|","r20",0
40449,"r19","r19 applies|","r19",0
11855,"r19","r19 applies|","r19",0
4780,"r19","r19 applies|","r19",0
6177,"r19","r19 applies|","r19",0
17181,"r20","r20 applies|","r20",0
35200,"r19","r19 applies|","r19",0
34885,"r19","r19 applies|","r19",0
11033,"r19","r19 applies|","r19",0
705,"r19","r19 applies|","r19",0
39854,"r19","r19 applies|","r19",0
18744,"r20","r20 applies|","r20",0
9404,"r19","r19 applies|","r19",0
17387,"r19","r19 applies|","r19",0
10603,"r19","r19 applies|","r19",0
18390,"r19","r19 applies|","r19",0
16989,"r19","r19 applies|","r19",0
40591,"r11 r16 r20","r20 applies->r16 applies & overides r20->r11 applies & overides r16|","r11",1
34878,"r19","r19 applies|","r19",0
17257,"r19","r19 applies|","r19",0
41053,"r3 r16 r20","r20 applies->r16 applies & overides r20->r3 applies & overides r16|","r3",1
24720,"r19","r19 applies|","r19",0
24561,"r19","r19 applies|","r19",0
33242,"r19","r19 applies|","r19",0
6992,"r19","r19 applies|","r19",0
17329,"r19","r19 applies|","r19",0
25316,"r19","r19 applies|","r19",0
1110,"r19","r19 applies|","r19",0
3266,"r19","r19 applies|","r19",0
20371,"r19","r19 applies|","r19",0
25305,"r19","r19 applies|","r19",0
30296,"r19","r19 applies|","r19",0
37755,"r19","r19 applies|","r19",0
35836,"r19","r19 applies|","r19",0
19265,"r19","r19 applies|","r19",0
42062,"r20","r20 applies|","r20",0
44717,"r19","r19 applies|","r19",0
4446,"r19","r19 applies|","r19",0
27517,"r19","r19 applies|","r19",0
40853,"r20","r20 applies|","r20",0
2012,"r19","r19 applies|","r19",0
20719,"r19","r19 applies|","r19",0
31855,"r20","r20 applies|","r20",0
4549,"r19","r19 applies|","r19",0
33789,"r19","r19 applies|","r19",0
27185,"r19","r19 applies|","r19",0
5197,"r20","r20 applies|","r20",0
44698,"r19","r19 applies|","r19",0
2163,"r20","r20 applies|","r20",0
12676,"r20","r20 applies|","r20",0
33720,"r19","r19 applies|","r19",0
263,"r19","r19 applies|","r19",0
44509,"r19","r19 applies|","r19",0
6787,"r19","r19 applies|","r19",0
32694,"r20","r20 applies|","r20",0
19872,"r20","r20 applies|","r20",0
28583,"r19","r19 applies|","r19",0
12574,"r19","r19 applies|","r19",0
15194,"r20","r20 applies|","r20",0
44179,"r20","r20 applies|","r20",0
41002,"r20","r20 applies|","r20",0
26209,"r20","r20 applies|","r20",0
5479,"r19","r19 applies|","r19",0
14815,"r19","r19 applies|","r19",0
34309,"r19","r19 applies|","r19",0
18153,"r19","r19 applies|","r19",0
19130,"r19","r19 applies|","r19",0
35330,"r19","r19 applies|","r19",0
3911,"r19","r19 applies|","r19",0
24345,"r19","r19 applies|","r19",0
42922,"r19","r19 applies|","r19",0
6542,"r19","r19 applies|","r19",0
36014,"r19","r19 applies|","r19",0
27781,"r19","r19 applies|","r19",0
23397,"r19","r19 applies|","r19",0
28156,"r19","r19 applies|","r19",0
36991,"r19","r19 applies|","r19",0
16029,"r19","r19 applies|","r19",0
37233,"r20","r20 applies|","r20",0
5234,"r19","r19 applies|","r19",0
28339,"r20","r20 applies|","r20",0
1683,"r19","r19 applies|","r19",0
34728,"r19","r19 applies|","r19",0
35513,"r19","r19 applies|","r19",0
5490,"r19","r19 applies|","r19",0
38679,"r19","r19 applies|","r19",0
25195,"r19","r19 applies|","r19",0
19213,"r20","r20 applies|","r20",0
44432,"r20","r20 applies|","r20",0
13493,"r19","r19 applies|","r19",0
26824,"r19","r19 applies|","r19",0
44289,"r19","r19 applies|","r19",0
27243,"r19","r19 applies|","r19",0
25101,"r19","r19 applies|","r19",0
14779,"r19","r19 applies|","r19",0
10913,"r19","r19 applies|","r19",0
13777,"r19","r19 applies|","r19",0
32028,"r5 r10 r20","r20 applies->r10 applies & overides r20->r5 applies & overides r10|","r5",1
3117,"r19","r19 applies|","r19",0
4119,"r19","r19 applies|","r19",0
17310,"r19","r19 applies|","r19",0
40810,"r20","r20 applies|","r20",0
20604,"r20","r20 applies|","r20",0
4035,"r19","r19 applies|","r19",0
42096,"r6 r15 r18 r19","r19 applies->r18 applies & overides r19->r15 applies & overides r18->r6 applies & overides r15|","r6",0
37952,"r19","r19 applies|","r19",0
34086,"r4 r10 r20","r20 applies->r10 applies & overides r20->r4 applies & overides r10|","r4",1
22422,"r19","r19 applies|","r19",0
26799,"r19","r19 applies|","r19",0
41884,"r19","r19 applies|","r19",0
7741,"r19","r19 applies|","r19",0
23255,"r19","r19 applies|","r19",0
22461,"r19","r19 applies|","r19",0
38913,"r20","r20 applies|","r20",0
30026,"r19","r19 applies|","r19",0
41171,"r19","r19 applies|","r19",0
28548,"r20","r20 applies|","r20",0
31424,"r19","r19 applies|","r19",0
32435,"r19","r19 applies|","r19",0
8229,"r19","r19 applies|","r19",0
43819,"r20","r20 applies|","r20",0
24231,"r19","r19 applies|","r19",0
24347,"r19","r19 applies|","r19",0
19331,"r20","r20 applies|","r20",0
29338,"r19","r19 applies|","r19",0
3751,"r19","r19 applies|","r19",0
18461,"r19","r19 applies|","r19",0
18480,"r20","r20 applies|","r20",0
24439,"r19","r19 applies|","r19",0
10719,"r19","r19 applies|","r19",0
30291,"r19","r19 applies|","r19",0
1422,"r20","r20 applies|","r20",0
44344,"r19","r19 applies|","r19",0
1552,"r19","r19 applies|","r19",0
25850,"r19","r19 applies|","r19",0
1445,"r19","r19 applies|","r19",0
31238,"r20","r20 applies|","r20",0
40889,"r6 r15 r18 r19","r19 applies->r18 applies & overides r19->r15 applies & overides r18->r6 applies & overides r15|","r6",0
22476,"r19","r19 applies|","r19",0
26133,"r20","r20 applies|","r20",0
37180,"r20","r20 applies|","r20",0
30668,"r19","r19 applies|","r19",0
7727,"r19","r19 applies|","r19",0
26725,"r19","r19 applies|","r19",0
22839,"r19","r19 applies|","r19",0
24526,"r19","r19 applies|","r19",0
33365,"r19","r19 applies|","r19",0
42557,"r19","r19 applies|","r19",0
44369,"r20","r20 applies|","r20",0
226,"r19","r19 applies|","r19",0
33955,"r19","r19 applies|","r19",0
32064,"r19","r19 applies|","r19",0
10161,"r19","r19 applies|","r19",0
15306,"r19","r19 applies|","r19",0
28653,"r19","r19 applies|","r19",0
25376,"r19","r19 applies|","r19",0
43028,"r19","r19 applies|","r19",0
20948,"r19","r19 applies|","r19",0
31038,"r19","r19 applies|","r19",0
14061,"r19","r19 applies|","r19",0
17040,"r19","r19 applies|","r19",0
16937,"r19","r19 applies|","r19",0
6571,"r19","r19 applies|","r19",0
23228,"r19","r19 applies|","r19",0
17403,"r19","r19 applies|","r19",0
38843,"r19","r19 applies|","r19",0
42094,"r19","r19 applies|","r19",0
23966,"r19","r19 applies|","r19",0
39472,"r19","r19 applies|","r19",0
44710,"r19","r19 applies|","r19",0
15907,"r20","r20 applies|","r20",0
43245,"r0 r18 r19","r19 applies->r18 applies & overides r19->r0 applies & overides r18|","r0",1
19030,"r19","r19 applies|","r19",0
14722,"r19","r19 applies|","r19",0
24170,"r20","r20 applies|","r20",0
22652,"r19","r19 applies|","r19",0
621,"r19","r19 applies|","r19",0
14980,"r20","r20 applies|","r20",0
16683,"r19","r19 applies|","r19",0
44110,"r19","r19 applies|","r19",0
26258,"r19","r19 applies|","r19",0
18663,"r19","r19 applies|","r19",0
8969,"r19","r19 applies|","r19",0
28925,"r19","r19 applies|","r19",0
11068,"r19","r19 applies|","r19",0
41482,"r19","r19 applies|","r19",0
22024,"r19","r19 applies|","r19",0
36854,"r19","r19 applies|","r19",0
23425,"r19","r19 applies|","r19",0
11061,"r20","r20 applies|","r20",0
8443,"r20","r20 applies|","r20",0
34829,"r19","r19 applies|","r19",0
10028,"r19","r19 applies|","r19",0
4397,"r19","r19 applies|","r19",0
9392,"r19","r19 applies|","r19",0
24198,"r19","r19 applies|","r19",0
2053,"r19","r19 applies|","r19",0
29382,"r19","r19 applies|","r19",0
23498,"r19","r19 applies|","r19",0
38024,"r19","r19 applies|","r19",0
9002,"r19","r19 applies|","r19",0
36238,"r19","r19 applies|","r19",0
603,"r19","r19 applies|","r19",0
32857,"r19","r19 applies|","r19",0
35146,"r19","r19 applies|","r19",0
13143,"r19","r19 applies|","r19",0
8744,"r19","r19 applies|","r19",0
1351,"r19","r19 applies|","r19",0
21555,"r19","r19 applies|","r19",0
43157,"r19","r19 applies|","r19",0
40874,"r19","r19 applies|","r19",0
1932,"r19","r19 applies|","r19",0
25900,"r20","r20 applies|","r20",0
19700,"r19","r19 applies|","r19",0
26827,"r20","r20 applies|","r20",0
8373,"r19","r19 applies|","r19",0
35903,"r19","r19 applies|","r19",0
20425,"r19","r19 applies|","r19",0
18587,"r19","r19 applies|","r19",0
16055,"r20","r20 applies|","r20",0
31015,"r19","r19 applies|","r19",0
8769,"r19","r19 applies|","r19",0
31950,"r19","r19 applies|","r19",0
18562,"r20","r20 applies|","r20",0
38355,"r19","r19 applies|","r19",0
3750,"r20","r20 applies|","r20",0
13854,"r19","r19 applies|","r19",0
28448,"r19","r19 applies|","r19",0
24819,"r19","r19 applies|","r19",0
8846,"r19","r19 applies|","r19",0
14177,"r20","r20 applies|","r20",0
19994,"r19","r19 applies|","r19",0
21387,"r19","r19 applies|","r19",0
31711,"r19","r19 applies|","r19",0
27068,"r19","r19 applies|","r19",0
25368,"r20","r20 applies|","r20",0
10576,"r19","r19 applies|","r19",0
42004,"r19","r19 applies|","r19",0
7950,"r19","r19 applies|","r19",0
1034,"r20","r20 applies|","r20",0
20485,"r19","r19 applies|","r19",0
29238,"r20","r20 applies|","r20",0
22046,"r19","r19 applies|","r19",0
15541,"r19","r19 applies|","r19",0
24951,"r19","r19 applies|","r19",0
5832,"r19","r19 applies|","r19",0
26494,"r19","r19 applies|","r19",0
28914,"r19","r19 applies|","r19",0
8562,"r19","r19 applies|","r19",0
26170,"r19","r19 applies|","r19",0
21898,"r19","r19 applies|","r19",0
3345,"r19","r19 applies|","r19",0
37649,"r19","r19 applies|","r19",0
21212,"r19","r19 applies|","r19",0
31219,"r19","r19 applies|","r19",0
44984,"r19","r19 applies|","r19",0
23472,"r20","r20 applies|","r20",0
33885,"r1 r18 r19","r19 applies->r18 applies & overides r19->r1 applies & overides r18|","r1",1
37302,"r19","r19 applies|","r19",0
35611,"r20","r20 applies|","r20",0
2752,"r19","r19 applies|","r19",0
43596,"r1 r18 r19","r19 applies->r18 applies & overides r19->r1 applies & overides r18|","r1",1
27955,"r19","r19 applies|","r19",0
38845,"r19","r19 applies|","r19",0
21151,"r19","r19 applies|","r19",0
26806,"r19","r19 applies|","r19",0
8616,"r19","r19 applies|","r19",0
18075,"r19","r19 applies|","r19",0
11060,"r20","r20 applies|","r20",0
38853,"r19","r19 applies|","r19",0
40189,"r19","r19 applies|","r19",0
30374,"r20","r20 applies|","r20",0
15132,"r19","r19 applies|","r19",0
15909,"r19","r19 applies|","r19",0
31882,"r19","r19 applies|","r19",0
34360,"r19","r19 applies|","r19",0
38676,"r19","r19 applies|","r19",0
2655,"r19","r19 applies|","r19",0
23388,"r19","r19 applies|","r19",0
4417,"r20","r20 applies|","r20",0
44139,"r3 r16 r20","r20 applies->r16 applies & overides r20->r3 applies & overides r16|","r3",1
44480,"r20","r20 applies|","r20",0
95,"r19","r19 applies|","r19",0
25776,"r19","r19 applies|","r19",0
13092,"r19","r19 applies|","r19",0
5386,"r19","r19 applies|","r19",0
35075,"r19","r19 applies|","r19",0
3684,"r19","r19 applies|","r19",0
8839,"r19","r19 applies|","r19",0
22229,"r19","r19 applies|","r19",0
11178,"r19","r19 applies|","r19",0
13253,"r19","r19 applies|","r19",0
30987,"r19","r19 applies|","r19",0
38266,"r19","r19 applies|","r19",0
12902,"r19","r19 applies|","r19",0
7764,"r20","r20 applies|","r20",0
30491,"r19","r19 applies|","r19",0
4020,"r19","r19 applies|","r19",0
9957,"r19","r19 applies|","r19",0
23692,"r19","r19 applies|","r19",0
18886,"r19","r19 applies|","r19",0
44447,"r19","r19 applies|","r19",0
24584,"r19","r19 applies|","r19",0
24483,"r19","r19 applies|","r19",0
26856,"r19","r19 applies|","r19",0
35589,"r19","r19 applies|","r19",0
37718,"r19","r19 applies|","r19",0
18210,"r19","r19 applies|","r19",0
3625,"r19","r19 applies|","r19",0
32378,"r19","r19 applies|","r19",0
5257,"r19","r19 applies|","r19",0
17210,"r19","r19 applies|","r19",0
14190,"r19","r19 applies|","r19",0
22765,"r19","r19 applies|","r19",0
38604,"r19","r19 applies|","r19",0
10554,"r19","r19 applies|","r19",0
30183,"r19","r19 applies|","r19",0
1252,"r19","r19 applies|","r19",0
26807,"r19","r19 applies|","r19",0
35436,"r19","r19 applies|","r19",0
21456,"r19","r19 applies|","r19",0
11302,"r19","r19 applies|","r19",0
43213,"r19","r19 applies|","r19",0
36488,"r19","r19 applies|","r19",0
5270,"r19","r19 applies|","r19",0
27197,"r19","r19 applies|","r19",0
23207,"r19","r19 applies|","r19",0
15994,"r20","r20 applies|","r20",0
9932,"r19","r19 applies|","r19",0
176,"r20","r20 applies|","r20",0
26898,"r19","r19 applies|","r19",0
36128,"r19","r19 applies|","r19",0
18778,"r19","r19 applies|","r19",0
36248,"r19","r19 applies|","r19",0
39219,"r8 r18 r19","r19 applies->r18 applies & overides r19->r8 applies & overides r18|","r8",0
3600,"r20","r20 applies|","r20",0
8485,"r19","r19 applies|","r19",0
11539,"r19","r19 applies|","r19",0
1884,"r19","r19 applies|","r19",0
30282,"r19","r19 applies|","r19",0
11249,"r19","r19 applies|","r19",0
38159,"r19","r19 applies|","r19",0
41718,"r19","r19 applies|","r19",0
13714,"r19","r19 applies|","r19",0
18332,"r19","r19 applies|","r19",0
29077,"r19","r19 applies|","r19",0
24624,"r19","r19 applies|","r19",0
32568,"r20","r20 applies|","r20",0
29522,"r19","r19 applies|","r19",0
2242,"r19","r19 applies|","r19",0
4992,"r20","r20 applies|","r20",0
13913,"r19","r19 applies|","r19",0
2469,"r19","r19 applies|","r19",0
32717,"r19","r19 applies|","r19",0
43574,"r13 r16 r20","r20 applies->r16 applies & overides r20->r13 applies & overides r16|","r13",1
37618,"r20","r20 applies|","r20",0
32469,"r20","r20 applies|","r20",0
20784,"r19","r19 applies|","r19",0
40820,"r19","r19 applies|","r19",0
44493,"r19","r19 applies|","r19",0
27941,"r19","r19 applies|","r19",0
37962,"r19","r19 applies|","r19",0
1333,"r20","r20 applies|","r20",0
7165,"r20","r20 applies|","r20",0
39933,"r19","r19 applies|","r19",0
17103,"r19","r19 applies|","r19",0
11339,"r19","r19 applies|","r19",0
5044,"r19","r19 applies|","r19",0
1877,"r19","r19 applies|","r19",0
13634,"r19","r19 applies|","r19",0
36009,"r19","r19 applies|","r19",0
22415,"r19","r19 applies|","r19",0
32035,"r20","r20 applies|","r20",0
33598,"r19","r19 applies|","r19",0
42567,"r3 r16 r20","r20 applies->r16 applies & overides r20->r3 applies & overides r16|","r3",1
31932,"r20","r20 applies|","r20",0
16511,"r19","r19 applies|","r19",0
26644,"r19","r19 applies|","r19",0
30087,"r20","r20 applies|","r20",0
28054,"r19","r19 applies|","r19",0
27609,"r19","r19 applies|","r19",0
1964,"r19","r19 applies|","r19",0
17289,"r19","r19 applies|","r19",0
1184,"r19","r19 applies|","r19",0
30463,"r19","r19 applies|","r19",0
43891,"r1 r18 r19","r19 applies->r18 applies & overides r19->r1 applies & overides r18|","r1",1
4555,"r19","r19 applies|","r19",0
8990,"r19","r19 applies|","r19",0
3351,"r19","r19 applies|","r19",0
34283,"r19","r19 applies|","r19",0
12579,"r19","r19 applies|","r19",0
35474,"r19","r19 applies|","r19",0
5724,"r19","r19 applies|","r19",0
14860,"r19","r19 applies|","r19",0
3356,"r19","r19 applies|","r19",0
975,"r19","r19 applies|","r19",0
13667,"r20","r20 applies|","r20",0
39477,"r19","r19 applies|","r19",0
17113,"r19","r19 applies|","r19",0
22256,"r19","r19 applies|","r19",0
19674,"r20","r20 applies|","r20",0
25104,"r19","r19 applies|","r19",0
10016,"r19","r19 applies|","r19",0
13422,"r19","r19 applies|","r19",0
33284,"r20","r20 applies|","r20",0
22675,"r19","r19 applies|","r19",0
43223,"r19","r19 applies|","r19",0
28720,"r19","r19 applies|","r19",0
33554,"r19","r19 applies|","r19",0
8453,"r19","r19 applies|","r19",0
22143,"r19","r19 applies|","r19",0
42452,"r20","r20 applies|","r20",0
38949,"r19","r19 applies|","r19",0
8347,"r19","r19 applies|","r19",0
39497,"r19","r19 applies|","r19",0
9675,"r19","r19 applies|","r19",0
27734,"r19","r19 applies|","r19",0
22343,"r19","r19 applies|","r19",0
32392,"r20","r20 applies|","r20",0
43718,"r19","r19 applies|","r19",0
19422,"r20","r20 applies|","r20",0
16243,"r19","r19 applies|","r19",0
8329,"r20","r20 applies|","r20",0
30805,"r19","r19 applies|","r19",0
17233,"r19","r19 applies|","r19",0
1119,"r19","r19 applies|","r19",0
971,"r19","r19 applies|","r19",0
10383,"r19","r19 applies|","r19",0
23611,"r20","r20 applies|","r20",0
22555,"r19","r19 applies|","r19",0
13311,"r19","r19 applies|","r19",0
27246,"r19","r19 applies|","r19",0
32285,"r20","r20 applies|","r20",0
2930,"r20","r20 applies|","r20",0
39140,"r19","r19 applies|","r19",0
40085,"r0 r18 r19","r19 applies->r18 applies & overides r19->r0 applies & overides r18|","r0",1
7819,"r20","r20 applies|","r20",0
5826,"r19","r19 applies|","r19",0
1502,"r19","r19 applies|","r19",0
22302,"r20","r20 applies|","r20",0
11411,"r19","r19 applies|","r19",0
16131,"r19","r19 applies|","r19",0
13597,"r19","r19 applies|","r19",0
8681,"r19","r19 applies|","r19",0
23712,"r19","r19 applies|","r19",0
35159,"r20","r20 applies|","r20",0
5564,"r19","r19 applies|","r19",0
22150,"r19","r19 applies|","r19",0
36288,"r20","r20 applies|","r20",0
20456,"r19","r19 applies|","r19",0
43308,"r19","r19 applies|","r19",0
39516,"r19","r19 applies|","r19",0
12013,"r19","r19 applies|","r19",0
24963,"r19","r19 applies|","r19",0
1892,"r19","r19 applies|","r19",0
20141,"r19","r19 applies|","r19",0
35442,"r19","r19 applies|","r19",0
7116,"r19","r19 applies|","r19",0
36406,"r19","r19 applies|","r19",0
14460,"r19","r19 applies|","r19",0
38656,"r19","r19 applies|","r19",0
19401,"r19","r19 applies|","r19",0
10878,"r19","r19 applies|","r19",0
37438,"r19","r19 applies|","r19",0
15637,"r19","r19 applies|","r19",0
21061,"r20","r20 applies|","r20",0
23182,"r20","r20 applies|","r20",0
21752,"r19","r19 applies|","r19",0
13583,"r19","r19 applies|","r19",0
24375,"r19","r19 applies|","r19",0
32445,"r19","r19 applies|","r19",0
9756,"r20","r20 applies|","r20",0
9577,"r19","r19 applies|","r19",0
42532,"r1 r18 r19","r19 applies->r18 applies & overides r19->r1 applies & overides r18|","r1",1
11482,"r19","r19 applies|","r19",0
27841,"r19","r19 applies|","r19",0
30547,"r19","r19 applies|","r19",0
25430,"r19","r19 applies|","r19",0
17476,"r19","r19 applies|","r19",0
14923,"r19","r19 applies|","r19",0
1633,"r19","r19 applies|","r19",0
27457,"r19","r19 applies|","r19",0
32911,"r19","r19 applies|","r19",0
17799,"r19","r19 applies|","r19",0
27910,"r19","r19 applies|","r19",0
40896,"r19","r19 applies|","r19",0
15224,"r19","r19 applies|","r19",0
5340,"r19","r19 applies|","r19",0
4767,"r19","r19 applies|","r19",0
6082,"r19","r19 applies|","r19",0
41509,"r20","r20 applies|","r20",0
41961,"r13 r16 r20","r20 applies->r16 applies & overides r20->r13 applies & overides r16|","r13",1
4890,"r19","r19 applies|","r19",0
19375,"r19","r19 applies|","r19",0
18682,"r19","r19 applies|","r19",0
33917,"r19","r19 applies|","r19",0
43543,"r19","r19 applies|","r19",0
37386,"r19","r19 applies|","r19",0
16305,"r19","r19 applies|","r19",0
10591,"r19","r19 applies|","r19",0
26356,"r19","r19 applies|","r19",0
22088,"r20","r20 applies|","r20",0
1849,"r19","r19 applies|","r19",0
38904,"r19","r19 applies|","r19",0
30778,"r19","r19 applies|","r19",0
34614,"r19","r19 applies|","r19",0
22699,"r20","r20 applies|","r20",0
12207,"r19","r19 applies|","r19",0
11053,"r19","r19 applies|","r19",0
44894,"r19","r19 applies|","r19",0
22478,"r19","r19 applies|","r19",0
35235,"r20","r20 applies|","r20",0
27594,"r19","r19 applies|","r19",0
26252,"r20","r20 applies|","r20",0
11877,"r19","r19 applies|","r19",0
36396,"r19","r19 applies|","r19",0
19423,"r19","r19 applies|","r19",0
36352,"r19","r19 applies|","r19",0
38423,"r19","r19 applies|","r19",0
43609,"r19","r19 applies|","r19",0
17035,"r19","r19 applies|","r19",0
12343,"r19","r19 applies|","r19",0
19709,"r19","r19 applies|","r19",0
24400,"r19","r19 applies|","r19",0
40928,"r19","r19 applies|","r19",0
15968,"r19","r19 applies|","r19",0
19729,"r19","r19 applies|","r19",0
42348,"r0 r18 r19","r19 applies->r18 applies & overides r19->r0 applies & overides r18|","r0",1
10209,"r19","r19 applies|","r19",0
25674,"r19","r19 applies|","r19",0
4731,"r20","r20 applies|","r20",0
36424,"r20","r20 applies|","r20",0
20278,"r19","r19 applies|","r19",0
8703,"r19","r19 applies|","r19",0
38466,"r19","r19 applies|","r19",0
42469,"r19","r19 applies|","r19",0
42130,"r20","r20 applies|","r20",0
36007,"r19","r19 applies|","r19",0
43843,"r19","r19 applies|","r19",0
41337,"r19","r19 applies|","r19",0
8326,"r20","r20 applies|","r20",0
25967,"r19","r19 applies|","r19",0
10724,"r19","r19 applies|","r19",0
41668,"r20","r20 applies|","r20",0
25,"r19","r19 applies|","r19",0
43247,"r19","r19 applies|","r19",0
12832,"r19","r19 applies|","r19",0
43043,"r6 r15 r18 r19","r19 applies->r18 applies & overides r19->r15 applies & overides r18->r6 applies & overides r15|","r6",0
33022,"r19","r19 applies|","r19",0
36740,"r19","r19 applies|","r19",0
33616,"r19","r19 applies|","r19",0
34117,"r19","r19 applies|","r19",0
4569,"r20","r20 applies|","r20",0
18226,"r19","r19 applies|","r19",0
42744,"r19","r19 applies|","r19",0
45118,"r19","r19 applies|","r19",0
10530,"r19","r19 applies|","r19",0
19104,"r19","r19 applies|","r19",0
11382,"r19","r19 applies|","r19",0
18144,"r19","r19 applies|","r19",0
19330,"r19","r19 applies|","r19",0
2220,"r19","r19 applies|","r19",0
32397,"r19","r19 applies|","r19",0
11167,"r19","r19 applies|","r19",0
23863,"r19","r19 applies|","r19",0
15566,"r20","r20 applies|","r20",0
33064,"r19","r19 applies|","r19",0
28367,"r19","r19 applies|","r19",0
20212,"r19","r19 applies|","r19",0
36780,"r19","r19 applies|","r19",0
12279,"r19","r19 applies|","r19",0
40735,"r1 r18 r19","r19 applies->r18 applies & overides r19->r1 applies & overides r18|","r1",1
27282,"r19","r19 applies|","r19",0
19769,"r19","r19 applies|","r19",0
43996,"r19","r19 applies|","r19",0
16901,"r20","r20 applies|","r20",0
29595,"r19","r19 applies|","r19",0
2384,"r19","r19 applies|","r19",0
13085,"r19","r19 applies|","r19",0
33599,"r19","r19 applies|","r19",0
23638,"r19","r19 applies|","r19",0
32027,"r19","r19 applies|","r19",0
9416,"r19","r19 applies|","r19",0
29224,"r19","r19 applies|","r19",0
34356,"r19","r19 applies|","r19",0
41048,"r19","r19 applies|","r19",0
33834,"r19","r19 applies|","r19",0
28078,"r19","r19 applies|","r19",0
41125,"r19","r19 applies|","r19",0
31864,"r19","r19 applies|","r19",0
34009,"r19","r19 applies|","r19",0
16138,"r20","r20 applies|","r20",0
13799,"r19","r19 applies|","r19",0
13812,"r19","r19 applies|","r19",0
30630,"r19","r19 applies|","r19",0
13999,"r19","r19 applies|","r19",0
9588,"r19","r19 applies|","r19",0
31755,"r20","r20 applies|","r20",0
27711,"r19","r19 applies|","r19",0
8754,"r19","r19 applies|","r19",0
38477,"r19","r19 applies|","r19",0
44406,"r19","r19 applies|","r19",0
35558,"r19","r19 applies|","r19",0
40774,"r19","r19 applies|","r19",0
19950,"r19","r19 applies|","r19",0
25817,"r20","r20 applies|","r20",0
10225,"r19","r19 applies|","r19",0
43120,"r19","r19 applies|","r19",0
22720,"r19","r19 applies|","r19",0
30355,"r19","r19 applies|","r19",0
15299,"r19","r19 applies|","r19",0
673,"r19","r19 applies|","r19",0
43371,"r9 r15 r18 r19","r19 applies->r18 applies & overides r19->r15 applies & overides r18->r9 applies & overides r15|","r9",0
16213,"r19","r19 applies|","r19",0
23741,"r19","r19 applies|","r19",0
40981,"r19","r19 applies|","r19",0
13546,"r20","r20 applies|","r20",0
31996,"r19","r19 applies|","r19",0
19678,"r19","r19 applies|","r19",0
29645,"r19","r19 applies|","r19",0
18667,"r19","r19 applies|","r19",0
15073,"r19","r19 applies|","r19",0
6111,"r19","r19 applies|","r19",0
27766,"r20","r20 applies|","r20",0
2403,"r19","r19 applies|","r19",0
30934,"r19","r19 applies|","r19",0
14375,"r20","r20 applies|","r20",0
6601,"r19","r19 applies|","r19",0
20062,"r20","r20 applies|","r20",0
2980,"r19","r19 applies|","r19",0
14065,"r19","r19 applies|","r19",0
25256,"r19","r19 applies|","r19",0
42518,"r19","r19 applies|","r19",0
3204,"r19","r19 applies|","r19",0
25737,"r19","r19 applies|","r19",0
30269,"r19","r19 applies|","r19",0
33694,"r19","r19 applies|","r19",0
25736,"r19","r19 applies|","r19",0
34507,"r19","r19 applies|","r19",0
43679,"r19","r19 applies|","r19",0
13144,"r19","r19 applies|","r19",0
14171,"r19","r19 applies|","r19",0
4268,"r19","r19 applies|","r19",0
3788,"r19","r19 applies|","r19",0
40086,"r19","r19 applies|","r19",0
4313,"r19","r19 applies|","r19",0
21926,"r19","r19 applies|","r19",0
23334,"r19","r19 applies|","r19",0
23013,"r19","r19 applies|","r19",0
19991,"r19","r19 applies|","r19",0
6948,"r19","r19 applies|","r19",0
22411,"r19","r19 applies|","r19",0
22668,"r19","r19 applies|","r19",0
28485,"r20","r20 applies|","r20",0
61,"r19","r19 applies|","r19",0
1194,"r20","r20 applies|","r20",0
43954,"r19","r19 applies|","r19",0
27668,"r19","r19 applies|","r19",0
14983,"r20","r20 applies|","r20",0
31728,"r19","r19 applies|","r19",0
6123,"r19","r19 applies|","r19",0
18049,"r19","r19 applies|","r19",0
39750,"r19","r19 applies|","r19",0
9076,"r20","r20 applies|","r20",0
23476,"r19","r19 applies|","r19",0
43547,"r19","r19 applies|","r19",0
23071,"r19","r19 applies|","r19",0
32382,"r19","r19 applies|","r19",0
30065,"r20","r20 applies|","r20",0
32424,"r20","r20 applies|","r20",0
11345,"r19","r19 applies|","r19",0
40106,"r19","r19 applies|","r19",0
34536,"r19","r19 applies|","r19",0
22563,"r19","r19 applies|","r19",0
3714,"r19","r19 applies|","r19",0
18059,"r19","r19 applies|","r19",0
30525,"r20","r20 applies|","r20",0
7369,"r19","r19 applies|","r19",0
6009,"r19","r19 applies|","r19",0
44707,"r19","r19 applies|","r19",0
39030,"r19","r19 applies|","r19",0
4753,"r19","r19 applies|","r19",0
23218,"r19","r19 applies|","r19",0
10203,"r19","r19 applies|","r19",0
6366,"r19","r19 applies|","r19",0
4461,"r20","r20 applies|","r20",0
505,"r19","r19 applies|","r19",0
39636,"r19","r19 applies|","r19",0
14325,"r19","r19 applies|","r19",0
18795,"r19","r19 applies|","r19",0
5674,"r19","r19 applies|","r19",0
4038,"r20","r20 applies|","r20",0
18464,"r19","r19 applies|","r19",0
36862,"r19","r19 applies|","r19",0
9171,"r19","r19 applies|","r19",0
41691,"r19","r19 applies|","r19",0
38696,"r19","r19 applies|","r19",0
33894,"r19","r19 applies|","r19",0
45154,"r19","r19 applies|","r19",0
10439,"r19","r19 applies|","r19",0
30255,"r19","r19 applies|","r19",0
39826,"r19","r19 applies|","r19",0
2297,"r19","r19 applies|","r19",0
40138,"r19","r19 applies|","r19",0
35348,"r19","r19 applies|","r19",0
37984,"r20","r20 applies|","r20",0
28756,"r19","r19 applies|","r19",0
10899,"r19","r19 applies|","r19",0
25815,"r19","r19 applies|","r19",0
3652,"r20","r20 applies|","r20",0
43780,"r19","r19 applies|","r19",0
10216,"r19","r19 applies|","r19",0
36143,"r19","r19 applies|","r19",0
13447,"r19","r19 applies|","r19",0
39310,"r19","r19 applies|","r19",0
1602,"r19","r19 applies|","r19",0
26033,"r19","r19 applies|","r19",0
13348,"r19","r19 applies|","r19",0
22196,"r19","r19 applies|","r19",0
37838,"r19","r19 applies|","r19",0
2627,"r19","r19 applies|","r19",0
4489,"r19","r19 applies|","r19",0
11573,"r20","r20 applies|","r20",0
14384,"r20","r20 applies|","r20",0
29970,"r19","r19 applies|","r19",0
26565,"r19","r19 applies|","r19",0
31979,"r20","r20 applies|","r20",0
34062,"r19","r19 applies|","r19",0
23534,"r19","r19 applies|","r19",0
24773,"r19","r19 applies|","r19",0
6346,"r19","r19 applies|","r19",0
19696,"r19","r19 applies|","r19",0
37575,"r13 r16 r20","r20 applies->r16 applies & overides r20->r13 applies & overides r16|","r13",1
743,"r19","r19 applies|","r19",0
44518,"r0 r18 r19","r19 applies->r18 applies & overides r19->r0 applies & overides r18|","r0",1
33408,"r19","r19 applies|","r19",0
28650,"r19","r19 applies|","r19",0
19490,"r20","r20 applies|","r20",0
23694,"r19","r19 applies|","r19",0
14930,"r19","r19 applies|","r19",0
30657,"r19","r19 applies|","r19",0
29028,"r19","r19 applies|","r19",0
29771,"r19","r19 applies|","r19",0
28010,"r19","r19 applies|","r19",0
7687,"r19","r19 applies|","r19",0
13584,"r19","r19 applies|","r19",0
41807,"r19","r19 applies|","r19",0
23868,"r19","r19 applies|","r19",0
25771,"r19","r19 applies|","r19",0
24443,"r19","r19 applies|","r19",0
38361,"r19","r19 applies|","r19",0
21503,"r19","r19 applies|","r19",0
21113,"r19","r19 applies|","r19",0
15936,"r19","r19 applies|","r19",0
7875,"r19","r19 applies|","r19",0
35711,"r19","r19 applies|","r19",0
37974,"r19","r19 applies|","r19",0
3940,"r19","r19 applies|","r19",0
42866,"r6 r15 r18 r19","r19 applies->r18 applies & overides r19->r15 applies & overides r18->r6 applies & overides r15|","r6",0
36767,"r19","r19 applies|","r19",0
32994,"r20","r20 applies|","r20",0
11385,"r19","r19 applies|","r19",0
42082,"r19","r19 applies|","r19",0
33425,"r19","r19 applies|","r19",0
36758,"r19","r19 applies|","r19",0
38875,"r19","r19 applies|","r19",0
30178,"r20","r20 applies|","r20",0
3300,"r19","r19 applies|","r19",0
15371,"r19","r19 applies|","r19",0
44935,"r20","r20 applies|","r20",0
6539,"r20","r20 applies|","r20",0
33899,"r1 r18 r19","r19 applies->r18 applies & overides r19->r1 applies & overides r18|","r1",1
10644,"r20","r20 applies|","r20",0
38990,"r19","r19 applies|","r19",0
30252,"r19","r19 applies|","r19",0
31616,"r0 r18 r19","r19 applies->r18 applies & overides r19->r0 applies & overides r18|","r0",1
14832,"r19","r19 applies|","r19",0
44855,"r19","r19 applies|","r19",0
2846,"r20","r20 applies|","r20",0
10357,"r20","r20 applies|","r20",0
34334,"r19","r19 applies|","r19",0
5888,"r19","r19 applies|","r19",0
28573,"r19","r19 applies|","r19",0
30197,"r19","r19 applies|","r19",0
42641,"r19","r19 applies|","r19",0
21611,"r19","r19 applies|","r19",0
42574,"r19","r19 applies|","r19",0
36333,"r19","r19 applies|","r19",0
40391,"r19","r19 applies|","r19",0
17630,"r19","r19 applies|","r19",0
27367,"r19","r19 applies|","r19",0
15596,"r19","r19 applies|","r19",0
5304,"r19","r19 applies|","r19",0
34699,"r19","r19 applies|","r19",0
31420,"r19","r19 applies|","r19",0
40564,"r19","r19 applies|","r19",0
18394,"r19","r19 applies|","r19",0
19627,"r19","r19 applies|","r19",0
10201,"r19","r19 applies|","r19",0
24494,"r20","r20 applies|","r20",0
8676,"r19","r19 applies|","r19",0
37409,"r19","r19 applies|","r19",0
29947,"r20","r20 applies|","r20",0
33298,"r19","r19 applies|","r19",0
42892,"r20","r20 applies|","r20",0
20971,"r19","r19 applies|","r19",0
42594,"r19","r19 applies|","r19",0
32080,"r19","r19 applies|","r19",0
38092,"r19","r19 applies|","r19",0
25572,"r20","r20 applies|","r20",0
8306,"r20","r20 applies|","r20",0
45163,"r1 r18 r19","r19 applies->r18 applies & overides r19->r1 applies & overides r18|","r1",1
19844,"r19","r19 applies|","r19",0
43525,"r2 r16 r20","r20 applies->r16 applies & overides r20->r2 applies & overides r16|","r2",1
12031,"r19","r19 applies|","r19",0
38319,"r19","r19 applies|","r19",0
14676,"r20","r20 applies|","r20",0
1645,"r19","r19 applies|","r19",0
27448,"r19","r19 applies|","r19",0
17646,"r19","r19 applies|","r19",0
940,"r19","r19 applies|","r19",0
13675,"r19","r19 applies|","r19",0
26365,"r19","r19 applies|","r19",0
19289,"r19","r19 applies|","r19",0
24568,"r19","r19 applies|","r19",0
27473,"r19","r19 applies|","r19",0
43674,"r7 r18 r19","r19 applies->r18 applies & overides r19->r7 applies & overides r18|","r7",1
16368,"r20","r20 applies|","r20",0
22526,"r20","r20 applies|","r20",0
19369,"r19","r19 applies|","r19",0
43382,"r19","r19 applies|","r19",0
10664,"r19","r19 applies|","r19",0
28766,"r20","r20 applies|","r20",0
42256,"r19","r19 applies|","r19",0
18146,"r19","r19 applies|","r19",0
40087,"r19","r19 applies|","r19",0
13651,"r19","r19 applies|","r19",0
36332,"r19","r19 applies|","r19",0
45136,"r19","r19 applies|","r19",0
14627,"r19","r19 applies|","r19",0
41927,"r19","r19 applies|","r19",0
3286,"r19","r19 applies|","r19",0
16088,"r19","r19 applies|","r19",0
23833,"r19","r19 applies|","r19",0
24562,"r19","r19 applies|","r19",0
31923,"r19","r19 applies|","r19",0
3273,"r19","r19 applies|","r19",0
26805,"r20","r20 applies|","r20",0
27732,"r19","r19 applies|","r19",0
21104,"r19","r19 applies|","r19",0
1953,"r20","r20 applies|","r20",0
33332,"r19","r19 applies|","r19",0
10258,"r19","r19 applies|","r19",0
24894,"r19","r19 applies|","r19",0
5282,"r19","r19 applies|","r19",0
42439,"r20","r20 applies|","r20",0
8044,"r19","r19 applies|","r19",0
17158,"r19","r19 applies|","r19",0
24959,"r19","r19 applies|","r19",0
23925,"r19","r19 applies|","r19",0
43656,"r7 r18 r19","r19 applies->r18 applies & overides r19->r7 applies & overides r18|","r7",1
16053,"r19","r19 applies|","r19",0
9829,"r19","r19 applies|","r19",0
43691,"r20","r20 applies|","r20",0
29797,"r19","r19 applies|","r19",0
33375,"r19","r19 applies|","r19",0
40201,"r19","r19 applies|","r19",0
13648,"r19","r19 applies|","r19",0
2781,"r19","r19 applies|","r19",0
5265,"r19","r19 applies|","r19",0
30013,"r20","r20 applies|","r20",0
4901,"r19","r19 applies|","r19",0
9311,"r19","r19 applies|","r19",0
23129,"r20","r20 applies|","r20",0
1084,"r19","r19 applies|","r19",0
2709,"r19","r19 applies|","r19",0
36517,"r19","r19 applies|","r19",0
16547,"r19","r19 applies|","r19",0
18608,"r19","r19 applies|","r19",0
38174,"r19","r19 applies|","r19",0
30142,"r20","r20 applies|","r20",0
2668,"r20","r20 applies|","r20",0
6335,"r19","r19 applies|","r19",0
280,"r19","r19 applies|","r19",0
8042,"r19","r19 applies|","r19",0
10983,"r19","r19 applies|","r19",0
36574,"r19","r19 applies|","r19",0
7275,"r19","r19 applies|","r19",0
24613,"r19","r19 applies|","r19",0
34252,"r19","r19 applies|","r19",0
20500,"r19","r19 applies|","r19",0
18489,"r19","r19 applies|","r19",0
10338,"r19","r19 applies|","r19",0
695,"r20","r20 applies|","r20",0
28861,"r19","r19 applies|","r19",0
37063,"r19","r19 applies|","r19",0
3702,"r20","r20 applies|","r20",0
34760,"r19","r19 applies|","r19",0
24843,"r19","r19 applies|","r19",0
878,"r20","r20 applies|","r20",0
1056,"r19","r19 applies|","r19",0
35458,"r19","r19 applies|","r19",0
25016,"r19","r19 applies|","r19",0
37459,"r19","r19 applies|","r19",0
39178,"r20","r20 applies|","r20",0
15915,"r19","r19 applies|","r19",0
11996,"r19","r19 applies|","r19",0
37756,"r19","r19 applies|","r19",0
24209,"r19","r19 applies|","r19",0
1009,"r19","r19 applies|","r19",0
20825,"r20","r20 applies|","r20",0
30802,"r19","r19 applies|","r19",0
20153,"r19","r19 applies|","r19",0
37857,"r19","r19 applies|","r19",0
14401,"r19","r19 applies|","r19",0
15525,"r19","r19 applies|","r19",0
14519,"r20","r20 applies|","r20",0
22146,"r19","r19 applies|","r19",0
16530,"r19","r19 applies|","r19",0
38767,"r19","r19 applies|","r19",0
5839,"r19","r19 applies|","r19",0
34352,"r19","r19 applies|","r19",0
14657,"r20","r20 applies|","r20",0
9995,"r19","r19 applies|","r19",0
45053,"r1 r18 r19","r19 applies->r18 applies & overides r19->r1 applies & overides r18|","r1",1
8314,"r19","r19 applies|","r19",0
35900,"r19","r19 applies|","r19",0
41101,"r19","r19 applies|","r19",0
23094,"r19","r19 applies|","r19",0
14293,"r19","r19 applies|","r19",0
5893,"r19","r19 applies|","r19",0
43524,"r19","r19 applies|","r19",0
20229,"r20","r20 applies|","r20",0
6163,"r20","r20 applies|","r20",0
32993,"r19","r19 applies|","r19",0
28012,"r19","r19 applies|","r19",0
23633,"r19","r19 applies|","r19",0
4126,"r19","r19 applies|","r19",0
30381,"r20","r20 applies|","r20",0
29086,"r19","r19 applies|","r19",0
44856,"r19","r19 applies|","r19",0
43868,"r19","r19 applies|","r19",0
23803,"r19","r19 applies|","r19",0
1701,"r19","r19 applies|","r19",0
42070,"r20","r20 applies|","r20",0
38428,"r19","r19 applies|","r19",0
34294,"r19","r19 applies|","r19",0
11740,"r20","r20 applies|","r20",0
34556,"r19","r19 applies|","r19",0
23995,"r19","r19 applies|","r19",0
7692,"r20","r20 applies|","r20",0
11377,"r20","r20 applies|","r20",0
34141,"r19","r19 applies|","r19",0
36115,"r19","r19 applies|","r19",0
31792,"r0 r18 r19","r19 applies->r18 applies & overides r19->r0 applies & overides r18|","r0",1
19099,"r19","r19 applies|","r19",0
34275,"r19","r19 applies|","r19",0
14951,"r19","r19 applies|","r19",0
39656,"r19","r19 applies|","r19",0
4205,"r19","r19 applies|","r19",0
35594,"r20","r20 applies|","r20",0
20925,"r19","r19 applies|","r19",0
16119,"r20","r20 applies|","r20",0
30798,"r19","r19 applies|","r19",0
27932,"r20","r20 applies|","r20",0
9933,"r19","r19 applies|","r19",0
20686,"r19","r19 applies|","r19",0
1452,"r19","r19 applies|","r19",0
28047,"r19","r19 applies|","r19",0
26519,"r20","r20 applies|","r20",0
31844,"r20","r20 applies|","r20",0
28870,"r19","r19 applies|","r19",0
13770,"r19","r19 applies|","r19",0
21540,"r19","r19 applies|","r19",0
23021,"r19","r19 applies|","r19",0
11174,"r20","r20 applies|","r20",0
43436,"r19","r19 applies|","r19",0
33872,"r4 r10 r20","r20 applies->r10 applies & overides r20->r4 applies & overides r10|","r4",1
1944,"r19","r19 applies|","r19",0
14961,"r20","r20 applies|","r20",0
19541,"r19","r19 applies|","r19",0
7086,"r19","r19 applies|","r19",0
33057,"r19","r19 applies|","r19",0
21681,"r19","r19 applies|","r19",0
15803,"r20","r20 applies|","r20",0
11641,"r19","r19 applies|","r19",0
30614,"r19","r19 applies|","r19",0
23406,"r19","r19 applies|","r19",0
24265,"r1 r18 r19","r19 applies->r18 applies & overides r19->r1 applies & overides r18|","r1",1
19451,"r19","r19 applies|","r19",0
8729,"r19","r19 applies|","r19",0
7051,"r19","r19 applies|","r19",0
36137,"r19","r19 applies|","r19",0
39955,"r19","r19 applies|","r19",0
26871,"r19","r19 applies|","r19",0
1524,"r19","r19 applies|","r19",0
4954,"r20","r20 applies|","r20",0
18653,"r19","r19 applies|","r19",0
23114,"r19","r19 applies|","r19",0
6305,"r19","r19 applies|","r19",0
6634,"r19","r19 applies|","r19",0
10907,"r19","r19 applies|","r19",0
42571,"r19","r19 applies|","r19",0
39067,"r19","r19 applies|","r19",0
21983,"r19","r19 applies|","r19",0
12294,"r19","r19 applies|","r19",0
31002,"r20","r20 applies|","r20",0
17677,"r19","r19 applies|","r19",0
7580,"r19","r19 applies|","r19",0
4082,"r19","r19 applies|","r19",0
22313,"r19","r19 applies|","r19",0
24189,"r19","r19 applies|","r19",0
4390,"r19","r19 applies|","r19",0
5534,"r19","r19 applies|","r19",0
32881,"r20","r20 applies|","r20",0
21454,"r20","r20 applies|","r20",0
16695,"r19","r19 applies|","r19",0
34365,"r19","r19 applies|","r19",0
10852,"r20","r20 applies|","r20",0
29013,"r19","r19 applies|","r19",0
9468,"r19","r19 applies|","r19",0
33691,"r19","r19 applies|","r19",0
42228,"r11 r16 r20","r20 applies->r16 applies & overides r20->r11 applies & overides r16|","r11",1
22219,"r19","r19 applies|","r19",0
17089,"r19","r19 applies|","r19",0
18503,"r19","r19 applies|","r19",0
251,"r19","r19 applies|","r19",0
2437,"r19","r19 applies|","r19",0
3946,"r19","r19 applies|","r19",0
38658,"r19","r19 applies|","r19",0
17190,"r19","r19 applies|","r19",0
5163,"r20","r20 applies|","r20",0
36438,"r19","r19 applies|","r19",0
31984,"r19","r19 applies|","r19",0
22281,"r19","r19 applies|","r19",0
40187,"r19","r19 applies|","r19",0
14454,"r20","r20 applies|","r20",0
13083,"r19","r19 applies|","r19",0
8425,"r19","r19 applies|","r19",0
40164,"r1 r18 r19","r19 applies->r18 applies & overides r19->r1 applies & overides r18|","r1",1
19238,"r19","r19 applies|","r19",0
35791,"r8 r18 r19","r19 applies->r18 applies & overides r19->r8 applies & overides r18|","r8",0
42307,"r19","r19 applies|","r19",0
40410,"r19","r19 applies|","r19",0
12672,"r19","r19 applies|","r19",0
39776,"r19","r19 applies|","r19",0
10742,"r20","r20 applies|","r20",0
3831,"r20","r20 applies|","r20",0
12768,"r19","r19 applies|","r19",0
30280,"r19","r19 applies|","r19",0
13312,"r19","r19 applies|","r19",0
2373,"r19","r19 applies|","r19",0
16948,"r19","r19 applies|","r19",0
18599,"r19","r19 applies|","r19",0
7793,"r20","r20 applies|","r20",0
43577,"r19","r19 applies|","r19",0
24855,"r20","r20 applies|","r20",0
23223,"r19","r19 applies|","r19",0
25197,"r19","r19 applies|","r19",0
30620,"r20","r20 applies|","r20",0
24459,"r19","r19 applies|","r19",0
31366,"r19","r19 applies|","r19",0
21835,"r19","r19 applies|","r19",0
24798,"r19","r19 applies|","r19",0
39078,"r19","r19 applies|","r19",0
2226,"r19","r19 applies|","r19",0
12132,"r19","r19 applies|","r19",0
28875,"r19","r19 applies|","r19",0
18826,"r19","r19 applies|","r19",0
35819,"r19","r19 applies|","r19",0
19256,"r19","r19 applies|","r19",0
22189,"r20","r20 applies|","r20",0
7969,"r19","r19 applies|","r19",0
18090,"r19","r19 applies|","r19",0
21034,"r19","r19 applies|","r19",0
17598,"r19","r19 applies|","r19",0
14127,"r19","r19 applies|","r19",0
7902,"r19","r19 applies|","r19",0
45035,"r9 r15 r18 r19","r19 applies->r18 applies & overides r19->r15 applies & overides r18->r9 applies & overides r15|","r9",0
17008,"r20","r20 applies|","r20",0
44979,"r19","r19 applies|","r19",0
14326,"r19","r19 applies|","r19",0
816,"r20","r20 applies|","r20",0
17201,"r20","r20 applies|","r20",0
35217,"r19","r19 applies|","r19",0
3122,"r19","r19 applies|","r19",0
39527,"r7 r18 r19","r19 applies->r18 applies & overides r19->r7 applies & overides r18|","r7",1
38499,"r19","r19 applies|","r19",0
17622,"r19","r19 applies|","r19",0
40057,"r19","r19 applies|","r19",0
8888,"r19","r19 applies|","r19",0
29229,"r19","r19 applies|","r19",0
25464,"r19","r19 applies|","r19",0
27274,"r19","r19 applies|","r19",0
11675,"r19","r19 applies|","r19",0
9664,"r19","r19 applies|","r19",0
29524,"r19","r19 applies|","r19",0
42324,"r20","r20 applies|","r20",0
29457,"r19","r19 applies|","r19",0
3292,"r19","r19 applies|","r19",0
32453,"r20","r20 applies|","r20",0
10337,"r19","r19 applies|","r19",0
43833,"r2 r16 r20","r20 applies->r16 applies & overides r20->r2 applies & overides r16|","r2",1
27416,"r20","r20 applies|","r20",0
28906,"r19","r19 applies|","r19",0
7462,"r19","r19 applies|","r19",0
19870,"r19","r19 applies|","r19",0
5861,"r19","r19 applies|","r19",0
15000,"r19","r19 applies|","r19",0
11652,"r19","r19 applies|","r19",0
31173,"r19","r19 applies|","r19",0
30881,"r20","r20 applies|","r20",0
24515,"r19","r19 applies|","r19",0
40003,"r19","r19 applies|","r19",0
43104,"r20","r20 applies|","r20",0
32208,"r20","r20 applies|","r20",0
8281,"r19","r19 applies|","r19",0
26597,"r19","r19 applies|","r19",0
39220,"r19","r19 applies|","r19",0
11025,"r20","r20 applies|","r20",0
35240,"r19","r19 applies|","r19",0
45171,"r19","r19 applies|","r19",0
22098,"r19","r19 applies|","r19",0
10002,"r19","r19 applies|","r19",0
447,"r20","r20 applies|","r20",0
13191,"r19","r19 applies|","r19",0
20242,"r19","r19 applies|","r19",0
31246,"r19","r19 applies|","r19",0
21861,"r19","r19 applies|","r19",0
31644,"r19","r19 applies|","r19",0
41033,"r2 r16 r20","r20 applies->r16 applies & overides r20->r2 applies & overides r16|","r2",1
34313,"r19","r19 applies|","r19",0
18752,"r19","r19 applies|","r19",0
40451,"r19","r19 applies|","r19",0
23088,"r19","r19 applies|","r19",0
41645,"r19","r19 applies|","r19",0
19833,"r19","r19 applies|","r19",0
11002,"r19","r19 applies|","r19",0
6427,"r19","r19 applies|","r19",0
42889,"r1 r18 r19","r19 applies->r18 applies & overides r19->r1 applies & overides r18|","r1",1
2894,"r19","r19 applies|","r19",0
43736,"r19","r19 applies|","r19",0
1326,"r19","r19 applies|","r19",0
34161,"r3 r16 r20","r20 applies->r16 applies & overides r20->r3 applies & overides r16|","r3",1
20319,"r19","r19 applies|","r19",0
10622,"r20","r20 applies|","r20",0
15273,"r20","r20 applies|","r20",0
13350,"r19","r19 applies|","r19",0
11233,"r19","r19 applies|","r19",0
20732,"r20","r20 applies|","r20",0
20585,"r19","r19 applies|","r19",0
12646,"r20","r20 applies|","r20",0
22181,"r19","r19 applies|","r19",0
18055,"r20","r20 applies|","r20",0
25807,"r19","r19 applies|","r19",0
12860,"r19","r19 applies|","r19",0
21733,"r19","r19 applies|","r19",0
44268,"r19","r19 applies|","r19",0
16209,"r20","r20 applies|","r20",0
39975,"r19","r19 applies|","r19",0
9298,"r19","r19 applies|","r19",0
6056,"r19","r19 applies|","r19",0
22468,"r19","r19 applies|","r19",0
29727,"r19","r19 applies|","r19",0
6748,"r19","r19 applies|","r19",0
9659,"r19","r19 applies|","r19",0
18096,"r20","r20 applies|","r20",0
10535,"r19","r19 applies|","r19",0
4146,"r19","r19 applies|","r19",0
33530,"r20","r20 applies|","r20",0
27723,"r19","r19 applies|","r19",0
11715,"r19","r19 applies|","r19",0
1332,"r19","r19 applies|","r19",0
5774,"r20","r20 applies|","r20",0
8961,"r20","r20 applies|","r20",0
32036,"r19","r19 applies|","r19",0
13922,"r19","r19 applies|","r19",0
26281,"r20","r20 applies|","r20",0
8593,"r20","r20 applies|","r20",0
30783,"r19","r19 applies|","r19",0
29983,"r20","r20 applies|","r20",0
27961,"r20","r20 applies|","r20",0
32274,"r20","r20 applies|","r20",0
30358,"r20","r20 applies|","r20",0
22283,"r19","r19 applies|","r19",0
9722,"r19","r19 applies|","r19",0
21724,"r19","r19 applies|","r19",0
40696,"r17 r18 r19","r19 applies->r18 applies & overides r19->r17 applies & overides r18|","r17",0
7349,"r20","r20 applies|","r20",0
20103,"r19","r19 applies|","r19",0
35624,"r19","r19 applies|","r19",0
4721,"r20","r20 applies|","r20",0
20365,"r19","r19 applies|","r19",0
15009,"r19","r19 applies|","r19",0
27842,"r20","r20 applies|","r20",0
21848,"r19","r19 applies|","r19",0
43432,"r19","r19 applies|","r19",0
38631,"r19","r19 applies|","r19",0
16526,"r20","r20 applies|","r20",0
16820,"r20","r20 applies|","r20",0
33196,"r14 r16 r20","r20 applies->r16 applies & overides r20->r14 applies & overides r16|","r14",1
2656,"r19","r19 applies|","r19",0
15393,"r20","r20 applies|","r20",0
44785,"r0 r18 r19","r19 applies->r18 applies & overides r19->r0 applies & overides r18|","r0",1
3725,"r19","r19 applies|","r19",0
16499,"r19","r19 applies|","r19",0
40897,"r19","r19 applies|","r19",0
25934,"r19","r19 applies|","r19",0
26517,"r19","r19 applies|","r19",0
21619,"r19","r19 applies|","r19",0
22492,"r19","r19 applies|","r19",0
9873,"r19","r19 applies|","r19",0
19064,"r19","r19 applies|","r19",0
22473,"r19","r19 applies|","r19",0
17192,"r19","r19 applies|","r19",0
3464,"r19","r19 applies|","r19",0
43456,"r19","r19 applies|","r19",0
16327,"r20","r20 applies|","r20",0
37226,"r19","r19 applies|","r19",0
32166,"r20","r20 applies|","r20",0
36350,"r20","r20 applies|","r20",0
39450,"r19","r19 applies|","r19",0
11637,"r19","r19 applies|","r19",0
40219,"r2 r16 r20","r20 applies->r16 applies & overides r20->r2 applies & overides r16|","r2",1
5391,"r19","r19 applies|","r19",0
40297,"r19","r19 applies|","r19",0
33910,"r19","r19 applies|","r19",0
4329,"r19","r19 applies|","r19",0
124,"r19","r19 applies|","r19",0
41776,"r19","r19 applies|","r19",0
44275,"r19","r19 applies|","r19",0
40942,"r17 r18 r19","r19 applies->r18 applies & overides r19->r17 applies & overides r18|","r17",0
9828,"r19","r19 applies|","r19",0
35715,"r19","r19 applies|","r19",0
623,"r19","r19 applies|","r19",0
4523,"r19","r19 applies|","r19",0
16845,"r19","r19 applies|","r19",0
26374,"r19","r19 applies|","r19",0
11394,"r20","r20 applies|","r20",0
41978,"r19","r19 applies|","r19",0
34107,"r19","r19 applies|","r19",0
22252,"r19","r19 applies|","r19",0
18391,"r19","r19 applies|","r19",0
17730,"r20","r20 applies|","r20",0
35320,"r20","r20 applies|","r20",0
41677,"r19","r19 applies|","r19",0
1432,"r19","r19 applies|","r19",0
23324,"r19","r19 applies|","r19",0
13865,"r19","r19 applies|","r19",0
8779,"r19","r19 applies|","r19",0
13805,"r19","r19 applies|","r19",0
14733,"r19","r19 applies|","r19",0
20244,"r20","r20 applies|","r20",0
36801,"r19","r19 applies|","r19",0
39461,"r19","r19 applies|","r19",0
23110,"r19","r19 applies|","r19",0
3810,"r19","r19 applies|","r19",0
39966,"r19","r19 applies|","r19",0
40215,"r19","r19 applies|","r19",0
19890,"r19","r19 applies|","r19",0
19487,"r19","r19 applies|","r19",0
21567,"r19","r19 applies|","r19",0
18844,"r20","r20 applies|","r20",0
36442,"r19","r19 applies|","r19",0
36872,"r20","r20 applies|","r20",0
14864,"r19","r19 applies|","r19",0
21422,"r20","r20 applies|","r20",0
17298,"r19","r19 applies|","r19",0
27885,"r19","r19 applies|","r19",0
44883,"r19","r19 applies|","r19",0
30622,"r20","r20 applies|","r20",0
14903,"r20","r20 applies|","r20",0
41513,"r19","r19 applies|","r19",0
38895,"r19","r19 applies|","r19",0
29812,"r19","r19 applies|","r19",0
27073,"r19","r19 applies|","r19",0
44972,"r19","r19 applies|","r19",0
1762,"r19","r19 applies|","r19",0
16350,"r19","r19 applies|","r19",0
33136,"r19","r19 applies|","r19",0
2531,"r19","r19 applies|","r19",0
5882,"r19","r19 applies|","r19",0
8339,"r19","r19 applies|","r19",0
22669,"r19","r19 applies|","r19",0
15944,"r19","r19 applies|","r19",0
38030,"r19","r19 applies|","r19",0
8634,"r19","r19 applies|","r19",0
31608,"r19","r19 applies|","r19",0
18065,"r19","r19 applies|","r19",0
37796,"r19","r19 applies|","r19",0
10097,"r19","r19 applies|","r19",0
22665,"r19","r19 applies|","r19",0
41124,"r19","r19 applies|","r19",0
9902,"r20","r20 applies|","r20",0
29685,"r19","r19 applies|","r19",0
8364,"r19","r19 applies|","r19",0
44420,"r19","r19 applies|","r19",0
465,"r19","r19 applies|","r19",0
45197,"r19","r19 applies|","r19",0
26333,"r19","r19 applies|","r19",0
22205,"r19","r19 applies|","r19",0
7193,"r19","r19 applies|","r19",0
14130,"r19","r19 applies|","r19",0
33139,"r19","r19 applies|","r19",0
40050,"r20","r20 applies|","r20",0
37753,"r19","r19 applies|","r19",0
42100,"r19","r19 applies|","r19",0
15872,"r19","r19 applies|","r19",0
11860,"r20","r20 applies|","r20",0
1668,"r20","r20 applies|","r20",0
15799,"r19","r19 applies|","r19",0
17311,"r19","r19 applies|","r19",0
44886,"r19","r19 applies|","r19",0
44712,"r19","r19 applies|","r19",0
24372,"r19","r19 applies|","r19",0
24394,"r19","r19 applies|","r19",0
21282,"r19","r19 applies|","r19",0
35141,"r19","r19 applies|","r19",0
19355,"r19","r19 applies|","r19",0
40636,"r20","r20 applies|","r20",0
38591,"r20","r20 applies|","r20",0
35495,"r19","r19 applies|","r19",0
42112,"r1 r18 r19","r19 applies->r18 applies & overides r19->r1 applies & overides r18|","r1",1
299,"r19","r19 applies|","r19",0
12113,"r19","r19 applies|","r19",0
43196,"r19","r19 applies|","r19",0
37198,"r19","r19 applies|","r19",0
21863,"r19","r19 applies|","r19",0
5305,"r19","r19 applies|","r19",0
39855,"r0 r18 r19","r19 applies->r18 applies & overides r19->r0 applies & overides r18|","r0",1
16102,"r20","r20 applies|","r20",0
3490,"r19","r19 applies|","r19",0
40148,"r19","r19 applies|","r19",0
16737,"r19","r19 applies|","r19",0
18866,"r19","r19 applies|","r19",0
15539,"r19","r19 applies|","r19",0
35600,"r19","r19 applies|","r19",0
10538,"r19","r19 applies|","r19",0
15739,"r19","r19 applies|","r19",0
10857,"r19","r19 applies|","r19",0
34777,"r19","r19 applies|","r19",0
44714,"r20","r20 applies|","r20",0
5732,"r19","r19 applies|","r19",0
12248,"r20","r20 applies|","r20",0
21747,"r19","r19 applies|","r19",0
38378,"r19","r19 applies|","r19",0
38742,"r19","r19 applies|","r19",0
42969,"r20","r20 applies|","r20",0
7943,"r19","r19 applies|","r19",0
42368,"r19","r19 applies|","r19",0
42023,"r19","r19 applies|","r19",0
31522,"r19","r19 applies|","r19",0
32733,"r19","r19 applies|","r19",0
42586,"r17 r18 r19","r19 applies->r18 applies & overides r19->r17 applies & overides r18|","r17",0
13236,"r19","r19 applies|","r19",0
26116,"r19","r19 applies|","r19",0
20908,"r19","r19 applies|","r19",0
17366,"r19","r19 applies|","r19",0
44105,"r19","r19 applies|","r19",0
29060,"r19","r19 applies|","r19",0
313,"r19","r19 applies|","r19",0
14585,"r20","r20 applies|","r20",0
15826,"r19","r19 applies|","r19",0
12992,"r19","r19 applies|","r19",0
19540,"r19","r19 applies|","r19",0
1258,"r19","r19 applies|","r19",0
35991,"r19","r19 applies|","r19",0
8195,"r19","r19 applies|","r19",0
6396,"r19","r19 applies|","r19",0
31439,"r19","r19 applies|","r19",0
15565,"r20","r20 applies|","r20",0
36375,"r19","r19 applies|","r19",0
22032,"r19","r19 applies|","r19",0
32591,"r19","r19 applies|","r19",0
21965,"r20","r20 applies|","r20",0
39116,"r19","r19 applies|","r19",0
21280,"r19","r19 applies|","r19",0
28937,"r19","r19 applies|","r19",0
43960,"r19","r19 applies|","r19",0
41693,"r19","r19 applies|","r19",0
24777,"r19","r19 applies|","r19",0
29946,"r19","r19 applies|","r19",0
4657,"r19","r19 applies|","r19",0
13309,"r20","r20 applies|","r20",0
37406,"r20","r20 applies|","r20",0
20978,"r19","r19 applies|","r19",0
22818,"r19","r19 applies|","r19",0
17164,"r19","r19 applies|","r19",0
33083,"r19","r19 applies|","r19",0
3475,"r19","r19 applies|","r19",0
29400,"r20","r20 applies|","r20",0
15251,"r19","r19 applies|","r19",0
5266,"r19","r19 applies|","r19",0
22852,"r20","r20 applies|","r20",0
38371,"r19","r19 applies|","r19",0
22986,"r19","r19 applies|","r19",0
3426,"r19","r19 applies|","r19",0
43659,"r7 r18 r19","r19 applies->r18 applies & overides r19->r7 applies & overides r18|","r7",1
30123,"r19","r19 applies|","r19",0
18010,"r19","r19 applies|","r19",0
33628,"r19","r19 applies|","r19",0
44007,"r19","r19 applies|","r19",0
36899,"r19","r19 applies|","r19",0
1242,"r19","r19 applies|","r19",0
9479,"r20","r20 applies|","r20",0
12038,"r19","r19 applies|","r19",0
33861,"r19","r19 applies|","r19",0
17574,"r19","r19 applies|","r19",0
37465,"r19","r19 applies|","r19",0
23722,"r20","r20 applies|","r20",0
10468,"r19","r19 applies|","r19",0
40744,"r9 r15 r18 r19","r19 applies->r18 applies & overides r19->r15 applies & overides r18->r9 applies & overides r15|","r9",0
27976,"r20","r20 applies|","r20",0
19125,"r19","r19 applies|","r19",0
41372,"r19","r19 applies|","r19",0
43395,"r5 r10 r20","r20 applies->r10 applies & overides r20->r5 applies & overides r10|","r5",1
21751,"r19","r19 applies|","r19",0
12112,"r19","r19 applies|","r19",0
28926,"r19","r19 applies|","r19",0
40787,"r19","r19 applies|","r19",0
11741,"r20","r20 applies|","r20",0
10236,"r20","r20 applies|","r20",0
10275,"r19","r19 applies|","r19",0
27532,"r19","r19 applies|","r19",0
26607,"r19","r19 applies|","r19",0
44739,"r3 r16 r20","r20 applies->r16 applies & overides r20->r3 applies & overides r16|","r3",1
11115,"r20","r20 applies|","r20",0
26458,"r19","r19 applies|","r19",0
41716,"r19","r19 applies|","r19",0
36157,"r20","r20 applies|","r20",0
4969,"r20","r20 applies|","r20",0
39297,"r19","r19 applies|","r19",0
27520,"r19","r19 applies|","r19",0
29000,"r19","r19 applies|","r19",0
18804,"r19","r19 applies|","r19",0
7002,"r19","r19 applies|","r19",0
16950,"r19","r19 applies|","r19",0
37877,"r19","r19 applies|","r19",0
25793,"r19","r19 applies|","r19",0
18260,"r19","r19 applies|","r19",0
14239,"r19","r19 applies|","r19",0
44625,"r19","r19 applies|","r19",0
38694,"r19","r19 applies|","r19",0
13980,"r20","r20 applies|","r20",0
32232,"r19","r19 applies|","r19",0
3439,"r19","r19 applies|","r19",0
11596,"r19","r19 applies|","r19",0
39752,"r19","r19 applies|","r19",0
13361,"r19","r19 applies|","r19",0
11237,"r19","r19 applies|","r19",0
5522,"r19","r19 applies|","r19",0
20837,"r19","r19 applies|","r19",0
45117,"r19","r19 applies|","r19",0
31731,"r19","r19 applies|","r19",0
1856,"r19","r19 applies|","r19",0
6995,"r19","r19 applies|","r19",0
20979,"r19","r19 applies|","r19",0
55,"r19","r19 applies|","r19",0
28088,"r20","r20 applies|","r20",0
37513,"r20","r20 applies|","r20",0
39041,"r19","r19 applies|","r19",0
16087,"r19","r19 applies|","r19",0
897,"r19","r19 applies|","r19",0
44572,"r1 r18 r19","r19 applies->r18 applies & overides r19->r1 applies & overides r18|","r1",1
40536,"r19","r19 applies|","r19",0
43956,"r19","r19 applies|","r19",0
20488,"r19","r19 applies|","r19",0
36401,"r19","r19 applies|","r19",0
1867,"r20","r20 applies|","r20",0
17294,"r19","r19 applies|","r19",0
1055,"r19","r19 applies|","r19",0
256,"r19","r19 applies|","r19",0
15269,"r19","r19 applies|","r19",0
25932,"r19","r19 applies|","r19",0
2596,"r19","r19 applies|","r19",0
25564,"r20","r20 applies|","r20",0
1666,"r19","r19 applies|","r19",0
25974,"r19","r19 applies|","r19",0
2897,"r19","r19 applies|","r19",0
4295,"r19","r19 applies|","r19",0
43651,"r8 r18 r19","r19 applies->r18 applies & overides r19->r8 applies & overides r18|","r8",0
43488,"r1 r18 r19","r19 applies->r18 applies & overides r19->r1 applies & overides r18|","r1",1
33701,"r5 r10 r20","r20 applies->r10 applies & overides r20->r5 applies & overides r10|","r5",1
20467,"r19","r19 applies|","r19",0
19903,"r20","r20 applies|","r20",0
10563,"r19","r19 applies|","r19",0
17841,"r19","r19 applies|","r19",0
34975,"r19","r19 applies|","r19",0
7031,"r19","r19 applies|","r19",0
17155,"r19","r19 applies|","r19",0
43917,"r20","r20 applies|","r20",0
17042,"r20","r20 applies|","r20",0
10884,"r19","r19 applies|","r19",0
7788,"r19","r19 applies|","r19",0
39785,"r19","r19 applies|","r19",0
4281,"r19","r19 applies|","r19",0
20147,"r19","r19 applies|","r19",0
17899,"r19","r19 applies|","r19",0
27307,"r19","r19 applies|","r19",0
12362,"r19","r19 applies|","r19",0
7962,"r19","r19 applies|","r19",0
40116,"r19","r19 applies|","r19",0
2240,"r19","r19 applies|","r19",0
44800,"r19","r19 applies|","r19",0
36025,"r19","r19 applies|","r19",0
25132,"r19","r19 applies|","r19",0
2023,"r19","r19 applies|","r19",0
28845,"r19","r19 applies|","r19",0
33200,"r19","r19 applies|","r19",0
11264,"r19","r19 applies|","r19",0
39508,"r20","r20 applies|","r20",0
29854,"r19","r19 applies|","r19",0
43913,"r3 r16 r20","r20 applies->r16 applies & overides r20->r3 applies & overides r16|","r3",1
26261,"r19","r19 applies|","r19",0
3754,"r19","r19 applies|","r19",0
30832,"r19","r19 applies|","r19",0
25098,"r19","r19 applies|","r19",0
5325,"r19","r19 applies|","r19",0
27415,"r19","r19 applies|","r19",0
26410,"r19","r19 applies|","r19",0
42707,"r19","r19 applies|","r19",0
16767,"r19","r19 applies|","r19",0
44017,"r0 r18 r19","r19 applies->r18 applies & overides r19->r0 applies & overides r18|","r0",1
35324,"r19","r19 applies|","r19",0
10915,"r19","r19 applies|","r19",0
36955,"r19","r19 applies|","r19",0
36504,"r19","r19 applies|","r19",0
7185,"r19","r19 applies|","r19",0
40878,"r19","r19 applies|","r19",0
10803,"r19","r19 applies|","r19",0
13604,"r20","r20 applies|","r20",0
17413,"r19","r19 applies|","r19",0
6098,"r19","r19 applies|","r19",0
27506,"r19","r19 applies|","r19",0
18725,"r19","r19 applies|","r19",0
32682,"r19","r19 applies|","r19",0
28521,"r19","r19 applies|","r19",0
7171,"r19","r19 applies|","r19",0
12913,"r19","r19 applies|","r19",0
8696,"r19","r19 applies|","r19",0
8694,"r19","r19 applies|","r19",0
26612,"r20","r20 applies|","r20",0
29630,"r20","r20 applies|","r20",0
31100,"r19","r19 applies|","r19",0
44852,"r1 r18 r19","r19 applies->r18 applies & overides r19->r1 applies & overides r18|","r1",1
8312,"r19","r19 applies|","r19",0
17075,"r19","r19 applies|","r19",0
26733,"r19","r19 applies|","r19",0
39141,"r19","r19 applies|","r19",0
12686,"r20","r20 applies|","r20",0
8078,"r19","r19 applies|","r19",0
15234,"r19","r19 applies|","r19",0
1538,"r19","r19 applies|","r19",0
44287,"r13 r16 r20","r20 applies->r16 applies & overides r20->r13 applies & overides r16|","r13",1
13378,"r19","r19 applies|","r19",0
40886,"r0 r18 r19","r19 applies->r18 applies & overides r19->r0 applies & overides r18|","r0",1
620,"r19","r19 applies|","r19",0
27720,"r19","r19 applies|","r19",0
5223,"r19","r19 applies|","r19",0
14604,"r19","r19 applies|","r19",0
21677,"r19","r19 applies|","r19",0
40782,"r19","r19 applies|","r19",0
29491,"r19","r19 applies|","r19",0
39968,"r19","r19 applies|","r19",0
33983,"r19","r19 applies|","r19",0
19344,"r19","r19 applies|","r19",0
16253,"r19","r19 applies|","r19",0
39613,"r19","r19 applies|","r19",0
15745,"r19","r19 applies|","r19",0
3889,"r20","r20 applies|","r20",0
29895,"r19","r19 applies|","r19",0
36440,"r20","r20 applies|","r20",0
405,"r19","r19 applies|","r19",0
14858,"r19","r19 applies|","r19",0
28484,"r19","r19 applies|","r19",0
43664,"r14 r16 r20","r20 applies->r16 applies & overides r20->r14 applies & overides r16|","r14",1
3501,"r20","r20 applies|","r20",0
1978,"r19","r19 applies|","r19",0
8596,"r19","r19 applies|","r19",0
1572,"r20","r20 applies|","r20",0
43010,"r20","r20 applies|","r20",0
9621,"r19","r19 applies|","r19",0
29513,"r19","r19 applies|","r19",0
33819,"r19","r19 applies|","r19",0
1956,"r19","r19 applies|","r19",0
19414,"r19","r19 applies|","r19",0
42052,"r19","r19 applies|","r19",0
38832,"r19","r19 applies|","r19",0
9510,"r19","r19 applies|","r19",0
29533,"r19","r19 applies|","r19",0
40543,"r19","r19 applies|","r19",0
36806,"r19","r19 applies|","r19",0
43557,"r19","r19 applies|","r19",0
37906,"r19","r19 applies|","r19",0
28778,"r19","r19 applies|","r19",0
26946,"r19","r19 applies|","r19",0
39288,"r19","r19 applies|","r19",0
29959,"r19","r19 applies|","r19",0
96,"r20","r20 applies|","r20",0
44388,"r20","r20 applies|","r20",0
9055,"r19","r19 applies|","r19",0
18535,"r19","r19 applies|","r19",0
7891,"r20","r20 applies|","r20",0
8879,"r20","r20 applies|","r20",0
15551,"r19","r19 applies|","r19",0
33246,"r19","r19 applies|","r19",0
28577,"r19","r19 applies|","r19",0
20083,"r20","r20 applies|","r20",0
8130,"r19","r19 applies|","r19",0
10722,"r20","r20 applies|","r20",0
36860,"r19","r19 applies|","r19",0
32194,"r19","r19 applies|","r19",0
2633,"r19","r19 applies|","r19",0
9129,"r19","r19 applies|","r19",0
23165,"r19","r19 applies|","r19",0
18907,"r20","r20 applies|","r20",0
18668,"r19","r19 applies|","r19",0
32794,"r20","r20 applies|","r20",0
3656,"r19","r19 applies|","r19",0
15077,"r19","r19 applies|","r19",0
44655,"r11 r16 r20","r20 applies->r16 applies & overides r20->r11 applies & overides r16|","r11",1
1339,"r19","r19 applies|","r19",0
31358,"r19","r19 applies|","r19",0
753,"r19","r19 applies|","r19",0
6391,"r19","r19 applies|","r19",0
5505,"r19","r19 applies|","r19",0
4404,"r20","r20 applies|","r20",0
30324,"r19","r19 applies|","r19",0
6292,"r19","r19 applies|","r19",0
9556,"r19","r19 applies|","r19",0
36533,"r19","r19 applies|","r19",0
2555,"r19","r19 applies|","r19",0
16289,"r19","r19 applies|","r19",0
39542,"r9 r15 r18 r19","r19 applies->r18 applies & overides r19->r15 applies & overides r18->r9 applies & overides r15|","r9",0
32841,"r19","r19 applies|","r19",0
31589,"r19","r19 applies|","r19",0
19443,"r19","r19 applies|","r19",0
43588,"r19","r19 applies|","r19",0
20662,"r19","r19 applies|","r19",0
8941,"r20","r20 applies|","r20",0
27656,"r19","r19 applies|","r19",0
36423,"r20","r20 applies|","r20",0
19605,"r19","r19 applies|","r19",0
10847,"r19","r19 applies|","r19",0
29433,"r19","r19 applies|","r19",0
6648,"r19","r19 applies|","r19",0
15873,"r19","r19 applies|","r19",0
25435,"r20","r20 applies|","r20",0
25789,"r20","r20 applies|","r20",0
42548,"r0 r18 r19","r19 applies->r18 applies & overides r19->r0 applies & overides r18|","r0",1
4468,"r19","r19 applies|","r19",0
9236,"r19","r19 applies|","r19",0
11628,"r19","r19 applies|","r19",0
32355,"r19","r19 applies|","r19",0
3366,"r20","r20 applies|","r20",0
24336,"r19","r19 applies|","r19",0
10614,"r19","r19 applies|","r19",0
42757,"r20","r20 applies|","r20",0
2883,"r20","r20 applies|","r20",0
40248,"r20","r20 applies|","r20",0
8868,"r19","r19 applies|","r19",0
28693,"r20","r20 applies|","r20",0
27152,"r19","r19 applies|","r19",0
4481,"r20","r20 applies|","r20",0
36944,"r19","r19 applies|","r19",0
14663,"r19","r19 applies|","r19",0
39649,"r20","r20 applies|","r20",0
44434,"r19","r19 applies|","r19",0
30748,"r20","r20 applies|","r20",0
18965,"r19","r19 applies|","r19",0
36773,"r20","r20 applies|","r20",0
41473,"r0 r18 r19","r19 applies->r18 applies & overides r19->r0 applies & overides r18|","r0",1
3196,"r19","r19 applies|","r19",0
40590,"r19","r19 applies|","r19",0
27432,"r20","r20 applies|","r20",0
34327,"r19","r19 applies|","r19",0
19033,"r19","r19 applies|","r19",0
29816,"r19","r19 applies|","r19",0
26343,"r19","r19 applies|","r19",0
29740,"r19","r19 applies|","r19",0
13784,"r19","r19 applies|","r19",0
10130,"r19","r19 applies|","r19",0
38165,"r19","r19 applies|","r19",0
7534,"r20","r20 applies|","r20",0
16584,"r19","r19 applies|","r19",0
29906,"r19","r19 applies|","r19",0
6414,"r19","r19 applies|","r19",0
2307,"r19","r19 applies|","r19",0
10836,"r19","r19 applies|","r19",0
8249,"r19","r19 applies|","r19",0
19517,"r19","r19 applies|","r19",0
16841,"r19","r19 applies|","r19",0
23596,"r19","r19 applies|","r19",0
42249,"r19","r19 applies|","r19",0
42331,"r19","r19 applies|","r19",0
16167,"r19","r19 applies|","r19",0
4792,"r19","r19 applies|","r19",0
44749,"r11 r16 r20","r20 applies->r16 applies & overides r20->r11 applies & overides r16|","r11",1
9190,"r19","r19 applies|","r19",0
10134,"r20","r20 applies|","r20",0
6010,"r19","r19 applies|","r19",0
25536,"r19","r19 applies|","r19",0
24523,"r19","r19 applies|","r19",0
1852,"r20","r20 applies|","r20",0
26544,"r19","r19 applies|","r19",0
26050,"r19","r19 applies|","r19",0
24647,"r19","r19 applies|","r19",0
39572,"r20","r20 applies|","r20",0
4096,"r19","r19 applies|","r19",0
9842,"r19","r19 applies|","r19",0
28734,"r20","r20 applies|","r20",0
8354,"r19","r19 applies|","r19",0
23261,"r19","r19 applies|","r19",0
2204,"r20","r20 applies|","r20",0
34999,"r19","r19 applies|","r19",0
4552,"r19","r19 applies|","r19",0
28661,"r20","r20 applies|","r20",0
36677,"r20","r20 applies|","r20",0
33638,"r19","r19 applies|","r19",0
33514,"r19","r19 applies|","r19",0
37926,"r20","r20 applies|","r20",0
32074,"r19","r19 applies|","r19",0
10826,"r19","r19 applies|","r19",0
8450,"r19","r19 applies|","r19",0
15257,"r19","r19 applies|","r19",0
9853,"r19","r19 applies|","r19",0
15343,"r19","r19 applies|","r19",0
43356,"r19","r19 applies|","r19",0
42870,"r0 r18 r19","r19 applies->r18 applies & overides r19->r0 applies & overides r18|","r0",1
34586,"r19","r19 applies|","r19",0
38622,"r19","r19 applies|","r19",0
19505,"r19","r19 applies|","r19",0
25080,"r20","r20 applies|","r20",0
42542,"r19","r19 applies|","r19",0
9349,"r19","r19 applies|","r19",0
23619,"r19","r19 applies|","r19",0
38117,"r20","r20 applies|","r20",0
3032,"r20","r20 applies|","r20",0
9571,"r19","r19 applies|","r19",0
29320,"r19","r19 applies|","r19",0
1208,"r20","r20 applies|","r20",0
24451,"r19","r19 applies|","r19",0
13047,"r19","r19 applies|","r19",0
26661,"r19","r19 applies|","r19",0
25975,"r19","r19 applies|","r19",0
15039,"r20","r20 applies|","r20",0
27408,"r19","r19 applies|","r19",0
17174,"r19","r19 applies|","r19",0
30659,"r19","r19 applies|","r19",0
2267,"r19","r19 applies|","r19",0
43018,"r19","r19 applies|","r19",0
18320,"r20","r20 applies|","r20",0
42295,"r6 r15 r18 r19","r19 applies->r18 applies & overides r19->r15 applies & overides r18->r6 applies & overides r15|","r6",0
44668,"r19","r19 applies|","r19",0
10727,"r20","r20 applies|","r20",0
8387,"r19","r19 applies|","r19",0
5553,"r20","r20 applies|","r20",0
25036,"r19","r19 applies|","r19",0
43350,"r12 r15 r18 r19","r19 applies->r18 applies & overides r19->r15 applies & overides r18->r12 applies & overides r15|","r12",0
43831,"r19","r19 applies|","r19",0
3107,"r19","r19 applies|","r19",0
31820,"r20","r20 applies|","r20",0
23893,"r19","r19 applies|","r19",0
41923,"r19","r19 applies|","r19",0
35475,"r19","r19 applies|","r19",0
39998,"r19","r19 applies|","r19",0
40639,"r19","r19 applies|","r19",0
16120,"r20","r20 applies|","r20",0
19927,"r19","r19 applies|","r19",0
19642,"r19","r19 applies|","r19",0
34928,"r19","r19 applies|","r19",0
36119,"r19","r19 applies|","r19",0
14711,"r20","r20 applies|","r20",0
28526,"r19","r19 applies|","r19",0
15961,"r19","r19 applies|","r19",0
18914,"r20","r20 applies|","r20",0
11775,"r20","r20 applies|","r20",0
34720,"r20","r20 applies|","r20",0
43334,"r20","r20 applies|","r20",0
8493,"r19","r19 applies|","r19",0
31939,"r19","r19 applies|","r19",0
4899,"r19","r19 applies|","r19",0
31131,"r19","r19 applies|","r19",0
38745,"r19","r19 applies|","r19",0
2290,"r19","r19 applies|","r19",0
31659,"r19","r19 applies|","r19",0
10009,"r19","r19 applies|","r19",0
20408,"r20","r20 applies|","r20",0
36080,"r19","r19 applies|","r19",0
32150,"r19","r19 applies|","r19",0
3707,"r19","r19 applies|","r19",0
30858,"r20","r20 applies|","r20",0
12001,"r19","r19 applies|","r19",0
8992,"r19","r19 applies|","r19",0
16146,"r20","r20 applies|","r20",0
2166,"r19","r19 applies|","r19",0
39384,"r19","r19 applies|","r19",0
12077,"r19","r19 applies|","r19",0
2962,"r19","r19 applies|","r19",0
40977,"r19","r19 applies|","r19",0
41181,"r19","r19 applies|","r19",0
8899,"r19","r19 applies|","r19",0
21638,"r19","r19 applies|","r19",0
6509,"r19","r19 applies|","r19",0
6941,"r19","r19 applies|","r19",0
44679,"r1 r18 r19","r19 applies->r18 applies & overides r19->r1 applies & overides r18|","r1",1
43907,"r1 r18 r19","r19 applies->r18 applies & overides r19->r1 applies & overides r18|","r1",1
40914,"r19","r19 applies|","r19",0
41039,"r19","r19 applies|","r19",0
43260,"r19","r19 applies|","r19",0
18471,"r19","r19 applies|","r19",0
30140,"r19","r19 applies|","r19",0
8397,"r19","r19 applies|","r19",0
44773,"r19","r19 applies|","r19",0
42882,"r19","r19 applies|","r19",0
21590,"r19","r19 applies|","r19",0
4008,"r19","r19 applies|","r19",0
8594,"r19","r19 applies|","r19",0
31779,"r20","r20 applies|","r20",0
16502,"r19","r19 applies|","r19",0
44281,"r20","r20 applies|","r20",0
17245,"r19","r19 applies|","r19",0
2138,"r19","r19 applies|","r19",0
4305,"r19","r19 applies|","r19",0
23245,"r19","r19 applies|","r19",0
7035,"r20","r20 applies|","r20",0
6682,"r19","r19 applies|","r19",0
20003,"r19","r19 applies|","r19",0
32092,"r19","r19 applies|","r19",0
21478,"r19","r19 applies|","r19",0
23034,"r19","r19 applies|","r19",0
43135,"r20","r20 applies|","r20",0
4696,"r20","r20 applies|","r20",0
40959,"r20","r20 applies|","r20",0
31171,"r19","r19 applies|","r19",0
44919,"r19","r19 applies|","r19",0
32319,"r20","r20 applies|","r20",0
34815,"r19","r19 applies|","r19",0
38925,"r19","r19 applies|","r19",0
2419,"r20","r20 applies|","r20",0
27778,"r20","r20 applies|","r20",0
32705,"r19","r19 applies|","r19",0
16758,"r19","r19 applies|","r19",0
29256,"r19","r19 applies|","r19",0
28079,"r19","r19 applies|","r19",0
2383,"r19","r19 applies|","r19",0
20461,"r19","r19 applies|","r19",0
40765,"r19","r19 applies|","r19",0
39088,"r19","r19 applies|","r19",0
3219,"r20","r20 applies|","r20",0
38805,"r19","r19 applies|","r19",0
23048,"r20","r20 applies|","r20",0
14003,"r19","r19 applies|","r19",0
32564,"r5 r10 r20","r20 applies->r10 applies & overides r20->r5 applies & overides r10|","r5",1
9330,"r19","r19 applies|","r19",0
27634,"r19","r19 applies|","r19",0
19984,"r19","r19 applies|","r19",0
41731,"r19","r19 applies|","r19",0
43514,"r5 r10 r20","r20 applies->r10 applies & overides r20->r5 applies & overides r10|","r5",1
37398,"r19","r19 applies|","r19",0
18704,"r19","r19 applies|","r19",0
16632,"r19","r19 applies|","r19",0
19215,"r19","r19 applies|","r19",0
23575,"r19","r19 applies|","r19",0
16241,"r20","r20 applies|","r20",0
40040,"r20","r20 applies|","r20",0
1966,"r19","r19 applies|","r19",0
9543,"r19","r19 applies|","r19",0
32607,"r20","r20 applies|","r20",0
36833,"r19","r19 applies|","r19",0
45167,"r2 r16 r20","r20 applies->r16 applies & overides r20->r2 applies & overides r16|","r2",1
911,"r19","r19 applies|","r19",0
31960,"r19","r19 applies|","r19",0
37129,"r19","r19 applies|","r19",0
33652,"r19","r19 applies|","r19",0
31149,"r19","r19 applies|","r19",0
36345,"r19","r19 applies|","r19",0
35209,"r19","r19 applies|","r19",0
3092,"r19","r19 applies|","r19",0
10249,"r19","r19 applies|","r19",0
11007,"r20","r20 applies|","r20",0
37088,"r19","r19 applies|","r19",0
4004,"r20","r20 applies|","r20",0
2552,"r19","r19 applies|","r19",0
41291,"r19","r19 applies|","r19",0
18196,"r20","r20 applies|","r20",0
18637,"r20","r20 applies|","r20",0
32595,"r19","r19 applies|","r19",0
7972,"r19","r19 applies|","r19",0
30196,"r19","r19 applies|","r19",0
13878,"r20","r20 applies|","r20",0
34817,"r19","r19 applies|","r19",0
15418,"r19","r19 applies|","r19",0
8758,"r20","r20 applies|","r20",0
11840,"r20","r20 applies|","r20",0
14101,"r19","r19 applies|","r19",0
7869,"r19","r19 applies|","r19",0
31308,"r19","r19 applies|","r19",0
16654,"r19","r19 applies|","r19",0
386,"r19","r19 applies|","r19",0
10601,"r19","r19 applies|","r19",0
11198,"r19","r19 applies|","r19",0
2808,"r19","r19 applies|","r19",0
40668,"r19","r19 applies|","r19",0
36528,"r19","r19 applies|","r19",0
19918,"r19","r19 applies|","r19",0
32858,"r20","r20 applies|","r20",0
41712,"r19","r19 applies|","r19",0
44899,"r20","r20 applies|","r20",0
20630,"r19","r19 applies|","r19",0
19032,"r19","r19 applies|","r19",0
5866,"r19","r19 applies|","r19",0
8288,"r19","r19 applies|","r19",0
44138,"r19","r19 applies|","r19",0
14988,"r19","r19 applies|","r19",0
31667,"r19","r19 applies|","r19",0
6421,"r19","r19 applies|","r19",0
25173,"r19","r19 applies|","r19",0
24328,"r19","r19 applies|","r19",0
22900,"r19","r19 applies|","r19",0
25042,"r19","r19 applies|","r19",0
4888,"r19","r19 applies|","r19",0
27899,"r19","r19 applies|","r19",0
25794,"r19","r19 applies|","r19",0
29468,"r19","r19 applies|","r19",0
14561,"r20","r20 applies|","r20",0
44974,"r3 r16 r20","r20 applies->r16 applies & overides r20->r3 applies & overides r16|","r3",1
26625,"r19","r19 applies|","r19",0
5529,"r19","r19 applies|","r19",0
38154,"r20","r20 applies|","r20",0
37927,"r19","r19 applies|","r19",0
16895,"r19","r19 applies|","r19",0
5485,"r19","r19 applies|","r19",0
27768,"r19","r19 applies|","r19",0
20173,"r19","r19 applies|","r19",0
23702,"r19","r19 applies|","r19",0
22662,"r19","r19 applies|","r19",0
44704,"r13 r16 r20","r20 applies->r16 applies & overides r20->r13 applies & overides r16|","r13",1
2454,"r19","r19 applies|","r19",0
29880,"r19","r19 applies|","r19",0
13836,"r19","r19 applies|","r19",0
13238,"r19","r19 applies|","r19",0
42867,"r19","r19 applies|","r19",0
35104,"r19","r19 applies|","r19",0
16595,"r19","r19 applies|","r19",0
11216,"r19","r19 applies|","r19",0
12348,"r20","r20 applies|","r20",0
41366,"r19","r19 applies|","r19",0
28478,"r19","r19 applies|","r19",0
22975,"r19","r19 applies|","r19",0
12955,"r19","r19 applies|","r19",0
44464,"r1 r18 r19","r19 applies->r18 applies & overides r19->r1 applies & overides r18|","r1",1
17871,"r20","r20 applies|","r20",0
39912,"r19","r19 applies|","r19",0
44969,"r19","r19 applies|","r19",0
41653,"r0 r18 r19","r19 applies->r18 applies & overides r19->r0 applies & overides r18|","r0",1
23956,"r19","r19 applies|","r19",0
33988,"r19","r19 applies|","r19",0
30742,"r19","r19 applies|","r19",0
29914,"r19","r19 applies|","r19",0
22888,"r19","r19 applies|","r19",0
6325,"r19","r19 applies|","r19",0
14611,"r19","r19 applies|","r19",0
8890,"r20","r20 applies|","r20",0
44697,"r19","r19 applies|","r19",0
41960,"r20","r20 applies|","r20",0
28644,"r19","r19 applies|","r19",0
19845,"r19","r19 applies|","r19",0
10398,"r20","r20 applies|","r20",0
25698,"r20","r20 applies|","r20",0
25299,"r19","r19 applies|","r19",0
6005,"r19","r19 applies|","r19",0
20161,"r19","r19 applies|","r19",0
9887,"r19","r19 applies|","r19",0
23942,"r19","r19 applies|","r19",0
21019,"r19","r19 applies|","r19",0
43070,"r19","r19 applies|","r19",0
26852,"r19","r19 applies|","r19",0
7043,"r19","r19 applies|","r19",0
13109,"r19","r19 applies|","r19",0
19173,"r20","r20 applies|","r20",0
36165,"r19","r19 applies|","r19",0
3599,"r20","r20 applies|","r20",0
17393,"r19","r19 applies|","r19",0
28587,"r19","r19 applies|","r19",0
20393,"r20","r20 applies|","r20",0
26879,"r19","r19 applies|","r19",0
31155,"r19","r19 applies|","r19",0
9550,"r19","r19 applies|","r19",0
5286,"r20","r20 applies|","r20",0
9531,"r19","r19 applies|","r19",0
25172,"r19","r19 applies|","r19",0
34514,"r20","r20 applies|","r20",0
7671,"r19","r19 applies|","r19",0
40887,"r19","r19 applies|","r19",0
20177,"r19","r19 applies|","r19",0
39260,"r19","r19 applies|","r19",0
43077,"r13 r16 r20","r20 applies->r16 applies & overides r20->r13 applies & overides r16|","r13",1
13943,"r20","r20 applies|","r20",0
29791,"r19","r19 applies|","r19",0
39008,"r19","r19 applies|","r19",0
26109,"r19","r19 applies|","r19",0
33611,"r19","r19 applies|","r19",0
23886,"r19","r19 applies|","r19",0
35039,"r19","r19 applies|","r19",0
33462,"r5 r10 r20","r20 applies->r10 applies & overides r20->r5 applies & overides r10|","r5",1
22682,"r19","r19 applies|","r19",0
16624,"r20","r20 applies|","r20",0
5810,"r19","r19 applies|","r19",0
40974,"r11 r16 r20","r20 applies->r16 applies & overides r20->r11 applies & overides r16|","r11",1
44503,"r19","r19 applies|","r19",0
40416,"r17 r18 r19","r19 applies->r18 applies & overides r19->r17 applies & overides r18|","r17",0
40031,"r19","r19 applies|","r19",0
30795,"r19","r19 applies|","r19",0
25200,"r19","r19 applies|","r19",0
7428,"r19","r19 applies|","r19",0
43098,"r19","r19 applies|","r19",0
6640,"r19","r19 applies|","r19",0
28256,"r19","r19 applies|","r19",0
36646,"r19","r19 applies|","r19",0
35238,"r19","r19 applies|","r19",0
23804,"r19","r19 applies|","r19",0
7101,"r19","r19 applies|","r19",0
41449,"r19","r19 applies|","r19",0
16994,"r20","r20 applies|","r20",0
40362,"r19","r19 applies|","r19",0
6536,"r19","r19 applies|","r19",0
36761,"r17 r18 r19","r19 applies->r18 applies & overides r19->r17 applies & overides r18|","r17",0
12134,"r19","r19 applies|","r19",0
596,"r19","r19 applies|","r19",0
29072,"r19","r19 applies|","r19",0
18753,"r19","r19 applies|","r19",0
36305,"r19","r19 applies|","r19",0
12960,"r20","r20 applies|","r20",0
41350,"r19","r19 applies|","r19",0
31405,"r19","r19 applies|","r19",0
26797,"r19","r19 applies|","r19",0
8853,"r19","r19 applies|","r19",0
21363,"r19","r19 applies|","r19",0
6757,"r20","r20 applies|","r20",0
13952,"r19","r19 applies|","r19",0
9482,"r19","r19 applies|","r19",0
38766,"r20","r20 applies|","r20",0
41904,"r20","r20 applies|","r20",0
9058,"r19","r19 applies|","r19",0
13853,"r19","r19 applies|","r19",0
6773,"r19","r19 applies|","r19",0
36905,"r19","r19 applies|","r19",0
34967,"r19","r19 applies|","r19",0
2108,"r19","r19 applies|","r19",0
13580,"r19","r19 applies|","r19",0
32959,"r19","r19 applies|","r19",0
40280,"r19","r19 applies|","r19",0
11265,"r19","r19 applies|","r19",0
31452,"r20","r20 applies|","r20",0
37460,"r19","r19 applies|","r19",0
4534,"r19","r19 applies|","r19",0
34350,"r19","r19 applies|","r19",0
17430,"r19","r19 applies|","r19",0
6491,"r19","r19 applies|","r19",0
19359,"r20","r20 applies|","r20",0
2684,"r19","r19 applies|","r19",0
16938,"r19","r19 applies|","r19",0
4143,"r19","r19 applies|","r19",0
34206,"r20","r20 applies|","r20",0
31676,"r19","r19 applies|","r19",0
4632,"r19","r19 applies|","r19",0
31708,"r19","r19 applies|","r19",0
568,"r19","r19 applies|","r19",0
16056,"r19","r19 applies|","r19",0
27570,"r19","r19 applies|","r19",0
31519,"r19","r19 applies|","r19",0
19282,"r19","r19 applies|","r19",0
33066,"r19","r19 applies|","r19",0
127,"r19","r19 applies|","r19",0
41090,"r19","r19 applies|","r19",0
15602,"r19","r19 applies|","r19",0
35070,"r19","r19 applies|","r19",0
5417,"r20","r20 applies|","r20",0
35574,"r20","r20 applies|","r20",0
15262,"r19","r19 applies|","r19",0
29528,"r19","r19 applies|","r19",0
25086,"r19","r19 applies|","r19",0
6490,"r19","r19 applies|","r19",0
35675,"r19","r19 applies|","r19",0
11322,"r19","r19 applies|","r19",0
34398,"r8 r18 r19","r19 applies->r18 applies & overides r19->r8 applies & overides r18|","r8",0
22664,"r19","r19 applies|","r19",0
166,"r19","r19 applies|","r19",0
3406,"r19","r19 applies|","r19",0
10643,"r19","r19 applies|","r19",0
1527,"r19","r19 applies|","r19",0
25384,"r19","r19 applies|","r19",0
30774,"r20","r20 applies|","r20",0
20654,"r20","r20 applies|","r20",0
17172,"r19","r19 applies|","r19",0
19592,"r19","r19 applies|","r19",0
30389,"r19","r19 applies|","r19",0
29056,"r19","r19 applies|","r19",0
3053,"r19","r19 applies|","r19",0
18611,"r19","r19 applies|","r19",0
12315,"r20","r20 applies|","r20",0
20567,"r20","r20 applies|","r20",0
10153,"r19","r19 applies|","r19",0
25212,"r20","r20 applies|","r20",0
33625,"r19","r19 applies|","r19",0
8898,"r19","r19 applies|","r19",0
22771,"r19","r19 applies|","r19",0
2972,"r19","r19 applies|","r19",0
4585,"r19","r19 applies|","r19",0
9083,"r19","r19 applies|","r19",0
1216,"r19","r19 applies|","r19",0
12142,"r19","r19 applies|","r19",0
23731,"r19","r19 applies|","r19",0
19636,"r19","r19 applies|","r19",0
38344,"r19","r19 applies|","r19",0
2540,"r19","r19 applies|","r19",0
2101,"r19","r19 applies|","r19",0
37450,"r20","r20 applies|","r20",0
27118,"r19","r19 applies|","r19",0
20181,"r19","r19 applies|","r19",0
21395,"r19","r19 applies|","r19",0
37058,"r19","r19 applies|","r19",0
39821,"r20","r20 applies|","r20",0
41790,"r20","r20 applies|","r20",0
42690,"r19","r19 applies|","r19",0
42091,"r19","r19 applies|","r19",0
25263,"r19","r19 applies|","r19",0
38971,"r19","r19 applies|","r19",0
34149,"r20","r20 applies|","r20",0
34452,"r19","r19 applies|","r19",0
24126,"r19","r19 applies|","r19",0
8082,"r19","r19 applies|","r19",0
26064,"r19","r19 applies|","r19",0
1574,"r19","r19 applies|","r19",0
38840,"r19","r19 applies|","r19",0
29837,"r19","r19 applies|","r19",0
18366,"r19","r19 applies|","r19",0
28745,"r19","r19 applies|","r19",0
19492,"r19","r19 applies|","r19",0
35384,"r19","r19 applies|","r19",0
35490,"r19","r19 applies|","r19",0
14080,"r19","r19 applies|","r19",0
13426,"r19","r19 applies|","r19",0
36042,"r19","r19 applies|","r19",0
12006,"r19","r19 applies|","r19",0
17712,"r19","r19 applies|","r19",0
33276,"r19","r19 applies|","r19",0
27000,"r20","r20 applies|","r20",0
6058,"r19","r19 applies|","r19",0
29643,"r19","r19 applies|","r19",0
18288,"r19","r19 applies|","r19",0
42814,"r19","r19 applies|","r19",0
35376,"r19","r19 applies|","r19",0
44924,"r19","r19 applies|","r19",0
20499,"r20","r20 applies|","r20",0
23670,"r19","r19 applies|","r19",0
34290,"r19","r19 applies|","r19",0
20737,"r20","r20 applies|","r20",0
10935,"r19","r19 applies|","r19",0
3799,"r19","r19 applies|","r19",0
40818,"r19","r19 applies|","r19",0
44999,"r19","r19 applies|","r19",0
30772,"r20","r20 applies|","r20",0
1571,"r19","r19 applies|","r19",0
18305,"r20","r20 applies|","r20",0
13377,"r19","r19 applies|","r19",0
10004,"r19","r19 applies|","r19",0
25482,"r20","r20 applies|","r20",0
27412,"r19","r19 applies|","r19",0
26737,"r19","r19 applies|","r19",0
23292,"r19","r19 applies|","r19",0
37873,"r19","r19 applies|","r19",0
39015,"r19","r19 applies|","r19",0
13072,"r19","r19 applies|","r19",0
17033,"r19","r19 applies|","r19",0
11917,"r19","r19 applies|","r19",0
36496,"r19","r19 applies|","r19",0
24409,"r19","r19 applies|","r19",0
27651,"r19","r19 applies|","r19",0
10550,"r19","r19 applies|","r19",0
25982,"r19","r19 applies|","r19",0
32447,"r19","r19 applies|","r19",0
37203,"r19","r19 applies|","r19",0
22938,"r19","r19 applies|","r19",0
22503,"r20","r20 applies|","r20",0
43763,"r19","r19 applies|","r19",0
17937,"r19","r19 applies|","r19",0
23015,"r19","r19 applies|","r19",0
15761,"r19","r19 applies|","r19",0
12699,"r19","r19 applies|","r19",0
43408,"r19","r19 applies|","r19",0
19280,"r19","r19 applies|","r19",0
30717,"r19","r19 applies|","r19",0
21449,"r20","r20 applies|","r20",0
15047,"r19","r19 applies|","r19",0
18440,"r19","r19 applies|","r19",0
39870,"r17 r18 r19","r19 applies->r18 applies & overides r19->r17 applies & overides r18|","r17",0
1922,"r19","r19 applies|","r19",0
11022,"r19","r19 applies|","r19",0
4833,"r19","r19 applies|","r19",0
27960,"r19","r19 applies|","r19",0
6555,"r20","r20 applies|","r20",0
12492,"r20","r20 applies|","r20",0
25829,"r19","r19 applies|","r19",0
29758,"r19","r19 applies|","r19",0
28242,"r20","r20 applies|","r20",0
34392,"r11 r16 r20","r20 applies->r16 applies & overides r20->r11 applies & overides r16|","r11",1
12572,"r20","r20 applies|","r20",0
24560,"r19","r19 applies|","r19",0
34752,"r19","r19 applies|","r19",0
4215,"r19","r19 applies|","r19",0
36706,"r13 r16 r20","r20 applies->r16 applies & overides r20->r13 applies & overides r16|","r13",1
36543,"r19","r19 applies|","r19",0
13767,"r20","r20 applies|","r20",0
16349,"r19","r19 applies|","r19",0
42888,"r19","r19 applies|","r19",0
44467,"r20","r20 applies|","r20",0
23062,"r19","r19 applies|","r19",0
44580,"r19","r19 applies|","r19",0
8360,"r20","r20 applies|","r20",0
44010,"r0 r18 r19","r19 applies->r18 applies & overides r19->r0 applies & overides r18|","r0",1
26729,"r19","r19 applies|","r19",0
25571,"r19","r19 applies|","r19",0
21709,"r19","r19 applies|","r19",0
5462,"r20","r20 applies|","r20",0
14649,"r20","r20 applies|","r20",0
1755,"r20","r20 applies|","r20",0
18333,"r19","r19 applies|","r19",0
33400,"r20","r20 applies|","r20",0
10928,"r19","r19 applies|","r19",0
22402,"r19","r19 applies|","r19",0
42411,"r19","r19 applies|","r19",0
3536,"r19","r19 applies|","r19",0
18713,"r19","r19 applies|","r19",0
24599,"r19","r19 applies|","r19",0
42701,"r20","r20 applies|","r20",0
2879,"r19","r19 applies|","r19",0
25252,"r20","r20 applies|","r20",0
14537,"r19","r19 applies|","r19",0
27670,"r19","r19 applies|","r19",0
21678,"r19","r19 applies|","r19",0
7909,"r19","r19 applies|","r19",0
15438,"r19","r19 applies|","r19",0
10102,"r19","r19 applies|","r19",0
28149,"r19","r19 applies|","r19",0
12416,"r19","r19 applies|","r19",0
16772,"r19","r19 applies|","r19",0
27645,"r19","r19 applies|","r19",0
15943,"r19","r19 applies|","r19",0
20816,"r19","r19 applies|","r19",0
20791,"r19","r19 applies|","r19",0
32864,"r19","r19 applies|","r19",0
5994,"r20","r20 applies|","r20",0
27504,"r19","r19 applies|","r19",0
35459,"r20","r20 applies|","r20",0
44035,"r19","r19 applies|","r19",0
13536,"r19","r19 applies|","r19",0
13953,"r19","r19 applies|","r19",0
35034,"r20","r20 applies|","r20",0
7609,"r19","r19 applies|","r19",0
43540,"r19","r19 applies|","r19",0
26415,"r20","r20 applies|","r20",0
34396,"r17 r18 r19","r19 applies->r18 applies & overides r19->r17 applies & overides r18|","r17",0
17578,"r19","r19 applies|","r19",0
43592,"r19","r19 applies|","r19",0
31768,"r19","r19 applies|","r19",0
11903,"r19","r19 applies|","r19",0
9164,"r19","r19 applies|","r19",0
44581,"r20","r20 applies|","r20",0
36237,"r19","r19 applies|","r19",0
42907,"r19","r19 applies|","r19",0
26722,"r19","r19 applies|","r19",0
10641,"r19","r19 applies|","r19",0
2300,"r19","r19 applies|","r19",0
44285,"r19","r19 applies|","r19",0
28384,"r19","r19 applies|","r19",0
35731,"r19","r19 applies|","r19",0
14409,"r19","r19 applies|","r19",0
10565,"r19","r19 applies|","r19",0
23639,"r19","r19 applies|","r19",0
12696,"r19","r19 applies|","r19",0
21798,"r19","r19 applies|","r19",0
5618,"r19","r19 applies|","r19",0
4415,"r19","r19 applies|","r19",0
40795,"r19","r19 applies|","r19",0
22856,"r19","r19 applies|","r19",0
9652,"r19","r19 applies|","r19",0
21116,"r19","r19 applies|","r19",0
6852,"r19","r19 applies|","r19",0
39370,"r20","r20 applies|","r20",0
31392,"r19","r19 applies|","r19",0
6170,"r19","r19 applies|","r19",0
8973,"r19","r19 applies|","r19",0
42638,"r19","r19 applies|","r19",0
36124,"r19","r19 applies|","r19",0
33270,"r19","r19 applies|","r19",0
5846,"r20","r20 applies|","r20",0
39221,"r20","r20 applies|","r20",0
30811,"r19","r19 applies|","r19",0
11473,"r19","r19 applies|","r19",0
42350,"r19","r19 applies|","r19",0
38568,"r19","r19 applies|","r19",0
6376,"r19","r19 applies|","r19",0
31811,"r19","r19 applies|","r19",0
29246,"r19","r19 applies|","r19",0
2862,"r19","r19 applies|","r19",0
26145,"r19","r19 applies|","r19",0
25958,"r20","r20 applies|","r20",0
5636,"r20","r20 applies|","r20",0
13221,"r19","r19 applies|","r19",0
3623,"r19","r19 applies|","r19",0
35833,"r19","r19 applies|","r19",0
27804,"r20","r20 applies|","r20",0
26780,"r19","r19 applies|","r19",0
6209,"r19","r19 applies|","r19",0
36634,"r19","r19 applies|","r19",0
38495,"r20","r20 applies|","r20",0
41573,"r20","r20 applies|","r20",0
31688,"r19","r19 applies|","r19",0
17982,"r19","r19 applies|","r19",0
42575,"r19","r19 applies|","r19",0
27178,"r19","r19 applies|","r19",0
36363,"r19","r19 applies|","r19",0
30583,"r19","r19 applies|","r19",0
25245,"r20","r20 applies|","r20",0
26809,"r19","r19 applies|","r19",0
42215,"r1 r18 r19","r19 applies->r18 applies & overides r19->r1 applies & overides r18|","r1",1
14666,"r19","r19 applies|","r19",0
710,"r19","r19 applies|","r19",0
28603,"r19","r19 applies|","r19",0
19643,"r19","r19 applies|","r19",0
13997,"r19","r19 applies|","r19",0
22844,"r19","r19 applies|","r19",0
28706,"r20","r20 applies|","r20",0
9296,"r19","r19 applies|","r19",0
25044,"r19","r19 applies|","r19",0
5583,"r20","r20 applies|","r20",0
34487,"r19","r19 applies|","r19",0
15272,"r20","r20 applies|","r20",0
29375,"r19","r19 applies|","r19",0
20221,"r19","r19 applies|","r19",0
44671,"r14 r16 r20","r20 applies->r16 applies & overides r20->r14 applies & overides r16|","r14",1
5726,"r19","r19 applies|","r19",0
36698,"r20","r20 applies|","r20",0
9691,"r19","r19 applies|","r19",0
36594,"r19","r19 applies|","r19",0
43771,"r20","r20 applies|","r20",0
6966,"r20","r20 applies|","r20",0
40134,"r19","r19 applies|","r19",0
7399,"r19","r19 applies|","r19",0
12779,"r19","r19 applies|","r19",0
6815,"r19","r19 applies|","r19",0
38317,"r20","r20 applies|","r20",0
18987,"r20","r20 applies|","r20",0
21858,"r19","r19 applies|","r19",0
22009,"r19","r19 applies|","r19",0
27870,"r20","r20 applies|","r20",0
36903,"r19","r19 applies|","r19",0
8968,"r19","r19 applies|","r19",0
3341,"r19","r19 applies|","r19",0
2198,"r19","r19 applies|","r19",0
10322,"r19","r19 applies|","r19",0
8733,"r19","r19 applies|","r19",0
6260,"r19","r19 applies|","r19",0
8005,"r19","r19 applies|","r19",0
32327,"r20","r20 applies|","r20",0
2345,"r19","r19 applies|","r19",0
22080,"r19","r19 applies|","r19",0
7481,"r20","r20 applies|","r20",0
29408,"r19","r19 applies|","r19",0
5953,"r19","r19 applies|","r19",0
6432,"r19","r19 applies|","r19",0
34074,"r2 r16 r20","r20 applies->r16 applies & overides r20->r2 applies & overides r16|","r2",1
17355,"r19","r19 applies|","r19",0
41774,"r19","r19 applies|","r19",0
20541,"r19","r19 applies|","r19",0
32638,"r19","r19 applies|","r19",0
42079,"r19","r19 applies|","r19",0
26788,"r19","r19 applies|","r19",0
20193,"r19","r19 applies|","r19",0
34704,"r19","r19 applies|","r19",0
4751,"r19","r19 applies|","r19",0
22495,"r19","r19 applies|","r19",0
29219,"r20","r20 applies|","r20",0
33805,"r19","r19 applies|","r19",0
40226,"r19","r19 applies|","r19",0
11803,"r19","r19 applies|","r19",0
44413,"r19","r19 applies|","r19",0
32751,"r19","r19 applies|","r19",0
36569,"r19","r19 applies|","r19",0
11666,"r19","r19 applies|","r19",0
13640,"r20","r20 applies|","r20",0
23108,"r19","r19 applies|","r19",0
32115,"r20","r20 applies|","r20",0
40318,"r19","r19 applies|","r19",0
24171,"r19","r19 applies|","r19",0
12816,"r19","r19 applies|","r19",0
3317,"r19","r19 applies|","r19",0
24007,"r19","r19 applies|","r19",0
44975,"r19","r19 applies|","r19",0
36662,"r19","r19 applies|","r19",0
18734,"r19","r19 applies|","r19",0
32874,"r19","r19 applies|","r19",0
12514,"r19","r19 applies|","r19",0
29777,"r19","r19 applies|","r19",0
31914,"r19","r19 applies|","r19",0
8909,"r19","r19 applies|","r19",0
23978,"r19","r19 applies|","r19",0
42733,"r20","r20 applies|","r20",0
2268,"r19","r19 applies|","r19",0
12994,"r19","r19 applies|","r19",0
30688,"r12 r15 r18 r19","r19 applies->r18 applies & overides r19->r15 applies & overides r18->r12 applies & overides r15|","r12",0
31716,"r20","r20 applies|","r20",0
40642,"r19","r19 applies|","r19",0
5794,"r19","r19 applies|","r19",0
21964,"r19","r19 applies|","r19",0
34747,"r19","r19 applies|","r19",0
21469,"r19","r19 applies|","r19",0
19207,"r19","r19 applies|","r19",0
3144,"r19","r19 applies|","r19",0
20745,"r19","r19 applies|","r19",0
15163,"r19","r19 applies|","r19",0
23928,"r19","r19 applies|","r19",0
27712,"r19","r19 applies|","r19",0
41446,"r19","r19 applies|","r19",0
1256,"r19","r19 applies|","r19",0
11303,"r19","r19 applies|","r19",0
22874,"r19","r19 applies|","r19",0
36690,"r19","r19 applies|","r19",0
31569,"r19","r19 applies|","r19",0
2724,"r19","r19 applies|","r19",0
25046,"r19","r19 applies|","r19",0
7049,"r20","r20 applies|","r20",0
15346,"r19","r19 applies|","r19",0
10232,"r19","r19 applies|","r19",0
31540,"r19","r19 applies|","r19",0
11831,"r19","r19 applies|","r19",0
24519,"r19","r19 applies|","r19",0
40606,"r19","r19 applies|","r19",0
19051,"r19","r19 applies|","r19",0
39115,"r19","r19 applies|","r19",0
39036,"r19","r19 applies|","r19",0
45105,"r19","r19 applies|","r19",0
44085,"r19","r19 applies|","r19",0
36185,"r19","r19 applies|","r19",0
24665,"r19","r19 applies|","r19",0
42120,"r19","r19 applies|","r19",0
34324,"r19","r19 applies|","r19",0
33002,"r19","r19 applies|","r19",0
21794,"r19","r19 applies|","r19",0
28876,"r19","r19 applies|","r19",0
14253,"r19","r19 applies|","r19",0
4366,"r19","r19 applies|","r19",0
14564,"r20","r20 applies|","r20",0
43167,"r20","r20 applies|","r20",0
42783,"r1 r18 r19","r19 applies->r18 applies & overides r19->r1 applies & overides r18|","r1",1
36699,"r19","r19 applies|","r19",0
22103,"r19","r19 applies|","r19",0
25539,"r19","r19 applies|","r19",0
15703,"r19","r19 applies|","r19",0
40702,"r19","r19 applies|","r19",0
15109,"r20","r20 applies|","r20",0
31241,"r19","r19 applies|","r19",0
37169,"r19","r19 applies|","r19",0
17861,"r19","r19 applies|","r19",0
27132,"r19","r19 applies|","r19",0
7192,"r20","r20 applies|","r20",0
40720,"r19","r19 applies|","r19",0
9242,"r20","r20 applies|","r20",0
40327,"r20","r20 applies|","r20",0
30135,"r20","r20 applies|","r20",0
16357,"r20","r20 applies|","r20",0
31265,"r19","r19 applies|","r19",0
29389,"r19","r19 applies|","r19",0
33610,"r19","r19 applies|","r19",0
24053,"r19","r19 applies|","r19",0
29651,"r20","r20 applies|","r20",0
44300,"r19","r19 applies|","r19",0
2899,"r19","r19 applies|","r19",0
21268,"r19","r19 applies|","r19",0
17699,"r19","r19 applies|","r19",0
15857,"r19","r19 applies|","r19",0
20357,"r19","r19 applies|","r19",0
3307,"r19","r19 applies|","r19",0
30088,"r19","r19 applies|","r19",0
21427,"r19","r19 applies|","r19",0
22872,"r19","r19 applies|","r19",0
38079,"r19","r19 applies|","r19",0
16404,"r19","r19 applies|","r19",0
11398,"r19","r19 applies|","r19",0
15908,"r19","r19 applies|","r19",0
40671,"r6 r15 r18 r19","r19 applies->r18 applies & overides r19->r15 applies & overides r18->r6 applies & overides r15|","r6",0
7620,"r19","r19 applies|","r19",0
15545,"r20","r20 applies|","r20",0
41862,"r19","r19 applies|","r19",0
36922,"r19","r19 applies|","r19",0
39943,"r19","r19 applies|","r19",0
1853,"r19","r19 applies|","r19",0
7096,"r19","r19 applies|","r19",0
21767,"r19","r19 applies|","r19",0
40263,"r19","r19 applies|","r19",0
32337,"r20","r20 applies|","r20",0
7120,"r19","r19 applies|","r19",0
40825,"r19","r19 applies|","r19",0
32427,"r20","r20 applies|","r20",0
12092,"r19","r19 applies|","r19",0
18164,"r20","r20 applies|","r20",0
37894,"r19","r19 applies|","r19",0
327,"r19","r19 applies|","r19",0
7834,"r19","r19 applies|","r19",0
29846,"r19","r19 applies|","r19",0
33353,"r19","r19 applies|","r19",0
4727,"r19","r19 applies|","r19",0
24086,"r19","r19 applies|","r19",0
31185,"r19","r19 applies|","r19",0
12120,"r19","r19 applies|","r19",0
14823,"r20","r20 applies|","r20",0
25917,"r20","r20 applies|","r20",0
42508,"r19","r19 applies|","r19",0
32892,"r19","r19 applies|","r19",0
34102,"r20","r20 applies|","r20",0
5600,"r19","r19 applies|","r19",0
10244,"r19","r19 applies|","r19",0
29237,"r19","r19 applies|","r19",0
43424,"r3 r16 r20","r20 applies->r16 applies & overides r20->r3 applies & overides r16|","r3",1
16091,"r20","r20 applies|","r20",0
24549,"r19","r19 applies|","r19",0
29134,"r20","r20 applies|","r20",0
15125,"r19","r19 applies|","r19",0
35151,"r20","r20 applies|","r20",0
11192,"r19","r19 applies|","r19",0
374,"r19","r19 applies|","r19",0
41563,"r19","r19 applies|","r19",0
38672,"r19","r19 applies|","r19",0
41143,"r19","r19 applies|","r19",0
44811,"r19","r19 applies|","r19",0
11321,"r19","r19 applies|","r19",0
4867,"r20","r20 applies|","r20",0
42796,"r19","r19 applies|","r19",0
31776,"r19","r19 applies|","r19",0
26215,"r20","r20 applies|","r20",0
31705,"r19","r19 applies|","r19",0
35549,"r20","r20 applies|","r20",0
1763,"r19","r19 applies|","r19",0
15384,"r19","r19 applies|","r19",0
19016,"r19","r19 applies|","r19",0
3389,"r19","r19 applies|","r19",0
8490,"r20","r20 applies|","r20",0
19589,"r19","r19 applies|","r19",0
34016,"r19","r19 applies|","r19",0
8687,"r20","r20 applies|","r20",0
2964,"r19","r19 applies|","r19",0
13299,"r20","r20 applies|","r20",0
44963,"r20","r20 applies|","r20",0
14780,"r19","r19 applies|","r19",0
20240,"r19","r19 applies|","r19",0
18051,"r20","r20 applies|","r20",0
10135,"r19","r19 applies|","r19",0
35066,"r19","r19 applies|","r19",0
13046,"r19","r19 applies|","r19",0
27630,"r19","r19 applies|","r19",0
28749,"r19","r19 applies|","r19",0
13314,"r19","r19 applies|","r19",0
17682,"r19","r19 applies|","r19",0
17592,"r19","r19 applies|","r19",0
6923,"r20","r20 applies|","r20",0
14540,"r19","r19 applies|","r19",0
20478,"r19","r19 applies|","r19",0
17039,"r19","r19 applies|","r19",0
20526,"r19","r19 applies|","r19",0
488,"r19","r19 applies|","r19",0
12689,"r19","r19 applies|","r19",0
20702,"r19","r19 applies|","r19",0
21953,"r19","r19 applies|","r19",0
17538,"r19","r19 applies|","r19",0
15851,"r19","r19 applies|","r19",0
5059,"r19","r19 applies|","r19",0
1788,"r19","r19 applies|","r19",0
1963,"r20","r20 applies|","r20",0
10404,"r20","r20 applies|","r20",0
34936,"r19","r19 applies|","r19",0
13228,"r20","r20 applies|","r20",0
17437,"r19","r19 applies|","r19",0
33493,"r19","r19 applies|","r19",0
550,"r20","r20 applies|","r20",0
6863,"r19","r19 applies|","r19",0
1499,"r19","r19 applies|","r19",0
33042,"r19","r19 applies|","r19",0
30466,"r19","r19 applies|","r19",0
20228,"r20","r20 applies|","r20",0
11797,"r19","r19 applies|","r19",0
1392,"r20","r20 applies|","r20",0
44741,"r19","r19 applies|","r19",0
37840,"r20","r20 applies|","r20",0
44094,"r20","r20 applies|","r20",0
36918,"r20","r20 applies|","r20",0
12596,"r19","r19 applies|","r19",0
35493,"r13 r16 r20","r20 applies->r16 applies & overides r20->r13 applies & overides r16|","r13",1
26061,"r19","r19 applies|","r19",0
36907,"r19","r19 applies|","r19",0
12420,"r19","r19 applies|","r19",0
14320,"r20","r20 applies|","r20",0
36131,"r19","r19 applies|","r19",0
9094,"r19","r19 applies|","r19",0
43454,"r19","r19 applies|","r19",0
25350,"r19","r19 applies|","r19",0
14510,"r19","r19 applies|","r19",0
29997,"r19","r19 applies|","r19",0
10706,"r19","r19 applies|","r19",0
17687,"r19","r19 applies|","r19",0
15280,"r19","r19 applies|","r19",0
19065,"r19","r19 applies|","r19",0
15839,"r20","r20 applies|","r20",0
20411,"r20","r20 applies|","r20",0
12052,"r19","r19 applies|","r19",0
40786,"r19","r19 applies|","r19",0
29823,"r19","r19 applies|","r19",0
12900,"r20","r20 applies|","r20",0
17028,"r19","r19 applies|","r19",0
34656,"r20","r20 applies|","r20",0
36233,"r19","r19 applies|","r19",0
9376,"r19","r19 applies|","r19",0
33330,"r20","r20 applies|","r20",0
15354,"r19","r19 applies|","r19",0
6537,"r19","r19 applies|","r19",0
8680,"r19","r19 applies|","r19",0
14463,"r19","r19 applies|","r19",0
22236,"r19","r19 applies|","r19",0
36940,"r19","r19 applies|","r19",0
6533,"r20","r20 applies|","r20",0
21975,"r19","r19 applies|","r19",0
249,"r19","r19 applies|","r19",0
36497,"r19","r19 applies|","r19",0
33476,"r19","r19 applies|","r19",0
36779,"r19","r19 applies|","r19",0
23635,"r19","r19 applies|","r19",0
12643,"r19","r19 applies|","r19",0
35862,"r20","r20 applies|","r20",0
31435,"r19","r19 applies|","r19",0
18246,"r19","r19 applies|","r19",0
41956,"r19","r19 applies|","r19",0
12726,"r19","r19 applies|","r19",0
42222,"r1 r18 r19","r19 applies->r18 applies & overides r19->r1 applies & overides r18|","r1",1
30100,"r19","r19 applies|","r19",0
3068,"r19","r19 applies|","r19",0
883,"r19","r19 applies|","r19",0
35122,"r19","r19 applies|","r19",0
35181,"r20","r20 applies|","r20",0
21213,"r20","r20 applies|","r20",0
7829,"r20","r20 applies|","r20",0
23359,"r19","r19 applies|","r19",0
5177,"r19","r19 applies|","r19",0
44928,"r19","r19 applies|","r19",0
42777,"r19","r19 applies|","r19",0
5170,"r19","r19 applies|","r19",0
10266,"r20","r20 applies|","r20",0
33651,"r12 r15 r18 r19","r19 applies->r18 applies & overides r19->r15 applies & overides r18->r12 applies & overides r15|","r12",0
38570,"r20","r20 applies|","r20",0
37487,"r19","r19 applies|","r19",0
38012,"r20","r20 applies|","r20",0
42503,"r20","r20 applies|","r20",0
23974,"r19","r19 applies|","r19",0
12935,"r19","r19 applies|","r19",0
21284,"r19","r19 applies|","r19",0
26156,"r17 r18 r19","r19 applies->r18 applies & overides r19->r17 applies & overides r18|","r17",0
39040,"r20","r20 applies|","r20",0
22871,"r19","r19 applies|","r19",0
44463,"r2 r16 r20","r20 applies->r16 applies & overides r20->r2 applies & overides r16|","r2",1
23623,"r19","r19 applies|","r19",0
9862,"r20","r20 applies|","r20",0
12801,"r19","r19 applies|","r19",0
34470,"r19","r19 applies|","r19",0
34481,"r19","r19 applies|","r19",0
9521,"r19","r19 applies|","r19",0
40074,"r19","r19 applies|","r19",0
24408,"r20","r20 applies|","r20",0
40255,"r19","r19 applies|","r19",0
13921,"r19","r19 applies|","r19",0
25271,"r19","r19 applies|","r19",0
15274,"r19","r19 applies|","r19",0
4030,"r19","r19 applies|","r19",0
44946,"r19","r19 applies|","r19",0
23885,"r19","r19 applies|","r19",0
31195,"r19","r19 applies|","r19",0
24492,"r19","r19 applies|","r19",0
26434,"r19","r19 applies|","r19",0
31993,"r19","r19 applies|","r19",0
23348,"r19","r19 applies|","r19",0
29149,"r20","r20 applies|","r20",0
28060,"r20","r20 applies|","r20",0
66,"r19","r19 applies|","r19",0
31602,"r19","r19 applies|","r19",0
22648,"r19","r19 applies|","r19",0
21799,"r20","r20 applies|","r20",0
35885,"r19","r19 applies|","r19",0
10504,"r20","r20 applies|","r20",0
20559,"r20","r20 applies|","r20",0
23443,"r19","r19 applies|","r19",0
16476,"r20","r20 applies|","r20",0
6360,"r19","r19 applies|","r19",0
4244,"r19","r19 applies|","r19",0
3120,"r19","r19 applies|","r19",0
1047,"r19","r19 applies|","r19",0
32665,"r19","r19 applies|","r19",0
34272,"r19","r19 applies|","r19",0
5096,"r19","r19 applies|","r19",0
27020,"r20","r20 applies|","r20",0
8848,"r19","r19 applies|","r19",0
34753,"r19","r19 applies|","r19",0
19420,"r19","r19 applies|","r19",0
7131,"r19","r19 applies|","r19",0
34601,"r19","r19 applies|","r19",0
25559,"r19","r19 applies|","r19",0
199,"r19","r19 applies|","r19",0
6583,"r19","r19 applies|","r19",0
29532,"r19","r19 applies|","r19",0
3015,"r20","r20 applies|","r20",0
38223,"r19","r19 applies|","r19",0
29742,"r19","r19 applies|","r19",0
2216,"r19","r19 applies|","r19",0
36214,"r20","r20 applies|","r20",0
35583,"r19","r19 applies|","r19",0
2647,"r19","r19 applies|","r19",0
23935,"r19","r19 applies|","r19",0
7787,"r20","r20 applies|","r20",0
41665,"r19","r19 applies|","r19",0
18852,"r19","r19 applies|","r19",0
29451,"r19","r19 applies|","r19",0
28240,"r20","r20 applies|","r20",0
39780,"r19","r19 applies|","r19",0
2311,"r19","r19 applies|","r19",0
39841,"r1 r18 r19","r19 applies->r18 applies & overides r19->r1 applies & overides r18|","r1",1
29892,"r19","r19 applies|","r19",0
17624,"r19","r19 applies|","r19",0
42159,"r19","r19 applies|","r19",0
22695,"r19","r19 applies|","r19",0
43785,"r13 r16 r20","r20 applies->r16 applies & overides r20->r13 applies & overides r16|","r13",1
9563,"r19","r19 applies|","r19",0
3920,"r20","r20 applies|","r20",0
5978,"r19","r19 applies|","r19",0
42128,"r19","r19 applies|","r19",0
9258,"r19","r19 applies|","r19",0
18670,"r19","r19 applies|","r19",0
35364,"r19","r19 applies|","r19",0
21800,"r19","r19 applies|","r19",0
23208,"r19","r19 applies|","r19",0
34880,"r19","r19 applies|","r19",0
37484,"r19","r19 applies|","r19",0
32154,"r19","r19 applies|","r19",0
41043,"r19","r19 applies|","r19",0
8287,"r19","r19 applies|","r19",0
4745,"r20","r20 applies|","r20",0
24389,"r19","r19 applies|","r19",0
21163,"r19","r19 applies|","r19",0
20921,"r19","r19 applies|","r19",0
25337,"r19","r19 applies|","r19",0
27569,"r20","r20 applies|","r20",0
40982,"r19","r19 applies|","r19",0
41837,"r1 r18 r19","r19 applies->r18 applies & overides r19->r1 applies & overides r18|","r1",1
18939,"r19","r19 applies|","r19",0
7901,"r19","r19 applies|","r19",0
8415,"r19","r19 applies|","r19",0
28230,"r19","r19 applies|","r19",0
22347,"r19","r19 applies|","r19",0
15904,"r19","r19 applies|","r19",0
4907,"r19","r19 applies|","r19",0
5939,"r20","r20 applies|","r20",0
11483,"r19","r19 applies|","r19",0
1020,"r19","r19 applies|","r19",0
32799,"r19","r19 applies|","r19",0
18360,"r19","r19 applies|","r19",0
13171,"r19","r19 applies|","r19",0
25020,"r19","r19 applies|","r19",0
22354,"r19","r19 applies|","r19",0
2878,"r19","r19 applies|","r19",0
1634,"r19","r19 applies|","r19",0
41242,"r3 r16 r20","r20 applies->r16 applies & overides r20->r3 applies & overides r16|","r3",1
8391,"r19","r19 applies|","r19",0
43816,"r19","r19 applies|","r19",0
9107,"r19","r19 applies|","r19",0
8272,"r19","r19 applies|","r19",0
13511,"r19","r19 applies|","r19",0
32253,"r19","r19 applies|","r19",0
41031,"r19","r19 applies|","r19",0
13310,"r20","r20 applies|","r20",0
37035,"r19","r19 applies|","r19",0
11795,"r19","r19 applies|","r19",0
15966,"r20","r20 applies|","r20",0
24952,"r19","r19 applies|","r19",0
35153,"r20","r20 applies|","r20",0
31310,"r19","r19 applies|","r19",0
7146,"r20","r20 applies|","r20",0
6137,"r19","r19 applies|","r19",0
40177,"r19","r19 applies|","r19",0
7238,"r20","r20 applies|","r20",0
15454,"r19","r19 applies|","r19",0
1514,"r19","r19 applies|","r19",0
31369,"r19","r19 applies|","r19",0
10714,"r19","r19 applies|","r19",0
17781,"r20","r20 applies|","r20",0
39680,"r12 r15 r18 r19","r19 applies->r18 applies & overides r19->r15 applies & overides r18->r12 applies & overides r15|","r12",0
29905,"r19","r19 applies|","r19",0
34726,"r19","r19 applies|","r19",0
35990,"r19","r19 applies|","r19",0
31720,"r19","r19 applies|","r19",0
9983,"r19","r19 applies|","r19",0
7673,"r19","r19 applies|","r19",0
11041,"r19","r19 applies|","r19",0
41363,"r19","r19 applies|","r19",0
40768,"r12 r15 r18 r19","r19 applies->r18 applies & overides r19->r15 applies & overides r18->r12 applies & overides r15|","r12",0
9597,"r19","r19 applies|","r19",0
33278,"r20","r20 applies|","r20",0
10869,"r20","r20 applies|","r20",0
25709,"r19","r19 applies|","r19",0
36242,"r19","r19 applies|","r19",0
5801,"r19","r19 applies|","r19",0
3058,"r20","r20 applies|","r20",0
11507,"r19","r19 applies|","r19",0
16219,"r19","r19 applies|","r19",0
35031,"r20","r20 applies|","r20",0
27683,"r19","r19 applies|","r19",0
36270,"r19","r19 applies|","r19",0
7313,"r20","r20 applies|","r20",0
38851,"r19","r19 applies|","r19",0
2091,"r19","r19 applies|","r19",0
11812,"r19","r19 applies|","r19",0
20980,"r19","r19 applies|","r19",0
39611,"r19","r19 applies|","r19",0
2326,"r20","r20 applies|","r20",0
44024,"r0 r18 r19","r19 applies->r18 applies & overides r19->r0 applies & overides r18|","r0",1
10595,"r19","r19 applies|","r19",0
32944,"r19","r19 applies|","r19",0
43989,"r19","r19 applies|","r19",0
38803,"r19","r19 applies|","r19",0
44203,"r12 r15 r18 r19","r19 applies->r18 applies & overides r19->r15 applies & overides r18->r12 applies & overides r15|","r12",0
29523,"r20","r20 applies|","r20",0
11904,"r19","r19 applies|","r19",0
31666,"r19","r19 applies|","r19",0
2613,"r20","r20 applies|","r20",0
22620,"r19","r19 applies|","r19",0
15867,"r19","r19 applies|","r19",0
9956,"r19","r19 applies|","r19",0
20569,"r19","r19 applies|","r19",0
1013,"r19","r19 applies|","r19",0
16405,"r20","r20 applies|","r20",0
5603,"r19","r19 applies|","r19",0
12521,"r19","r19 applies|","r19",0
22222,"r19","r19 applies|","r19",0
38224,"r19","r19 applies|","r19",0
9603,"r19","r19 applies|","r19",0
40245,"r20","r20 applies|","r20",0
5258,"r19","r19 applies|","r19",0
33158,"r19","r19 applies|","r19",0
34692,"r19","r19 applies|","r19",0
1628,"r19","r19 applies|","r19",0
26318,"r19","r19 applies|","r19",0
7476,"r19","r19 applies|","r19",0
19484,"r19","r19 applies|","r19",0
32386,"r20","r20 applies|","r20",0
34519,"r19","r19 applies|","r19",0
44293,"r20","r20 applies|","r20",0
19564,"r19","r19 applies|","r19",0
33842,"r19","r19 applies|","r19",0
12405,"r19","r19 applies|","r19",0
37929,"r19","r19 applies|","r19",0
15183,"r20","r20 applies|","r20",0
20413,"r19","r19 applies|","r19",0
27101,"r19","r19 applies|","r19",0
43220,"r20","r20 applies|","r20",0
1165,"r19","r19 applies|","r19",0
43338,"r1 r18 r19","r19 applies->r18 applies & overides r19->r1 applies & overides r18|","r1",1
15535,"r19","r19 applies|","r19",0
13048,"r19","r19 applies|","r19",0
21581,"r19","r19 applies|","r19",0
16032,"r19","r19 applies|","r19",0
7400,"r19","r19 applies|","r19",0
4842,"r19","r19 applies|","r19",0
22184,"r19","r19 applies|","r19",0
27468,"r19","r19 applies|","r19",0
13001,"r19","r19 applies|","r19",0
10879,"r19","r19 applies|","r19",0
15513,"r20","r20 applies|","r20",0
6672,"r19","r19 applies|","r19",0
30869,"r19","r19 applies|","r19",0
42520,"r1 r18 r19","r19 applies->r18 applies & overides r19->r1 applies & overides r18|","r1",1
29368,"r19","r19 applies|","r19",0
44069,"r19","r19 applies|","r19",0
41415,"r1 r18 r19","r19 applies->r18 applies & overides r19->r1 applies & overides r18|","r1",1
37660,"r19","r19 applies|","r19",0
7823,"r20","r20 applies|","r20",0
14042,"r20","r20 applies|","r20",0
7127,"r19","r19 applies|","r19",0
18511,"r19","r19 applies|","r19",0
18339,"r19","r19 applies|","r19",0
23202,"r19","r19 applies|","r19",0
1548,"r19","r19 applies|","r19",0
34397,"r19","r19 applies|","r19",0
24820,"r19","r19 applies|","r19",0
42258,"r11 r16 r20","r20 applies->r16 applies & overides r20->r11 applies & overides r16|","r11",1
44222,"r19","r19 applies|","r19",0
7455,"r19","r19 applies|","r19",0
34401,"r20","r20 applies|","r20",0
25798,"r19","r19 applies|","r19",0
19800,"r19","r19 applies|","r19",0
5342,"r19","r19 applies|","r19",0
33913,"r4 r10 r20","r20 applies->r10 applies & overides r20->r4 applies & overides r10|","r4",1
41560,"r19","r19 applies|","r19",0
4948,"r19","r19 applies|","r19",0
42628,"r20","r20 applies|","r20",0
30744,"r19","r19 applies|","r19",0
44104,"r20","r20 applies|","r20",0
38574,"r19","r19 applies|","r19",0
21087,"r19","r19 applies|","r19",0
33203,"r19","r19 applies|","r19",0
21312,"r19","r19 applies|","r19",0
7945,"r19","r19 applies|","r19",0
4469,"r19","r19 applies|","r19",0
17873,"r19","r19 applies|","r19",0
6059,"r19","r19 applies|","r19",0
23407,"r19","r19 applies|","r19",0
14051,"r19","r19 applies|","r19",0
43776,"r20","r20 applies|","r20",0
44238,"r19","r19 applies|","r19",0
16796,"r19","r19 applies|","r19",0
128,"r19","r19 applies|","r19",0
38093,"r19","r19 applies|","r19",0
28574,"r19","r19 applies|","r19",0
40078,"r19","r19 applies|","r19",0
40108,"r19","r19 applies|","r19",0
14507,"r20","r20 applies|","r20",0
2875,"r19","r19 applies|","r19",0
40054,"r0 r18 r19","r19 applies->r18 applies & overides r19->r0 applies & overides r18|","r0",1
17175,"r19","r19 applies|","r19",0
5663,"r19","r19 applies|","r19",0
1565,"r19","r19 applies|","r19",0
6951,"r19","r19 applies|","r19",0
24648,"r19","r19 applies|","r19",0
11790,"r19","r19 applies|","r19",0
22058,"r19","r19 applies|","r19",0
18137,"r19","r19 applies|","r19",0
9762,"r19","r19 applies|","r19",0
27443,"r19","r19 applies|","r19",0
43743,"r19","r19 applies|","r19",0
10507,"r19","r19 applies|","r19",0
9702,"r19","r19 applies|","r19",0
15200,"r20","r20 applies|","r20",0
2567,"r19","r19 applies|","r19",0
43944,"r19","r19 applies|","r19",0
21807,"r19","r19 applies|","r19",0
25803,"r19","r19 applies|","r19",0
44778,"r11 r16 r20","r20 applies->r16 applies & overides r20->r11 applies & overides r16|","r11",1
43994,"r14 r16 r20","r20 applies->r16 applies & overides r20->r14 applies & overides r16|","r14",1
38052,"r19","r19 applies|","r19",0
593,"r19","r19 applies|","r19",0
13702,"r20","r20 applies|","r20",0
13671,"r19","r19 applies|","r19",0
25898,"r20","r20 applies|","r20",0
15510,"r19","r19 applies|","r19",0
41289,"r17 r18 r19","r19 applies->r18 applies & overides r19->r17 applies & overides r18|","r17",0
39901,"r20","r20 applies|","r20",0
42860,"r2 r16 r20","r20 applies->r16 applies & overides r20->r2 applies & overides r16|","r2",1
347,"r19","r19 applies|","r19",0
34560,"r19","r19 applies|","r19",0
41664,"r19","r19 applies|","r19",0
12929,"r19","r19 applies|","r19",0
31839,"r19","r19 applies|","r19",0
28770,"r20","r20 applies|","r20",0
246,"r20","r20 applies|","r20",0
40746,"r0 r18 r19","r19 applies->r18 applies & overides r19->r0 applies & overides r18|","r0",1
21426,"r19","r19 applies|","r19",0
23011,"r19","r19 applies|","r19",0
36583,"r19","r19 applies|","r19",0
33555,"r20","r20 applies|","r20",0
11615,"r19","r19 applies|","r19",0
35754,"r19","r19 applies|","r19",0
21114,"r20","r20 applies|","r20",0
31502,"r19","r19 applies|","r19",0
11731,"r19","r19 applies|","r19",0
6912,"r19","r19 applies|","r19",0
25867,"r19","r19 applies|","r19",0
13438,"r19","r19 applies|","r19",0
42732,"r19","r19 applies|","r19",0
5626,"r20","r20 applies|","r20",0
35244,"r20","r20 applies|","r20",0
14515,"r20","r20 applies|","r20",0
22889,"r19","r19 applies|","r19",0
8112,"r19","r19 applies|","r19",0
17511,"r19","r19 applies|","r19",0
1408,"r19","r19 applies|","r19",0
26818,"r19","r19 applies|","r19",0
29847,"r19","r19 applies|","r19",0
22093,"r19","r19 applies|","r19",0
21925,"r20","r20 applies|","r20",0
7636,"r20","r20 applies|","r20",0
29121,"r19","r19 applies|","r19",0
9405,"r19","r19 applies|","r19",0
5654,"r20","r20 applies|","r20",0
16179,"r19","r19 applies|","r19",0
4495,"r19","r19 applies|","r19",0
7465,"r20","r20 applies|","r20",0
16785,"r20","r20 applies|","r20",0
34203,"r8 r18 r19","r19 applies->r18 applies & overides r19->r8 applies & overides r18|","r8",0
33188,"r19","r19 applies|","r19",0
3727,"r19","r19 applies|","r19",0
16954,"r19","r19 applies|","r19",0
25713,"r20","r20 applies|","r20",0
41437,"r20","r20 applies|","r20",0
3057,"r19","r19 applies|","r19",0
18304,"r19","r19 applies|","r19",0
43661,"r19","r19 applies|","r19",0
44981,"r11 r16 r20","r20 applies->r16 applies & overides r20->r11 applies & overides r16|","r11",1
45157,"r19","r19 applies|","r19",0
3929,"r19","r19 applies|","r19",0
7707,"r19","r19 applies|","r19",0
34123,"r20","r20 applies|","r20",0
44763,"r1 r18 r19","r19 applies->r18 applies & overides r19->r1 applies & overides r18|","r1",1
42491,"r20","r20 applies|","r20",0
11490,"r19","r19 applies|","r19",0
15832,"r19","r19 applies|","r19",0
9156,"r20","r20 applies|","r20",0
2062,"r19","r19 applies|","r19",0
2004,"r19","r19 applies|","r19",0
3462,"r19","r19 applies|","r19",0
32616,"r19","r19 applies|","r19",0
19479,"r19","r19 applies|","r19",0
41600,"r20","r20 applies|","r20",0
25119,"r1 r18 r19","r19 applies->r18 applies & overides r19->r1 applies & overides r18|","r1",1
25732,"r19","r19 applies|","r19",0
20606,"r19","r19 applies|","r19",0
8711,"r19","r19 applies|","r19",0
15222,"r19","r19 applies|","r19",0
27123,"r20","r20 applies|","r20",0
10503,"r19","r19 applies|","r19",0
39259,"r19","r19 applies|","r19",0
30706,"r19","r19 applies|","r19",0
22442,"r19","r19 applies|","r19",0
37286,"r20","r20 applies|","r20",0
33185,"r19","r19 applies|","r19",0
8258,"r19","r19 applies|","r19",0
36841,"r19","r19 applies|","r19",0
42498,"r19","r19 applies|","r19",0
41375,"r19","r19 applies|","r19",0
27639,"r19","r19 applies|","r19",0
17537,"r19","r19 applies|","r19",0
21950,"r19","r19 applies|","r19",0
5349,"r20","r20 applies|","r20",0
28500,"r19","r19 applies|","r19",0
42139,"r19","r19 applies|","r19",0
32245,"r20","r20 applies|","r20",0
17389,"r19","r19 applies|","r19",0
13123,"r19","r19 applies|","r19",0
27799,"r19","r19 applies|","r19",0
28209,"r19","r19 applies|","r19",0
43611,"r20","r20 applies|","r20",0
6108,"r19","r19 applies|","r19",0
16525,"r19","r19 applies|","r19",0
40302,"r19","r19 applies|","r19",0
3139,"r19","r19 applies|","r19",0
24427,"r19","r19 applies|","r19",0
43041,"r1 r18 r19","r19 applies->r18 applies & overides r19->r1 applies & overides r18|","r1",1
12991,"r19","r19 applies|","r19",0
5123,"r19","r19 applies|","r19",0
6129,"r19","r19 applies|","r19",0
16161,"r19","r19 applies|","r19",0
32438,"r12 r15 r18 r19","r19 applies->r18 applies & overides r19->r15 applies & overides r18->r12 applies & overides r15|","r12",0
44853,"r1 r18 r19","r19 applies->r18 applies & overides r19->r1 applies & overides r18|","r1",1
16560,"r19","r19 applies|","r19",0
84,"r20","r20 applies|","r20",0
14915,"r20","r20 applies|","r20",0
18622,"r19","r19 applies|","r19",0
13301,"r19","r19 applies|","r19",0
42563,"r20","r20 applies|","r20",0
15079,"r19","r19 applies|","r19",0
12658,"r19","r19 applies|","r19",0
13209,"r19","r19 applies|","r19",0
3488,"r20","r20 applies|","r20",0
17479,"r19","r19 applies|","r19",0
37403,"r19","r19 applies|","r19",0
39885,"r19","r19 applies|","r19",0
44399,"r0 r18 r19","r19 applies->r18 applies & overides r19->r0 applies & overides r18|","r0",1
34014,"r4 r10 r20","r20 applies->r10 applies & overides r20->r4 applies & overides r10|","r4",1
3559,"r19","r19 applies|","r19",0
36054,"r19","r19 applies|","r19",0
9694,"r19","r19 applies|","r19",0
26367,"r20","r20 applies|","r20",0
9711,"r19","r19 applies|","r19",0
822,"r19","r19 applies|","r19",0
20909,"r19","r19 applies|","r19",0
30910,"r19","r19 applies|","r19",0
9724,"r19","r19 applies|","r19",0
24746,"r19","r19 applies|","r19",0
13501,"r19","r19 applies|","r19",0
30561,"r19","r19 applies|","r19",0
32178,"r19","r19 applies|","r19",0
5385,"r19","r19 applies|","r19",0
6588,"r19","r19 applies|","r19",0
6185,"r20","r20 applies|","r20",0
14111,"r19","r19 applies|","r19",0
31861,"r19","r19 applies|","r19",0
15593,"r19","r19 applies|","r19",0
35289,"r19","r19 applies|","r19",0
13608,"r19","r19 applies|","r19",0
26121,"r19","r19 applies|","r19",0
36261,"r19","r19 applies|","r19",0
10030,"r19","r19 applies|","r19",0
44849,"r19","r19 applies|","r19",0
25907,"r19","r19 applies|","r19",0
29465,"r19","r19 applies|","r19",0
30586,"r19","r19 applies|","r19",0
14982,"r19","r19 applies|","r19",0
18908,"r20","r20 applies|","r20",0
24364,"r20","r20 applies|","r20",0
3121,"r20","r20 applies|","r20",0
42874,"r12 r15 r18 r19","r19 applies->r18 applies & overides r19->r15 applies & overides r18->r12 applies & overides r15|","r12",0
17838,"r19","r19 applies|","r19",0
19402,"r20","r20 applies|","r20",0
18702,"r19","r19 applies|","r19",0
42177,"r19","r19 applies|","r19",0
30693,"r20","r20 applies|","r20",0
39028,"r19","r19 applies|","r19",0
10330,"r20","r20 applies|","r20",0
21766,"r19","r19 applies|","r19",0
39579,"r20","r20 applies|","r20",0
8277,"r20","r20 applies|","r20",0
8501,"r19","r19 applies|","r19",0
11453,"r20","r20 applies|","r20",0
4968,"r19","r19 applies|","r19",0
27256,"r19","r19 applies|","r19",0
28413,"r19","r19 applies|","r19",0
21026,"r19","r19 applies|","r19",0
20540,"r19","r19 applies|","r19",0
26771,"r19","r19 applies|","r19",0
7259,"r19","r19 applies|","r19",0
2698,"r19","r19 applies|","r19",0
37476,"r19","r19 applies|","r19",0
12024,"r19","r19 applies|","r19",0
29559,"r19","r19 applies|","r19",0
31206,"r19","r19 applies|","r19",0
30631,"r19","r19 applies|","r19",0
32614,"r20","r20 applies|","r20",0
7048,"r19","r19 applies|","r19",0
21991,"r19","r19 applies|","r19",0
21138,"r20","r20 applies|","r20",0
43336,"r19","r19 applies|","r19",0
37704,"r19","r19 applies|","r19",0
22574,"r20","r20 applies|","r20",0
24392,"r20","r20 applies|","r20",0
33021,"r20","r20 applies|","r20",0
24807,"r19","r19 applies|","r19",0
11146,"r19","r19 applies|","r19",0
43793,"r20","r20 applies|","r20",0
8699,"r19","r19 applies|","r19",0
40033,"r19","r19 applies|","r19",0
5307,"r19","r19 applies|","r19",0
700,"r19","r19 applies|","r19",0
14732,"r19","r19 applies|","r19",0
43617,"r19","r19 applies|","r19",0
36161,"r19","r19 applies|","r19",0
38294,"r20","r20 applies|","r20",0
40789,"r19","r19 applies|","r19",0
26455,"r19","r19 applies|","r19",0
973,"r19","r19 applies|","r19",0
2197,"r19","r19 applies|","r19",0
11966,"r19","r19 applies|","r19",0
29692,"r19","r19 applies|","r19",0
36044,"r19","r19 applies|","r19",0
12476,"r19","r19 applies|","r19",0
2812,"r19","r19 applies|","r19",0
44723,"r19","r19 applies|","r19",0
20874,"r19","r19 applies|","r19",0
36527,"r19","r19 applies|","r19",0
27429,"r19","r19 applies|","r19",0
38717,"r19","r19 applies|","r19",0
2385,"r20","r20 applies|","r20",0
30273,"r19","r19 applies|","r19",0
10676,"r19","r19 applies|","r19",0
29703,"r19","r19 applies|","r19",0
2952,"r19","r19 applies|","r19",0
26000,"r19","r19 applies|","r19",0
6723,"r19","r19 applies|","r19",0
15711,"r19","r19 applies|","r19",0
10995,"r19","r19 applies|","r19",0
1388,"r20","r20 applies|","r20",0
10537,"r19","r19 applies|","r19",0
13995,"r19","r19 applies|","r19",0
39069,"r19","r19 applies|","r19",0
38113,"r19","r19 applies|","r19",0
20998,"r19","r19 applies|","r19",0
30053,"r19","r19 applies|","r19",0
42996,"r0 r18 r19","r19 applies->r18 applies & overides r19->r0 applies & overides r18|","r0",1
21778,"r19","r19 applies|","r19",0
7277,"r19","r19 applies|","r19",0
16366,"r19","r19 applies|","r19",0
18106,"r19","r19 applies|","r19",0
27041,"r19","r19 applies|","r19",0
28318,"r19","r19 applies|","r19",0
21303,"r19","r19 applies|","r19",0
3675,"r19","r19 applies|","r19",0
3789,"r19","r19 applies|","r19",0
13618,"r19","r19 applies|","r19",0
32106,"r19","r19 applies|","r19",0
44495,"r20","r20 applies|","r20",0
13380,"r19","r19 applies|","r19",0
30520,"r19","r19 applies|","r19",0
31787,"r20","r20 applies|","r20",0
45193,"r19","r19 applies|","r19",0
38432,"r19","r19 applies|","r19",0
18543,"r19","r19 applies|","r19",0
23773,"r20","r20 applies|","r20",0
26993,"r19","r19 applies|","r19",0
20973,"r19","r19 applies|","r19",0
34616,"r19","r19 applies|","r19",0
9559,"r19","r19 applies|","r19",0
31838,"r19","r19 applies|","r19",0
32732,"r19","r19 applies|","r19",0
19220,"r20","r20 applies|","r20",0
42952,"r0 r18 r19","r19 applies->r18 applies & overides r19->r0 applies & overides r18|","r0",1
5585,"r19","r19 applies|","r19",0
32685,"r19","r19 applies|","r19",0
30846,"r19","r19 applies|","r19",0
7436,"r19","r19 applies|","r19",0
8756,"r20","r20 applies|","r20",0
30736,"r19","r19 applies|","r19",0
4010,"r19","r19 applies|","r19",0
716,"r19","r19 applies|","r19",0
2281,"r19","r19 applies|","r19",0
8857,"r19","r19 applies|","r19",0
1822,"r19","r19 applies|","r19",0
24098,"r19","r19 applies|","r19",0
16134,"r19","r19 applies|","r19",0
23283,"r19","r19 applies|","r19",0
38001,"r19","r19 applies|","r19",0
18061,"r20","r20 applies|","r20",0
9474,"r19","r19 applies|","r19",0
27062,"r19","r19 applies|","r19",0
14543,"r19","r19 applies|","r19",0
13401,"r19","r19 applies|","r19",0
27275,"r19","r19 applies|","r19",0
41979,"r19","r19 applies|","r19",0
17726,"r20","r20 applies|","r20",0
16169,"r19","r19 applies|","r19",0
31417,"r19","r19 applies|","r19",0
15012,"r19","r19 applies|","r19",0
9332,"r19","r19 applies|","r19",0
10873,"r19","r19 applies|","r19",0
24084,"r19","r19 applies|","r19",0
28989,"r19","r19 applies|","r19",0
32951,"r19","r19 applies|","r19",0
33471,"r19","r19 applies|","r19",0
41556,"r19","r19 applies|","r19",0
19611,"r19","r19 applies|","r19",0
17801,"r19","r19 applies|","r19",0
36787,"r19","r19 applies|","r19",0
12619,"r19","r19 applies|","r19",0
35536,"r19","r19 applies|","r19",0
7290,"r19","r19 applies|","r19",0
38912,"r19","r19 applies|","r19",0
15550,"r19","r19 applies|","r19",0
14584,"r19","r19 applies|","r19",0
32345,"r19","r19 applies|","r19",0
34857,"r19","r19 applies|","r19",0
27678,"r19","r19 applies|","r19",0
31292,"r19","r19 applies|","r19",0
13173,"r19","r19 applies|","r19",0
42862,"r1 r18 r19","r19 applies->r18 applies & overides r19->r1 applies & overides r18|","r1",1
29731,"r19","r19 applies|","r19",0
10881,"r19","r19 applies|","r19",0
4571,"r20","r20 applies|","r20",0
11540,"r20","r20 applies|","r20",0
42676,"r19","r19 applies|","r19",0
37471,"r19","r19 applies|","r19",0
28651,"r19","r19 applies|","r19",0
37839,"r19","r19 applies|","r19",0
44786,"r19","r19 applies|","r19",0
23310,"r20","r20 applies|","r20",0
26342,"r19","r19 applies|","r19",0
35035,"r19","r19 applies|","r19",0
14925,"r19","r19 applies|","r19",0
22925,"r19","r19 applies|","r19",0
30629,"r19","r19 applies|","r19",0
122,"r19","r19 applies|","r19",0
8778,"r19","r19 applies|","r19",0
3515,"r20","r20 applies|","r20",0
5541,"r19","r19 applies|","r19",0
39488,"r7 r18 r19","r19 applies->r18 applies & overides r19->r7 applies & overides r18|","r7",1
30901,"r19","r19 applies|","r19",0
25643,"r19","r19 applies|","r19",0
22194,"r19","r19 applies|","r19",0
37282,"r19","r19 applies|","r19",0
17898,"r20","r20 applies|","r20",0
20780,"r19","r19 applies|","r19",0
33432,"r19","r19 applies|","r19",0
7701,"r19","r19 applies|","r19",0
6937,"r20","r20 applies|","r20",0
17340,"r20","r20 applies|","r20",0
1716,"r19","r19 applies|","r19",0
28451,"r19","r19 applies|","r19",0
36800,"r19","r19 applies|","r19",0
4297,"r19","r19 applies|","r19",0
6779,"r19","r19 applies|","r19",0
15891,"r19","r19 applies|","r19",0
21050,"r19","r19 applies|","r19",0
41993,"r20","r20 applies|","r20",0
6017,"r19","r19 applies|","r19",0
23856,"r19","r19 applies|","r19",0
34377,"r19","r19 applies|","r19",0
17803,"r19","r19 applies|","r19",0
4793,"r19","r19 applies|","r19",0
33563,"r20","r20 applies|","r20",0
14866,"r19","r19 applies|","r19",0
21676,"r19","r19 applies|","r19",0
32806,"r19","r19 applies|","r19",0
8929,"r19","r19 applies|","r19",0
33731,"r19","r19 applies|","r19",0
4130,"r20","r20 applies|","r20",0
16042,"r19","r19 applies|","r19",0
24323,"r19","r19 applies|","r19",0
35230,"r19","r19 applies|","r19",0
42995,"r19","r19 applies|","r19",0
12073,"r19","r19 applies|","r19",0
20899,"r19","r19 applies|","r19",0
33244,"r20","r20 applies|","r20",0
30589,"r19","r19 applies|","r19",0
17266,"r19","r19 applies|","r19",0
16093,"r20","r20 applies|","r20",0
1118,"r19","r19 applies|","r19",0
4399,"r19","r19 applies|","r19",0
45116,"r19","r19 applies|","r19",0
23184,"r19","r19 applies|","r19",0
19286,"r20","r20 applies|","r20",0
45067,"r1 r18 r19","r19 applies->r18 applies & overides r19->r1 applies & overides r18|","r1",1
16411,"r20","r20 applies|","r20",0
37363,"r19","r19 applies|","r19",0
4048,"r19","r19 applies|","r19",0
998,"r19","r19 applies|","r19",0
7164,"r19","r19 applies|","r19",0
6895,"r19","r19 applies|","r19",0
26378,"r19","r19 applies|","r19",0
5454,"r19","r19 applies|","r19",0
13693,"r20","r20 applies|","r20",0
296,"r19","r19 applies|","r19",0
10808,"r19","r19 applies|","r19",0
40382,"r19","r19 applies|","r19",0
20498,"r19","r19 applies|","r19",0
9915,"r19","r19 applies|","r19",0
35988,"r20","r20 applies|","r20",0
37021,"r20","r20 applies|","r20",0
7653,"r20","r20 applies|","r20",0
25131,"r19","r19 applies|","r19",0
40254,"r19","r19 applies|","r19",0
19876,"r19","r19 applies|","r19",0
22434,"r19","r19 applies|","r19",0
34500,"r19","r19 applies|","r19",0
1483,"r19","r19 applies|","r19",0
25992,"r19","r19 applies|","r19",0
38946,"r19","r19 applies|","r19",0
30253,"r19","r19 applies|","r19",0
27045,"r19","r19 applies|","r19",0
18335,"r19","r19 applies|","r19",0
26327,"r19","r19 applies|","r19",0
34926,"r19","r19 applies|","r19",0
32825,"r20","r20 applies|","r20",0
43899,"r20","r20 applies|","r20",0
40929,"r19","r19 applies|","r19",0
27393,"r19","r19 applies|","r19",0
23303,"r20","r20 applies|","r20",0
25673,"r20","r20 applies|","r20",0
5110,"r19","r19 applies|","r19",0
8244,"r19","r19 applies|","r19",0
4170,"r20","r20 applies|","r20",0
5300,"r19","r19 applies|","r19",0
10798,"r19","r19 applies|","r19",0
32505,"r19","r19 applies|","r19",0
38444,"r20","r20 applies|","r20",0
28813,"r19","r19 applies|","r19",0
38757,"r19","r19 applies|","r19",0
15681,"r19","r19 applies|","r19",0
3310,"r19","r19 applies|","r19",0
42640,"r19","r19 applies|","r19",0
39404,"r20","r20 applies|","r20",0
24233,"r19","r19 applies|","r19",0
36965,"r19","r19 applies|","r19",0
30473,"r19","r19 applies|","r19",0
13053,"r19","r19 applies|","r19",0
14593,"r19","r19 applies|","r19",0
39571,"r19","r19 applies|","r19",0
39707,"r19","r19 applies|","r19",0
20832,"r19","r19 applies|","r19",0
21777,"r19","r19 applies|","r19",0
44545,"r0 r18 r19","r19 applies->r18 applies & overides r19->r0 applies & overides r18|","r0",1
7288,"r19","r19 applies|","r19",0
22782,"r19","r19 applies|","r19",0
12032,"r19","r19 applies|","r19",0
7111,"r19","r19 applies|","r19",0
38116,"r20","r20 applies|","r20",0
24186,"r19","r19 applies|","r19",0
22920,"r19","r19 applies|","r19",0
24329,"r19","r19 applies|","r19",0
7059,"r19","r19 applies|","r19",0
18025,"r19","r19 applies|","r19",0
22071,"r19","r19 applies|","r19",0
9036,"r19","r19 applies|","r19",0
36555,"r19","r19 applies|","r19",0
30364,"r20","r20 applies|","r20",0
33442,"r19","r19 applies|","r19",0
28915,"r19","r19 applies|","r19",0
32147,"r5 r10 r20","r20 applies->r10 applies & overides r20->r5 applies & overides r10|","r5",1
28751,"r19","r19 applies|","r19",0
11822,"r19","r19 applies|","r19",0
6297,"r19","r19 applies|","r19",0
5067,"r20","r20 applies|","r20",0
8642,"r19","r19 applies|","r19",0
24423,"r19","r19 applies|","r19",0
37238,"r19","r19 applies|","r19",0
34844,"r19","r19 applies|","r19",0
24292,"r20","r20 applies|","r20",0
6016,"r19","r19 applies|","r19",0
24949,"r19","r19 applies|","r19",0
30980,"r19","r19 applies|","r19",0
20436,"r19","r19 applies|","r19",0
45060,"r19","r19 applies|","r19",0
40083,"r19","r19 applies|","r19",0
10853,"r19","r19 applies|","r19",0
3499,"r20","r20 applies|","r20",0
31685,"r19","r19 applies|","r19",0
40675,"r19","r19 applies|","r19",0
29627,"r19","r19 applies|","r19",0
403,"r19","r19 applies|","r19",0
30010,"r20","r20 applies|","r20",0
9411,"r19","r19 applies|","r19",0
278,"r19","r19 applies|","r19",0
40137,"r20","r20 applies|","r20",0
20599,"r19","r19 applies|","r19",0
21841,"r19","r19 applies|","r19",0
42470,"r20","r20 applies|","r20",0
19227,"r19","r19 applies|","r19",0
965,"r19","r19 applies|","r19",0
21462,"r20","r20 applies|","r20",0
4849,"r19","r19 applies|","r19",0
39847,"r19","r19 applies|","r19",0
21633,"r19","r19 applies|","r19",0
15784,"r19","r19 applies|","r19",0
33300,"r19","r19 applies|","r19",0
7908,"r19","r19 applies|","r19",0
7978,"r19","r19 applies|","r19",0
31283,"r19","r19 applies|","r19",0
3568,"r19","r19 applies|","r19",0
29720,"r20","r20 applies|","r20",0
41898,"r19","r19 applies|","r19",0
40205,"r20","r20 applies|","r20",0
13599,"r20","r20 applies|","r20",0
4069,"r19","r19 applies|","r19",0
9421,"r19","r19 applies|","r19",0
22534,"r20","r20 applies|","r20",0
22676,"r19","r19 applies|","r19",0
37457,"r19","r19 applies|","r19",0
28160,"r20","r20 applies|","r20",0
22214,"r19","r19 applies|","r19",0
25686,"r19","r19 applies|","r19",0
22393,"r19","r19 applies|","r19",0
25504,"r19","r19 applies|","r19",0
19389,"r19","r19 applies|","r19",0
31160,"r19","r19 applies|","r19",0
34820,"r19","r19 applies|","r19",0
24578,"r19","r19 applies|","r19",0
26762,"r19","r19 applies|","r19",0
6859,"r19","r19 applies|","r19",0
39304,"r19","r19 applies|","r19",0
41040,"r19","r19 applies|","r19",0
18225,"r19","r19 applies|","r19",0
13869,"r19","r19 applies|","r19",0
38756,"r19","r19 applies|","r19",0
42823,"r19","r19 applies|","r19",0
29762,"r19","r19 applies|","r19",0
21265,"r20","r20 applies|","r20",0
24267,"r19","r19 applies|","r19",0
32774,"r19","r19 applies|","r19",0
9884,"r19","r19 applies|","r19",0
35789,"r20","r20 applies|","r20",0
10634,"r20","r20 applies|","r20",0
37230,"r19","r19 applies|","r19",0
27381,"r19","r19 applies|","r19",0
40917,"r0 r18 r19","r19 applies->r18 applies & overides r19->r0 applies & overides r18|","r0",1
35233,"r19","r19 applies|","r19",0
27221,"r19","r19 applies|","r19",0
40353,"r19","r19 applies|","r19",0
39581,"r19","r19 applies|","r19",0
35074,"r19","r19 applies|","r19",0
29354,"r19","r19 applies|","r19",0
19647,"r19","r19 applies|","r19",0
22671,"r19","r19 applies|","r19",0
30449,"r19","r19 applies|","r19",0
41841,"r19","r19 applies|","r19",0
33252,"r19","r19 applies|","r19",0
42293,"r19","r19 applies|","r19",0
15782,"r19","r19 applies|","r19",0
11054,"r19","r19 applies|","r19",0
23728,"r19","r19 applies|","r19",0
18353,"r19","r19 applies|","r19",0
17849,"r19","r19 applies|","r19",0
15724,"r19","r19 applies|","r19",0
35213,"r19","r19 applies|","r19",0
39655,"r20","r20 applies|","r20",0
10125,"r19","r19 applies|","r19",0
15984,"r19","r19 applies|","r19",0
370,"r19","r19 applies|","r19",0
38884,"r19","r19 applies|","r19",0
38986,"r19","r19 applies|","r19",0
36520,"r19","r19 applies|","r19",0
31535,"r19","r19 applies|","r19",0
20113,"r19","r19 applies|","r19",0
30900,"r19","r19 applies|","r19",0
10834,"r19","r19 applies|","r19",0
23445,"r19","r19 applies|","r19",0
20073,"r19","r19 applies|","r19",0
38956,"r19","r19 applies|","r19",0
8194,"r19","r19 applies|","r19",0
35813,"r19","r19 applies|","r19",0
33093,"r20","r20 applies|","r20",0
9276,"r19","r19 applies|","r19",0
38781,"r19","r19 applies|","r19",0
11353,"r19","r19 applies|","r19",0
20579,"r19","r19 applies|","r19",0
33241,"r19","r19 applies|","r19",0
8469,"r19","r19 applies|","r19",0
23721,"r20","r20 applies|","r20",0
34048,"r0 r18 r19","r19 applies->r18 applies & overides r19->r0 applies & overides r18|","r0",1
12036,"r19","r19 applies|","r19",0
1035,"r20","r20 applies|","r20",0
15611,"r20","r20 applies|","r20",0
18721,"r19","r19 applies|","r19",0
26032,"r20","r20 applies|","r20",0
37385,"r19","r19 applies|","r19",0
43512,"r5 r10 r20","r20 applies->r10 applies & overides r20->r5 applies & overides r10|","r5",1
36397,"r20","r20 applies|","r20",0
16049,"r19","r19 applies|","r19",0
37960,"r19","r19 applies|","r19",0
29985,"r19","r19 applies|","r19",0
8474,"r19","r19 applies|","r19",0
11702,"r19","r19 applies|","r19",0
41852,"r12 r15 r18 r19","r19 applies->r18 applies & overides r19->r15 applies & overides r18->r12 applies & overides r15|","r12",0
15798,"r19","r19 applies|","r19",0
17474,"r20","r20 applies|","r20",0
3871,"r20","r20 applies|","r20",0
40991,"r19","r19 applies|","r19",0
16139,"r19","r19 applies|","r19",0
14682,"r19","r19 applies|","r19",0
41909,"r19","r19 applies|","r19",0
36059,"r19","r19 applies|","r19",0
28412,"r19","r19 applies|","r19",0
23953,"r20","r20 applies|","r20",0
16909,"r19","r19 applies|","r19",0
23222,"r20","r20 applies|","r20",0
18103,"r19","r19 applies|","r19",0
31801,"r19","r19 applies|","r19",0
407,"r20","r20 applies|","r20",0
12398,"r19","r19 applies|","r19",0
10544,"r19","r19 applies|","r19",0
27648,"r19","r19 applies|","r19",0
18270,"r19","r19 applies|","r19",0
2402,"r19","r19 applies|","r19",0
40251,"r19","r19 applies|","r19",0
30367,"r20","r20 applies|","r20",0
6829,"r19","r19 applies|","r19",0
39823,"r19","r19 applies|","r19",0
7274,"r20","r20 applies|","r20",0
25115,"r20","r20 applies|","r20",0
4947,"r19","r19 applies|","r19",0
131,"r20","r20 applies|","r20",0
36156,"r19","r19 applies|","r19",0
37152,"r19","r19 applies|","r19",0
4458,"r19","r19 applies|","r19",0
8881,"r19","r19 applies|","r19",0
27267,"r19","r19 applies|","r19",0
32895,"r19","r19 applies|","r19",0
10638,"r19","r19 applies|","r19",0
27541,"r19","r19 applies|","r19",0
3101,"r20","r20 applies|","r20",0
18054,"r19","r19 applies|","r19",0
37154,"r19","r19 applies|","r19",0
10120,"r19","r19 applies|","r19",0
41676,"r19","r19 applies|","r19",0
20431,"r20","r20 applies|","r20",0
8155,"r19","r19 applies|","r19",0
1319,"r19","r19 applies|","r19",0
6240,"r19","r19 applies|","r19",0
22869,"r19","r19 applies|","r19",0
9626,"r19","r19 applies|","r19",0
35216,"r19","r19 applies|","r19",0
18280,"r19","r19 applies|","r19",0
3712,"r19","r19 applies|","r19",0
6958,"r19","r19 applies|","r19",0
35365,"r20","r20 applies|","r20",0
6084,"r19","r19 applies|","r19",0
15481,"r19","r19 applies|","r19",0
18981,"r19","r19 applies|","r19",0
44535,"r0 r18 r19","r19 applies->r18 applies & overides r19->r0 applies & overides r18|","r0",1
17655,"r19","r19 applies|","r19",0
16978,"r19","r19 applies|","r19",0
32714,"r20","r20 applies|","r20",0
13329,"r19","r19 applies|","r19",0
11111,"r19","r19 applies|","r19",0
43205,"r19","r19 applies|","r19",0
12797,"r20","r20 applies|","r20",0
20356,"r19","r19 applies|","r19",0
34353,"r20","r20 applies|","r20",0
18455,"r19","r19 applies|","r19",0
25362,"r19","r19 applies|","r19",0
32632,"r19","r19 applies|","r19",0
13297,"r19","r19 applies|","r19",0
44539,"r19","r19 applies|","r19",0
1441,"r20","r20 applies|","r20",0
43381,"r19","r19 applies|","r19",0
38301,"r20","r20 applies|","r20",0
36104,"r19","r19 applies|","r19",0
10307,"r19","r19 applies|","r19",0
13652,"r19","r19 applies|","r19",0
18345,"r19","r19 applies|","r19",0
7492,"r19","r19 applies|","r19",0
3631,"r19","r19 applies|","r19",0
21331,"r19","r19 applies|","r19",0
27491,"r20","r20 applies|","r20",0
2161,"r19","r19 applies|","r19",0
21028,"r19","r19 applies|","r19",0
18576,"r19","r19 applies|","r19",0
26618,"r19","r19 applies|","r19",0
11254,"r19","r19 applies|","r19",0
38543,"r19","r19 applies|","r19",0
45069,"r0 r18 r19","r19 applies->r18 applies & overides r19->r0 applies & overides r18|","r0",1
44342,"r19","r19 applies|","r19",0
26522,"r19","r19 applies|","r19",0
42541,"r19","r19 applies|","r19",0
17872,"r19","r19 applies|","r19",0
17331,"r19","r19 applies|","r19",0
10048,"r19","r19 applies|","r19",0
25949,"r20","r20 applies|","r20",0
434,"r19","r19 applies|","r19",0
31869,"r20","r20 applies|","r20",0
29757,"r19","r19 applies|","r19",0
18308,"r19","r19 applies|","r19",0
20502,"r19","r19 applies|","r19",0
40728,"r19","r19 applies|","r19",0
10001,"r19","r19 applies|","r19",0
28912,"r19","r19 applies|","r19",0
2620,"r19","r19 applies|","r19",0
39253,"r19","r19 applies|","r19",0
23467,"r19","r19 applies|","r19",0
27692,"r19","r19 applies|","r19",0
33721,"r19","r19 applies|","r19",0
33015,"r19","r19 applies|","r19",0
40176,"r20","r20 applies|","r20",0
43034,"r3 r16 r20","r20 applies->r16 applies & overides r20->r3 applies & overides r16|","r3",1
32436,"r20","r20 applies|","r20",0
17452,"r19","r19 applies|","r19",0
31339,"r20","r20 applies|","r20",0
10145,"r19","r19 applies|","r19",0
4387,"r19","r19 applies|","r19",0
22605,"r19","r19 applies|","r19",0
30759,"r19","r19 applies|","r19",0
13190,"r19","r19 applies|","r19",0
1374,"r19","r19 applies|","r19",0
28794,"r19","r19 applies|","r19",0
10371,"r19","r19 applies|","r19",0
33454,"r19","r19 applies|","r19",0
14734,"r19","r19 applies|","r19",0
17463,"r19","r19 applies|","r19",0
10994,"r19","r19 applies|","r19",0
1705,"r19","r19 applies|","r19",0
29136,"r19","r19 applies|","r19",0
13825,"r19","r19 applies|","r19",0
28692,"r20","r20 applies|","r20",0
2963,"r19","r19 applies|","r19",0
38253,"r19","r19 applies|","r19",0
9227,"r19","r19 applies|","r19",0
14285,"r19","r19 applies|","r19",0
4638,"r19","r19 applies|","r19",0
30707,"r20","r20 applies|","r20",0
31266,"r19","r19 applies|","r19",0
33005,"r19","r19 applies|","r19",0
17179,"r19","r19 applies|","r19",0
35804,"r19","r19 applies|","r19",0
2465,"r20","r20 applies|","r20",0
17738,"r20","r20 applies|","r20",0
24981,"r19","r19 applies|","r19",0
43192,"r19","r19 applies|","r19",0
32700,"r19","r19 applies|","r19",0
40338,"r20","r20 applies|","r20",0
39715,"r19","r19 applies|","r19",0
19812,"r19","r19 applies|","r19",0
15680,"r19","r19 applies|","r19",0
36942,"r19","r19 applies|","r19",0
5188,"r20","r20 applies|","r20",0
32209,"r19","r19 applies|","r19",0
19774,"r19","r19 applies|","r19",0
22171,"r19","r19 applies|","r19",0
30681,"r19","r19 applies|","r19",0
20999,"r19","r19 applies|","r19",0
41650,"r19","r19 applies|","r19",0
37440,"r19","r19 applies|","r19",0
529,"r20","r20 applies|","r20",0
3335,"r19","r19 applies|","r19",0
4982,"r19","r19 applies|","r19",0
32989,"r19","r19 applies|","r19",0
40392,"r19","r19 applies|","r19",0
14467,"r20","r20 applies|","r20",0
20462,"r19","r19 applies|","r19",0
27725,"r19","r19 applies|","r19",0
9953,"r19","r19 applies|","r19",0
14598,"r19","r19 applies|","r19",0
10746,"r19","r19 applies|","r19",0
18100,"r19","r19 applies|","r19",0
19182,"r19","r19 applies|","r19",0
21695,"r20","r20 applies|","r20",0
18129,"r19","r19 applies|","r19",0
30572,"r19","r19 applies|","r19",0
20151,"r19","r19 applies|","r19",0
33788,"r19","r19 applies|","r19",0
31403,"r19","r19 applies|","r19",0
30628,"r20","r20 applies|","r20",0
16285,"r19","r19 applies|","r19",0
18715,"r19","r19 applies|","r19",0
27300,"r19","r19 applies|","r19",0
12822,"r20","r20 applies|","r20",0
19,"r19","r19 applies|","r19",0
7835,"r19","r19 applies|","r19",0
2202,"r20","r20 applies|","r20",0
25254,"r19","r19 applies|","r19",0
40151,"r19","r19 applies|","r19",0
20063,"r19","r19 applies|","r19",0
41833,"r19","r19 applies|","r19",0
33868,"r4 r10 r20","r20 applies->r10 applies & overides r20->r4 applies & overides r10|","r4",1
39576,"r8 r18 r19","r19 applies->r18 applies & overides r19->r8 applies & overides r18|","r8",0
44558,"r1 r18 r19","r19 applies->r18 applies & overides r19->r1 applies & overides r18|","r1",1
32646,"r19","r19 applies|","r19",0
34552,"r19","r19 applies|","r19",0
38141,"r19","r19 applies|","r19",0
40059,"r12 r15 r18 r19","r19 applies->r18 applies & overides r19->r15 applies & overides r18->r12 applies & overides r15|","r12",0
17043,"r19","r19 applies|","r19",0
19664,"r20","r20 applies|","r20",0
34033,"r19","r19 applies|","r19",0
10833,"r19","r19 applies|","r19",0
20764,"r19","r19 applies|","r19",0
17651,"r19","r19 applies|","r19",0
28873,"r20","r20 applies|","r20",0
14876,"r19","r19 applies|","r19",0
32945,"r20","r20 applies|","r20",0
33728,"r19","r19 applies|","r19",0
30893,"r19","r19 applies|","r19",0
36453,"r20","r20 applies|","r20",0
3529,"r20","r20 applies|","r20",0
39098,"r19","r19 applies|","r19",0
37652,"r20","r20 applies|","r20",0
4923,"r19","r19 applies|","r19",0
1000,"r19","r19 applies|","r19",0
17187,"r19","r19 applies|","r19",0
31258,"r19","r19 applies|","r19",0
34769,"r20","r20 applies|","r20",0
27759,"r19","r19 applies|","r19",0
20898,"r19","r19 applies|","r19",0
633,"r19","r19 applies|","r19",0
7081,"r20","r20 applies|","r20",0
44903,"r19","r19 applies|","r19",0
31168,"r19","r19 applies|","r19",0
23822,"r19","r19 applies|","r19",0
23399,"r19","r19 applies|","r19",0
443,"r19","r19 applies|","r19",0
39066,"r19","r19 applies|","r19",0
15390,"r20","r20 applies|","r20",0
13762,"r20","r20 applies|","r20",0
3767,"r19","r19 applies|","r19",0
13961,"r19","r19 applies|","r19",0
6740,"r19","r19 applies|","r19",0
31985,"r19","r19 applies|","r19",0
40558,"r19","r19 applies|","r19",0
40738,"r19","r19 applies|","r19",0
38621,"r19","r19 applies|","r19",0
6472,"r19","r19 applies|","r19",0
18231,"r19","r19 applies|","r19",0
10755,"r19","r19 applies|","r19",0
25858,"r19","r19 applies|","r19",0
2563,"r20","r20 applies|","r20",0
3994,"r19","r19 applies|","r19",0
27014,"r19","r19 applies|","r19",0
14319,"r19","r19 applies|","r19",0
24598,"r20","r20 applies|","r20",0
18690,"r19","r19 applies|","r19",0
27782,"r20","r20 applies|","r20",0
32349,"r20","r20 applies|","r20",0
2120,"r19","r19 applies|","r19",0
16130,"r19","r19 applies|","r19",0
1930,"r19","r19 applies|","r19",0
1585,"r19","r19 applies|","r19",0
21495,"r19","r19 applies|","r19",0
5456,"r19","r19 applies|","r19",0
24688,"r19","r19 applies|","r19",0
38260,"r19","r19 applies|","r19",0
2291,"r19","r19 applies|","r19",0
13861,"r19","r19 applies|","r19",0
30249,"r19","r19 applies|","r19",0
35873,"r19","r19 applies|","r19",0
26007,"r1 r18 r19","r19 applies->r18 applies & overides r19->r1 applies & overides r18|","r1",1
18444,"r19","r19 applies|","r19",0
23163,"r19","r19 applies|","r19",0
37719,"r19","r19 applies|","r19",0
36941,"r19","r19 applies|","r19",0
38475,"r19","r19 applies|","r19",0
14365,"r20","r20 applies|","r20",0
28656,"r19","r19 applies|","r19",0
2367,"r20","r20 applies|","r20",0
34588,"r19","r19 applies|","r19",0
7075,"r19","r19 applies|","r19",0
9695,"r19","r19 applies|","r19",0
4058,"r19","r19 applies|","r19",0
11383,"r19","r19 applies|","r19",0
8891,"r19","r19 applies|","r19",0
19085,"r19","r19 applies|","r19",0
21166,"r19","r19 applies|","r19",0
30903,"r19","r19 applies|","r19",0
33974,"r19","r19 applies|","r19",0
23964,"r19","r19 applies|","r19",0
3616,"r19","r19 applies|","r19",0
1145,"r19","r19 applies|","r19",0
34763,"r20","r20 applies|","r20",0
31745,"r19","r19 applies|","r19",0
12865,"r19","r19 applies|","r19",0
31679,"r19","r19 applies|","r19",0
3918,"r19","r19 applies|","r19",0
9514,"r19","r19 applies|","r19",0
41536,"r19","r19 applies|","r19",0
4779,"r19","r19 applies|","r19",0
16294,"r19","r19 applies|","r19",0
31030,"r19","r19 applies|","r19",0
3190,"r19","r19 applies|","r19",0
15129,"r19","r19 applies|","r19",0
33343,"r19","r19 applies|","r19",0
4851,"r20","r20 applies|","r20",0
9647,"r19","r19 applies|","r19",0
35450,"r19","r19 applies|","r19",0
41106,"r19","r19 applies|","r19",0
3554,"r19","r19 applies|","r19",0
5407,"r19","r19 applies|","r19",0
14497,"r19","r19 applies|","r19",0
11936,"r20","r20 applies|","r20",0
20400,"r20","r20 applies|","r20",0
36971,"r19","r19 applies|","r19",0
32308,"r19","r19 applies|","r19",0
6530,"r19","r19 applies|","r19",0
2653,"r19","r19 applies|","r19",0
20912,"r20","r20 applies|","r20",0
37022,"r19","r19 applies|","r19",0
497,"r19","r19 applies|","r19",0
16741,"r19","r19 applies|","r19",0
34789,"r19","r19 applies|","r19",0
18323,"r19","r19 applies|","r19",0
28459,"r20","r20 applies|","r20",0
870,"r19","r19 applies|","r19",0
11619,"r20","r20 applies|","r20",0
13315,"r20","r20 applies|","r20",0
25826,"r20","r20 applies|","r20",0
3551,"r19","r19 applies|","r19",0
26097,"r19","r19 applies|","r19",0
39225,"r20","r20 applies|","r20",0
23002,"r19","r19 applies|","r19",0
5324,"r19","r19 applies|","r19",0
13475,"r20","r20 applies|","r20",0
15347,"r19","r19 applies|","r19",0
15963,"r19","r19 applies|","r19",0
19695,"r20","r20 applies|","r20",0
2136,"r20","r20 applies|","r20",0
33067,"r19","r19 applies|","r19",0
43527,"r2 r16 r20","r20 applies->r16 applies & overides r20->r2 applies & overides r16|","r2",1
35023,"r19","r19 applies|","r19",0
771,"r19","r19 applies|","r19",0
14102,"r20","r20 applies|","r20",0
40389,"r19","r19 applies|","r19",0
32514,"r19","r19 applies|","r19",0
35136,"r19","r19 applies|","r19",0
33620,"r19","r19 applies|","r19",0
39887,"r20","r20 applies|","r20",0
16156,"r20","r20 applies|","r20",0
37414,"r20","r20 applies|","r20",0
16714,"r19","r19 applies|","r19",0
4231,"r19","r19 applies|","r19",0
30086,"r19","r19 applies|","r19",0
8999,"r19","r19 applies|","r19",0
10198,"r19","r19 applies|","r19",0
1497,"r19","r19 applies|","r19",0
21565,"r19","r19 applies|","r19",0
26450,"r19","r19 applies|","r19",0
24405,"r19","r19 applies|","r19",0
9785,"r19","r19 applies|","r19",0
21847,"r19","r19 applies|","r19",0
1132,"r20","r20 applies|","r20",0
43905,"r19","r19 applies|","r19",0
19912,"r19","r19 applies|","r19",0
2663,"r19","r19 applies|","r19",0
7921,"r19","r19 applies|","r19",0
43987,"r19","r19 applies|","r19",0
42478,"r2 r16 r20","r20 applies->r16 applies & overides r20->r2 applies & overides r16|","r2",1
28331,"r19","r19 applies|","r19",0
37431,"r19","r19 applies|","r19",0
13411,"r19","r19 applies|","r19",0
15519,"r19","r19 applies|","r19",0
2806,"r20","r20 applies|","r20",0
41564,"r19","r19 applies|","r19",0
43340,"r0 r18 r19","r19 applies->r18 applies & overides r19->r0 applies & overides r18|","r0",1
2720,"r19","r19 applies|","r19",0
13798,"r19","r19 applies|","r19",0
31764,"r19","r19 applies|","r19",0
44501,"r0 r18 r19","r19 applies->r18 applies & overides r19->r0 applies & overides r18|","r0",1
44868,"r19","r19 applies|","r19",0
40857,"r17 r18 r19","r19 applies->r18 applies & overides r19->r17 applies & overides r18|","r17",0
40908,"r2 r16 r20","r20 applies->r16 applies & overides r20->r2 applies & overides r16|","r2",1
16897,"r19","r19 applies|","r19",0
36655,"r20","r20 applies|","r20",0
3209,"r19","r19 applies|","r19",0
2013,"r19","r19 applies|","r19",0
23859,"r19","r19 applies|","r19",0
29270,"r19","r19 applies|","r19",0
44607,"r19","r19 applies|","r19",0
40611,"r20","r20 applies|","r20",0
11952,"r19","r19 applies|","r19",0
22731,"r19","r19 applies|","r19",0
30899,"r19","r19 applies|","r19",0
27439,"r19","r19 applies|","r19",0
9383,"r19","r19 applies|","r19",0
6280,"r19","r19 applies|","r19",0
36207,"r19","r19 applies|","r19",0
17768,"r20","r20 applies|","r20",0
25067,"r20","r20 applies|","r20",0
11318,"r20","r20 applies|","r20",0
44825,"r20","r20 applies|","r20",0
3022,"r19","r19 applies|","r19",0
23527,"r19","r19 applies|","r19",0
42372,"r20","r20 applies|","r20",0
26490,"r19","r19 applies|","r19",0
24646,"r19","r19 applies|","r19",0
25708,"r19","r19 applies|","r19",0
9159,"r19","r19 applies|","r19",0
28410,"r19","r19 applies|","r19",0
24047,"r19","r19 applies|","r19",0
2705,"r19","r19 applies|","r19",0
36360,"r20","r20 applies|","r20",0
31507,"r19","r19 applies|","r19",0
36074,"r19","r19 applies|","r19",0
41942,"r19","r19 applies|","r19",0
32529,"r20","r20 applies|","r20",0
43597,"r0 r18 r19","r19 applies->r18 applies & overides r19->r0 applies & overides r18|","r0",1
9926,"r19","r19 applies|","r19",0
11234,"r19","r19 applies|","r19",0
1482,"r19","r19 applies|","r19",0
13612,"r19","r19 applies|","r19",0
4961,"r19","r19 applies|","r19",0
44994,"r0 r18 r19","r19 applies->r18 applies & overides r19->r0 applies & overides r18|","r0",1
44875,"r20","r20 applies|","r20",0
17584,"r19","r19 applies|","r19",0
29453,"r19","r19 applies|","r19",0
14443,"r19","r19 applies|","r19",0
40847,"r19","r19 applies|","r19",0
7839,"r19","r19 applies|","r19",0
28560,"r19","r19 applies|","r19",0
38340,"r20","r20 applies|","r20",0
31624,"r19","r19 applies|","r19",0
6007,"r20","r20 applies|","r20",0
6317,"r19","r19 applies|","r19",0
5327,"r19","r19 applies|","r19",0
8708,"r19","r19 applies|","r19",0
42461,"r20","r20 applies|","r20",0
8765,"r19","r19 applies|","r19",0
17664,"r19","r19 applies|","r19",0
25633,"r19","r19 applies|","r19",0
35462,"r20","r20 applies|","r20",0
23705,"r19","r19 applies|","r19",0
29722,"r19","r19 applies|","r19",0
928,"r19","r19 applies|","r19",0
20960,"r19","r19 applies|","r19",0
18686,"r19","r19 applies|","r19",0
33172,"r19","r19 applies|","r19",0
7473,"r20","r20 applies|","r20",0
37789,"r20","r20 applies|","r20",0
12856,"r19","r19 applies|","r19",0
9698,"r19","r19 applies|","r19",0
26288,"r20","r20 applies|","r20",0
3738,"r19","r19 applies|","r19",0
21133,"r19","r19 applies|","r19",0
40995,"r19","r19 applies|","r19",0
766,"r19","r19 applies|","r19",0
32533,"r19","r19 applies|","r19",0
44958,"r20","r20 applies|","r20",0
7700,"r19","r19 applies|","r19",0
36071,"r19","r19 applies|","r19",0
17684,"r19","r19 applies|","r19",0
28119,"r19","r19 applies|","r19",0
19090,"r19","r19 applies|","r19",0
5281,"r20","r20 applies|","r20",0
9592,"r19","r19 applies|","r19",0
13145,"r19","r19 applies|","r19",0
29250,"r20","r20 applies|","r20",0
23579,"r19","r19 applies|","r19",0
13516,"r19","r19 applies|","r19",0
42847,"r0 r18 r19","r19 applies->r18 applies & overides r19->r0 applies & overides r18|","r0",1
2902,"r19","r19 applies|","r19",0
9760,"r19","r19 applies|","r19",0
23285,"r19","r19 applies|","r19",0
8263,"r19","r19 applies|","r19",0
28570,"r19","r19 applies|","r19",0
22215,"r20","r20 applies|","r20",0
32598,"r19","r19 applies|","r19",0
41505,"r19","r19 applies|","r19",0
11493,"r19","r19 applies|","r19",0
3126,"r19","r19 applies|","r19",0
8900,"r19","r19 applies|","r19",0
12301,"r19","r19 applies|","r19",0
27314,"r19","r19 applies|","r19",0
15942,"r19","r19 applies|","r19",0
16034,"r19","r19 applies|","r19",0
25296,"r19","r19 applies|","r19",0
1607,"r19","r19 applies|","r19",0
19202,"r20","r20 applies|","r20",0
852,"r19","r19 applies|","r19",0
18311,"r20","r20 applies|","r20",0
16244,"r19","r19 applies|","r19",0
26773,"r19","r19 applies|","r19",0
22724,"r19","r19 applies|","r19",0
41659,"r1 r18 r19","r19 applies->r18 applies & overides r19->r1 applies & overides r18|","r1",1
43894,"r20","r20 applies|","r20",0
31756,"r19","r19 applies|","r19",0
38267,"r19","r19 applies|","r19",0
12151,"r19","r19 applies|","r19",0
36153,"r19","r19 applies|","r19",0
22954,"r19","r19 applies|","r19",0
30218,"r20","r20 applies|","r20",0
43714,"r20","r20 applies|","r20",0
5135,"r19","r19 applies|","r19",0
14476,"r19","r19 applies|","r19",0
26213,"r19","r19 applies|","r19",0
5567,"r19","r19 applies|","r19",0
17128,"r20","r20 applies|","r20",0
36546,"r19","r19 applies|","r19",0
8209,"r19","r19 applies|","r19",0
6089,"r19","r19 applies|","r19",0
10163,"r20","r20 applies|","r20",0
17447,"r19","r19 applies|","r19",0
13082,"r19","r19 applies|","r19",0
32836,"r20","r20 applies|","r20",0
34960,"r19","r19 applies|","r19",0
12161,"r19","r19 applies|","r19",0
920,"r19","r19 applies|","r19",0
43859,"r19","r19 applies|","r19",0
37117,"r19","r19 applies|","r19",0
10931,"r19","r19 applies|","r19",0
21275,"r19","r19 applies|","r19",0
9077,"r20","r20 applies|","r20",0
4723,"r19","r19 applies|","r19",0
14587,"r19","r19 applies|","r19",0
2080,"r19","r19 applies|","r19",0
13141,"r19","r19 applies|","r19",0
36643,"r20","r20 applies|","r20",0
23972,"r19","r19 applies|","r19",0
15405,"r19","r19 applies|","r19",0
30554,"r19","r19 applies|","r19",0
30055,"r19","r19 applies|","r19",0
35555,"r20","r20 applies|","r20",0
10388,"r20","r20 applies|","r20",0
21586,"r19","r19 applies|","r19",0
16698,"r19","r19 applies|","r19",0
35478,"r19","r19 applies|","r19",0
20543,"r19","r19 applies|","r19",0
10553,"r19","r19 applies|","r19",0
13704,"r19","r19 applies|","r19",0
36639,"r19","r19 applies|","r19",0
17196,"r19","r19 applies|","r19",0
19936,"r19","r19 applies|","r19",0
12910,"r19","r19 applies|","r19",0
19383,"r19","r19 applies|","r19",0
11066,"r19","r19 applies|","r19",0
15197,"r20","r20 applies|","r20",0
9175,"r19","r19 applies|","r19",0
30472,"r19","r19 applies|","r19",0
29006,"r19","r19 applies|","r19",0
561,"r19","r19 applies|","r19",0
3832,"r19","r19 applies|","r19",0
456,"r20","r20 applies|","r20",0
8577,"r19","r19 applies|","r19",0
32520,"r19","r19 applies|","r19",0
39339,"r19","r19 applies|","r19",0
43962,"r2 r16 r20","r20 applies->r16 applies & overides r20->r2 applies & overides r16|","r2",1
20490,"r19","r19 applies|","r19",0
31995,"r19","r19 applies|","r19",0
5784,"r20","r20 applies|","r20",0
902,"r19","r19 applies|","r19",0
4353,"r19","r19 applies|","r19",0
42492,"r0 r18 r19","r19 applies->r18 applies & overides r19->r0 applies & overides r18|","r0",1
33800,"r19","r19 applies|","r19",0
42164,"r20","r20 applies|","r20",0
15465,"r20","r20 applies|","r20",0
5388,"r19","r19 applies|","r19",0
14045,"r19","r19 applies|","r19",0
17490,"r19","r19 applies|","r19",0
41472,"r20","r20 applies|","r20",0
1682,"r19","r19 applies|","r19",0
32184,"r19","r19 applies|","r19",0
17499,"r19","r19 applies|","r19",0
28076,"r19","r19 applies|","r19",0
43019,"r19","r19 applies|","r19",0
29514,"r19","r19 applies|","r19",0
23274,"r19","r19 applies|","r19",0
19146,"r19","r19 applies|","r19",0
4743,"r19","r19 applies|","r19",0
22857,"r19","r19 applies|","r19",0
12931,"r19","r19 applies|","r19",0
19969,"r19","r19 applies|","r19",0
5613,"r19","r19 applies|","r19",0
39763,"r1 r18 r19","r19 applies->r18 applies & overides r19->r1 applies & overides r18|","r1",1
33960,"r19","r19 applies|","r19",0
43035,"r19","r19 applies|","r19",0
24784,"r19","r19 applies|","r19",0
9547,"r19","r19 applies|","r19",0
1566,"r19","r19 applies|","r19",0
22438,"r19","r19 applies|","r19",0
18392,"r19","r19 applies|","r19",0
13496,"r19","r19 applies|","r19",0
22008,"r19","r19 applies|","r19",0
39755,"r19","r19 applies|","r19",0
12510,"r19","r19 applies|","r19",0
4714,"r19","r19 applies|","r19",0
36947,"r19","r19 applies|","r19",0
10579,"r19","r19 applies|","r19",0
40516,"r19","r19 applies|","r19",0
31062,"r19","r19 applies|","r19",0
22690,"r19","r19 applies|","r19",0
26862,"r19","r19 applies|","r19",0
25157,"r19","r19 applies|","r19",0
41464,"r9 r15 r18 r19","r19 applies->r18 applies & overides r19->r15 applies & overides r18->r9 applies & overides r15|","r9",0
37637,"r19","r19 applies|","r19",0
35382,"r19","r19 applies|","r19",0
25677,"r19","r19 applies|","r19",0
26899,"r19","r19 applies|","r19",0
30519,"r19","r19 applies|","r19",0
33472,"r20","r20 applies|","r20",0
45146,"r19","r19 applies|","r19",0
36708,"r19","r19 applies|","r19",0
36487,"r19","r19 applies|","r19",0
23976,"r19","r19 applies|","r19",0
11365,"r20","r20 applies|","r20",0
36719,"r19","r19 applies|","r19",0
10700,"r20","r20 applies|","r20",0
16485,"r19","r19 applies|","r19",0
20001,"r19","r19 applies|","r19",0
24629,"r19","r19 applies|","r19",0
12530,"r19","r19 applies|","r19",0
44661,"r19","r19 applies|","r19",0
18982,"r20","r20 applies|","r20",0
8547,"r20","r20 applies|","r20",0
26068,"r19","r19 applies|","r19",0
41977,"r19","r19 applies|","r19",0
9431,"r19","r19 applies|","r19",0
43669,"r19","r19 applies|","r19",0
36998,"r19","r19 applies|","r19",0
11461,"r19","r19 applies|","r19",0
38648,"r19","r19 applies|","r19",0
33320,"r19","r19 applies|","r19",0
40361,"r19","r19 applies|","r19",0
13457,"r19","r19 applies|","r19",0
9910,"r19","r19 applies|","r19",0
41383,"r9 r15 r18 r19","r19 applies->r18 applies & overides r19->r15 applies & overides r18->r9 applies & overides r15|","r9",0
7144,"r19","r19 applies|","r19",0
13025,"r19","r19 applies|","r19",0
30444,"r19","r19 applies|","r19",0
10019,"r19","r19 applies|","r19",0
21117,"r19","r19 applies|","r19",0
4131,"r19","r19 applies|","r19",0
934,"r19","r19 applies|","r19",0
29088,"r19","r19 applies|","r19",0
3642,"r19","r19 applies|","r19",0
38192,"r20","r20 applies|","r20",0
15877,"r19","r19 applies|","r19",0
17421,"r19","r19 applies|","r19",0
37308,"r19","r19 applies|","r19",0
33048,"r0 r18 r19","r19 applies->r18 applies & overides r19->r0 applies & overides r18|","r0",1
28303,"r19","r19 applies|","r19",0
6121,"r19","r19 applies|","r19",0
20800,"r19","r19 applies|","r19",0
12325,"r19","r19 applies|","r19",0
18750,"r19","r19 applies|","r19",0
12289,"r19","r19 applies|","r19",0
22019,"r19","r19 applies|","r19",0
36420,"r20","r20 applies|","r20",0
34171,"r20","r20 applies|","r20",0
15820,"r20","r20 applies|","r20",0
39406,"r19","r19 applies|","r19",0
14610,"r20","r20 applies|","r20",0
10867,"r19","r19 applies|","r19",0
13582,"r19","r19 applies|","r19",0
10076,"r19","r19 applies|","r19",0
17612,"r19","r19 applies|","r19",0
24593,"r19","r19 applies|","r19",0
41847,"r20","r20 applies|","r20",0
19658,"r19","r19 applies|","r19",0
15628,"r19","r19 applies|","r19",0
11117,"r19","r19 applies|","r19",0
2496,"r20","r20 applies|","r20",0
19703,"r19","r19 applies|","r19",0
23098,"r19","r19 applies|","r19",0
29118,"r19","r19 applies|","r19",0
20087,"r19","r19 applies|","r19",0
42440,"r19","r19 applies|","r19",0
21610,"r19","r19 applies|","r19",0
29467,"r19","r19 applies|","r19",0
42312,"r19","r19 applies|","r19",0
38785,"r19","r19 applies|","r19",0
34591,"r19","r19 applies|","r19",0
20114,"r19","r19 applies|","r19",0
36557,"r19","r19 applies|","r19",0
35452,"r19","r19 applies|","r19",0
1031,"r19","r19 applies|","r19",0
45100,"r0 r18 r19","r19 applies->r18 applies & overides r19->r0 applies & overides r18|","r0",1
14280,"r19","r19 applies|","r19",0
38987,"r19","r19 applies|","r19",0
37714,"r19","r19 applies|","r19",0
44795,"r19","r19 applies|","r19",0
39652,"r19","r19 applies|","r19",0
338,"r19","r19 applies|","r19",0
14216,"r19","r19 applies|","r19",0
26217,"r20","r20 applies|","r20",0
35957,"r20","r20 applies|","r20",0
2683,"r19","r19 applies|","r19",0
5084,"r19","r19 applies|","r19",0
39746,"r19","r19 applies|","r19",0
27230,"r20","r20 applies|","r20",0
4807,"r19","r19 applies|","r19",0
13927,"r20","r20 applies|","r20",0
28957,"r19","r19 applies|","r19",0
31746,"r20","r20 applies|","r20",0
262,"r19","r19 applies|","r19",0
33045,"r20","r20 applies|","r20",0
24048,"r19","r19 applies|","r19",0
31203,"r19","r19 applies|","r19",0
37314,"r20","r20 applies|","r20",0
7029,"r19","r19 applies|","r19",0
16452,"r19","r19 applies|","r19",0
37946,"r19","r19 applies|","r19",0
19397,"r19","r19 applies|","r19",0
9761,"r19","r19 applies|","r19",0
17348,"r19","r19 applies|","r19",0
13932,"r19","r19 applies|","r19",0
14100,"r19","r19 applies|","r19",0
14806,"r19","r19 applies|","r19",0
34522,"r19","r19 applies|","r19",0
35234,"r19","r19 applies|","r19",0
27405,"r19","r19 applies|","r19",0
16184,"r20","r20 applies|","r20",0
4029,"r19","r19 applies|","r19",0
12328,"r19","r19 applies|","r19",0
25759,"r19","r19 applies|","r19",0
7296,"r20","r20 applies|","r20",0
37082,"r20","r20 applies|","r20",0
5028,"r19","r19 applies|","r19",0
9099,"r19","r19 applies|","r19",0
6981,"r19","r19 applies|","r19",0
18398,"r19","r19 applies|","r19",0
36087,"r17 r18 r19","r19 applies->r18 applies & overides r19->r17 applies & overides r18|","r17",0
39326,"r19","r19 applies|","r19",0
35539,"r19","r19 applies|","r19",0
12482,"r19","r19 applies|","r19",0
42746,"r1 r18 r19","r19 applies->r18 applies & overides r19->r1 applies & overides r18|","r1",1
10858,"r19","r19 applies|","r19",0
36701,"r19","r19 applies|","r19",0
24315,"r19","r19 applies|","r19",0
29944,"r19","r19 applies|","r19",0
20264,"r19","r19 applies|","r19",0
4392,"r19","r19 applies|","r19",0
21179,"r19","r19 applies|","r19",0
547,"r19","r19 applies|","r19",0
34730,"r19","r19 applies|","r19",0
20592,"r20","r20 applies|","r20",0
13963,"r19","r19 applies|","r19",0
39293,"r19","r19 applies|","r19",0
32063,"r19","r19 applies|","r19",0
40450,"r19","r19 applies|","r19",0
18633,"r19","r19 applies|","r19",0
8944,"r20","r20 applies|","r20",0
33068,"r19","r19 applies|","r19",0
41301,"r19","r19 applies|","r19",0
25425,"r19","r19 applies|","r19",0
22641,"r19","r19 applies|","r19",0
33712,"r19","r19 applies|","r19",0
21963,"r19","r19 applies|","r19",0
20054,"r19","r19 applies|","r19",0
23095,"r19","r19 applies|","r19",0
19866,"r19","r19 applies|","r19",0
15781,"r19","r19 applies|","r19",0
30429,"r19","r19 applies|","r19",0
28784,"r19","r19 applies|","r19",0
22487,"r20","r20 applies|","r20",0
8559,"r19","r19 applies|","r19",0
17932,"r19","r19 applies|","r19",0
36259,"r19","r19 applies|","r19",0
20311,"r19","r19 applies|","r19",0
17383,"r19","r19 applies|","r19",0
45159,"r20","r20 applies|","r20",0
22995,"r19","r19 applies|","r19",0
548,"r19","r19 applies|","r19",0
31463,"r19","r19 applies|","r19",0
31870,"r19","r19 applies|","r19",0
42947,"r19","r19 applies|","r19",0
22043,"r19","r19 applies|","r19",0
389,"r20","r20 applies|","r20",0
39227,"r19","r19 applies|","r19",0
29861,"r19","r19 applies|","r19",0
8462,"r19","r19 applies|","r19",0
13894,"r19","r19 applies|","r19",0
13404,"r19","r19 applies|","r19",0
4843,"r19","r19 applies|","r19",0
36791,"r19","r19 applies|","r19",0
37136,"r19","r19 applies|","r19",0
13574,"r19","r19 applies|","r19",0
28509,"r19","r19 applies|","r19",0
8080,"r19","r19 applies|","r19",0
39453,"r20","r20 applies|","r20",0
27265,"r19","r19 applies|","r19",0
26796,"r19","r19 applies|","r19",0
36339,"r19","r19 applies|","r19",0
3415,"r19","r19 applies|","r19",0
3085,"r19","r19 applies|","r19",0
28132,"r19","r19 applies|","r19",0
16451,"r20","r20 applies|","r20",0
9440,"r19","r19 applies|","r19",0
10281,"r19","r19 applies|","r19",0
8630,"r20","r20 applies|","r20",0
14740,"r20","r20 applies|","r20",0
35250,"r19","r19 applies|","r19",0
12754,"r20","r20 applies|","r20",0
19542,"r19","r19 applies|","r19",0
12244,"r19","r19 applies|","r19",0
34369,"r19","r19 applies|","r19",0
41358,"r1 r18 r19","r19 applies->r18 applies & overides r19->r1 applies & overides r18|","r1",1
4804,"r19","r19 applies|","r19",0
39727,"r19","r19 applies|","r19",0
3681,"r19","r19 applies|","r19",0
24608,"r19","r19 applies|","r19",0
22484,"r19","r19 applies|","r19",0
42893,"r17 r18 r19","r19 applies->r18 applies & overides r19->r17 applies & overides r18|","r17",0
8967,"r20","r20 applies|","r20",0
21231,"r20","r20 applies|","r20",0
15084,"r19","r19 applies|","r19",0
17756,"r19","r19 applies|","r19",0
9360,"r19","r19 applies|","r19",0
19258,"r19","r19 applies|","r19",0
31824,"r19","r19 applies|","r19",0
4411,"r19","r19 applies|","r19",0
26022,"r19","r19 applies|","r19",0
17880,"r19","r19 applies|","r19",0
3045,"r19","r19 applies|","r19",0
45059,"r19","r19 applies|","r19",0
13068,"r20","r20 applies|","r20",0
35832,"r20","r20 applies|","r20",0
19103,"r19","r19 applies|","r19",0
10626,"r19","r19 applies|","r19",0
1074,"r19","r19 applies|","r19",0
41141,"r19","r19 applies|","r19",0
2467,"r19","r19 applies|","r19",0
34955,"r19","r19 applies|","r19",0
4975,"r19","r19 applies|","r19",0
1815,"r19","r19 applies|","r19",0
37931,"r19","r19 applies|","r19",0
31383,"r19","r19 applies|","r19",0
32704,"r19","r19 applies|","r19",0
26389,"r20","r20 applies|","r20",0
41330,"r19","r19 applies|","r19",0
11349,"r20","r20 applies|","r20",0
34831,"r19","r19 applies|","r19",0
44838,"r19","r19 applies|","r19",0
1669,"r19","r19 applies|","r19",0
4199,"r20","r20 applies|","r20",0
24429,"r19","r19 applies|","r19",0
42592,"r19","r19 applies|","r19",0
26724,"r19","r19 applies|","r19",0
9717,"r19","r19 applies|","r19",0
9528,"r19","r19 applies|","r19",0
43311,"r0 r18 r19","r19 applies->r18 applies & overides r19->r0 applies & overides r18|","r0",1
22398,"r19","r19 applies|","r19",0
16100,"r19","r19 applies|","r19",0
2707,"r19","r19 applies|","r19",0
31957,"r19","r19 applies|","r19",0
33835,"r19","r19 applies|","r19",0
19161,"r20","r20 applies|","r20",0
29393,"r19","r19 applies|","r19",0
33307,"r19","r19 applies|","r19",0
36075,"r19","r19 applies|","r19",0
12894,"r19","r19 applies|","r19",0
15938,"r19","r19 applies|","r19",0
36857,"r20","r20 applies|","r20",0
26581,"r20","r20 applies|","r20",0
37546,"r19","r19 applies|","r19",0
44807,"r0 r18 r19","r19 applies->r18 applies & overides r19->r0 applies & overides r18|","r0",1
12523,"r19","r19 applies|","r19",0
41724,"r19","r19 applies|","r19",0
15278,"r19","r19 applies|","r19",0
1935,"r19","r19 applies|","r19",0
13275,"r19","r19 applies|","r19",0
23421,"r19","r19 applies|","r19",0
16686,"r20","r20 applies|","r20",0
10950,"r20","r20 applies|","r20",0
17455,"r19","r19 applies|","r19",0
44237,"r19","r19 applies|","r19",0
10049,"r19","r19 applies|","r19",0
3892,"r19","r19 applies|","r19",0
29348,"r19","r19 applies|","r19",0
32530,"r19","r19 applies|","r19",0
42197,"r19","r19 applies|","r19",0
21169,"r19","r19 applies|","r19",0
13660,"r20","r20 applies|","r20",0
13248,"r19","r19 applies|","r19",0
555,"r19","r19 applies|","r19",0
25170,"r19","r19 applies|","r19",0
25258,"r19","r19 applies|","r19",0
18249,"r19","r19 applies|","r19",0
43791,"r20","r20 applies|","r20",0
42057,"r19","r19 applies|","r19",0
39526,"r20","r20 applies|","r20",0
24102,"r19","r19 applies|","r19",0
16808,"r19","r19 applies|","r19",0
31181,"r20","r20 applies|","r20",0
41932,"r19","r19 applies|","r19",0
18883,"r20","r20 applies|","r20",0
2848,"r19","r19 applies|","r19",0
27822,"r20","r20 applies|","r20",0
23902,"r19","r19 applies|","r19",0
35421,"r19","r19 applies|","r19",0
34615,"r19","r19 applies|","r19",0
9299,"r19","r19 applies|","r19",0
44922,"r19","r19 applies|","r19",0
1240,"r20","r20 applies|","r20",0
33754,"r20","r20 applies|","r20",0
36696,"r19","r19 applies|","r19",0
4889,"r19","r19 applies|","r19",0
41095,"r19","r19 applies|","r19",0
30109,"r19","r19 applies|","r19",0
39552,"r19","r19 applies|","r19",0
33237,"r19","r19 applies|","r19",0
10657,"r19","r19 applies|","r19",0
23637,"r19","r19 applies|","r19",0
43194,"r19","r19 applies|","r19",0
34749,"r19","r19 applies|","r19",0
2801,"r19","r19 applies|","r19",0
18970,"r19","r19 applies|","r19",0
23577,"r19","r19 applies|","r19",0
41104,"r19","r19 applies|","r19",0
28626,"r20","r20 applies|","r20",0
31044,"r19","r19 applies|","r19",0
36513,"r19","r19 applies|","r19",0
32301,"r19","r19 applies|","r19",0
29057,"r19","r19 applies|","r19",0
15818,"r20","r20 applies|","r20",0
37589,"r20","r20 applies|","r20",0
5746,"r19","r19 applies|","r19",0
19942,"r19","r19 applies|","r19",0
27087,"r19","r19 applies|","r19",0
18763,"r19","r19 applies|","r19",0
39977,"r19","r19 applies|","r19",0
19096,"r19","r19 applies|","r19",0
19322,"r20","r20 applies|","r20",0
42455,"r19","r19 applies|","r19",0
1378,"r19","r19 applies|","r19",0
225,"r20","r20 applies|","r20",0
30185,"r19","r19 applies|","r19",0
18923,"r20","r20 applies|","r20",0
14509,"r19","r19 applies|","r19",0
1837,"r20","r20 applies|","r20",0
365,"r19","r19 applies|","r19",0
11305,"r19","r19 applies|","r19",0
40913,"r19","r19 applies|","r19",0
10586,"r19","r19 applies|","r19",0
22342,"r19","r19 applies|","r19",0
34207,"r19","r19 applies|","r19",0
23302,"r19","r19 applies|","r19",0
15844,"r19","r19 applies|","r19",0
23613,"r19","r19 applies|","r19",0
31629,"r19","r19 applies|","r19",0
31477,"r20","r20 applies|","r20",0
2598,"r19","r19 applies|","r19",0
41613,"r19","r19 applies|","r19",0
12222,"r19","r19 applies|","r19",0
42911,"r19","r19 applies|","r19",0
38975,"r19","r19 applies|","r19",0
26380,"r19","r19 applies|","r19",0
20843,"r20","r20 applies|","r20",0
15814,"r19","r19 applies|","r19",0
14215,"r20","r20 applies|","r20",0
25848,"r19","r19 applies|","r19",0
4360,"r19","r19 applies|","r19",0
22752,"r19","r19 applies|","r19",0
44776,"r19","r19 applies|","r19",0
3848,"r19","r19 applies|","r19",0
18779,"r19","r19 applies|","r19",0
33153,"r20","r20 applies|","r20",0
14871,"r20","r20 applies|","r20",0
7811,"r19","r19 applies|","r19",0
38025,"r19","r19 applies|","r19",0
20494,"r19","r19 applies|","r19",0
7850,"r19","r19 applies|","r19",0
6225,"r19","r19 applies|","r19",0
2696,"r19","r19 applies|","r19",0
6885,"r19","r19 applies|","r19",0
5498,"r19","r19 applies|","r19",0
42921,"r19","r19 applies|","r19",0
40741,"r19","r19 applies|","r19",0
33965,"r6 r15 r18 r19","r19 applies->r18 applies & overides r19->r15 applies & overides r18->r6 applies & overides r15|","r6",0
20469,"r19","r19 applies|","r19",0
12586,"r19","r19 applies|","r19",0
26730,"r19","r19 applies|","r19",0
18174,"r19","r19 applies|","r19",0
2759,"r19","r19 applies|","r19",0
6564,"r19","r19 applies|","r19",0
40556,"r19","r19 applies|","r19",0
34810,"r20","r20 applies|","r20",0
26445,"r19","r19 applies|","r19",0
8726,"r19","r19 applies|","r19",0
39019,"r19","r19 applies|","r19",0
32696,"r19","r19 applies|","r19",0
18395,"r19","r19 applies|","r19",0
32967,"r20","r20 applies|","r20",0
42729,"r19","r19 applies|","r19",0
12272,"r19","r19 applies|","r19",0
3438,"r19","r19 applies|","r19",0
35959,"r20","r20 applies|","r20",0
44642,"r19","r19 applies|","r19",0
14394,"r19","r19 applies|","r19",0
12702,"r19","r19 applies|","r19",0
13912,"r19","r19 applies|","r19",0
20953,"r19","r19 applies|","r19",0
37668,"r20","r20 applies|","r20",0
41723,"r19","r19 applies|","r19",0
36050,"r20","r20 applies|","r20",0
5178,"r20","r20 applies|","r20",0
36765,"r19","r19 applies|","r19",0
1248,"r20","r20 applies|","r20",0
20171,"r19","r19 applies|","r19",0
36359,"r19","r19 applies|","r19",0
19105,"r19","r19 applies|","r19",0
16490,"r19","r19 applies|","r19",0
9935,"r19","r19 applies|","r19",0
37322,"r19","r19 applies|","r19",0
40419,"r19","r19 applies|","r19",0
13669,"r19","r19 applies|","r19",0
21205,"r19","r19 applies|","r19",0
32405,"r20","r20 applies|","r20",0
17729,"r19","r19 applies|","r19",0
42242,"r19","r19 applies|","r19",0
32071,"r19","r19 applies|","r19",0
36321,"r19","r19 applies|","r19",0
28968,"r19","r19 applies|","r19",0
24529,"r20","r20 applies|","r20",0
20,"r19","r19 applies|","r19",0
10594,"r20","r20 applies|","r20",0
257,"r19","r19 applies|","r19",0
32158,"r19","r19 applies|","r19",0
33933,"r19","r19 applies|","r19",0
28425,"r20","r20 applies|","r20",0
18681,"r19","r19 applies|","r19",0
37577,"r19","r19 applies|","r19",0
9204,"r19","r19 applies|","r19",0
26815,"r20","r20 applies|","r20",0
31982,"r20","r20 applies|","r20",0
19148,"r19","r19 applies|","r19",0
17236,"r19","r19 applies|","r19",0
40953,"r20","r20 applies|","r20",0
37207,"r19","r19 applies|","r19",0
21543,"r19","r19 applies|","r19",0
32381,"r19","r19 applies|","r19",0
13787,"r19","r19 applies|","r19",0
7542,"r19","r19 applies|","r19",0
43871,"r9 r15 r18 r19","r19 applies->r18 applies & overides r19->r15 applies & overides r18->r9 applies & overides r15|","r9",0
45023,"r19","r19 applies|","r19",0
6473,"r19","r19 applies|","r19",0
22309,"r19","r19 applies|","r19",0
29244,"r20","r20 applies|","r20",0
16277,"r19","r19 applies|","r19",0
31107,"r20","r20 applies|","r20",0
29761,"r19","r19 applies|","r19",0
33051,"r19","r19 applies|","r19",0
45150,"r0 r18 r19","r19 applies->r18 applies & overides r19->r0 applies & overides r18|","r0",1
15679,"r19","r19 applies|","r19",0
37172,"r20","r20 applies|","r20",0
19139,"r19","r19 applies|","r19",0
41448,"r19","r19 applies|","r19",0
31874,"r19","r19 applies|","r19",0
5254,"r19","r19 applies|","r19",0
10797,"r19","r19 applies|","r19",0
12626,"r19","r19 applies|","r19",0
17952,"r20","r20 applies|","r20",0
4037,"r19","r19 applies|","r19",0
22966,"r19","r19 applies|","r19",0
9081,"r19","r19 applies|","r19",0
27037,"r20","r20 applies|","r20",0
4480,"r19","r19 applies|","r19",0
826,"r19","r19 applies|","r19",0
3826,"r19","r19 applies|","r19",0
10144,"r19","r19 applies|","r19",0
44876,"r19","r19 applies|","r19",0
33958,"r19","r19 applies|","r19",0
33456,"r19","r19 applies|","r19",0
3077,"r19","r19 applies|","r19",0
17798,"r20","r20 applies|","r20",0
24385,"r19","r19 applies|","r19",0
25741,"r19","r19 applies|","r19",0
2533,"r19","r19 applies|","r19",0
24273,"r19","r19 applies|","r19",0
20589,"r19","r19 applies|","r19",0
4319,"r19","r19 applies|","r19",0
42468,"r19","r19 applies|","r19",0
42146,"r19","r19 applies|","r19",0
36958,"r20","r20 applies|","r20",0
22325,"r19","r19 applies|","r19",0
29215,"r19","r19 applies|","r19",0
42636,"r20","r20 applies|","r20",0
40186,"r19","r19 applies|","r19",0
29884,"r19","r19 applies|","r19",0
23884,"r19","r19 applies|","r19",0
2519,"r19","r19 applies|","r19",0
25940,"r20","r20 applies|","r20",0
43769,"r19","r19 applies|","r19",0
40411,"r19","r19 applies|","r19",0
12226,"r19","r19 applies|","r19",0
29634,"r20","r20 applies|","r20",0
2776,"r19","r19 applies|","r19",0
19690,"r19","r19 applies|","r19",0
3484,"r19","r19 applies|","r19",0
8537,"r19","r19 applies|","r19",0
29875,"r19","r19 applies|","r19",0
42073,"r19","r19 applies|","r19",0
10264,"r19","r19 applies|","r19",0
19732,"r19","r19 applies|","r19",0
17242,"r19","r19 applies|","r19",0
18301,"r19","r19 applies|","r19",0
33723,"r19","r19 applies|","r19",0
32908,"r19","r19 applies|","r19",0
43896,"r19","r19 applies|","r19",0
12389,"r19","r19 applies|","r19",0
20399,"r19","r19 applies|","r19",0
12255,"r19","r19 applies|","r19",0
33059,"r19","r19 applies|","r19",0
28841,"r19","r19 applies|","r19",0
29106,"r19","r19 applies|","r19",0
21750,"r19","r19 applies|","r19",0
40791,"r20","r20 applies|","r20",0
7705,"r19","r19 applies|","r19",0
41156,"r19","r19 applies|","r19",0
10189,"r19","r19 applies|","r19",0
1671,"r19","r19 applies|","r19",0
2168,"r20","r20 applies|","r20",0
35298,"r19","r19 applies|","r19",0
12503,"r19","r19 applies|","r19",0
43305,"r19","r19 applies|","r19",0
42957,"r1 r18 r19","r19 applies->r18 applies & overides r19->r1 applies & overides r18|","r1",1
6968,"r19","r19 applies|","r19",0
40725,"r1 r18 r19","r19 applies->r18 applies & overides r19->r1 applies & overides r18|","r1",1
22301,"r20","r20 applies|","r20",0
21641,"r19","r19 applies|","r19",0
26488,"r19","r19 applies|","r19",0
24637,"r19","r19 applies|","r19",0
13935,"r20","r20 applies|","r20",0
44663,"r19","r19 applies|","r19",0
71,"r19","r19 applies|","r19",0
42789,"r19","r19 applies|","r19",0
543,"r19","r19 applies|","r19",0
9879,"r19","r19 applies|","r19",0
2111,"r19","r19 applies|","r19",0
40210,"r19","r19 applies|","r19",0
43490,"r19","r19 applies|","r19",0
38715,"r19","r19 applies|","r19",0
40154,"r19","r19 applies|","r19",0
12320,"r19","r19 applies|","r19",0
38018,"r19","r19 applies|","r19",0
15621,"r19","r19 applies|","r19",0
20866,"r20","r20 applies|","r20",0
44602,"r19","r19 applies|","r19",0
34742,"r19","r19 applies|","r19",0
11193,"r20","r20 applies|","r20",0
11950,"r19","r19 applies|","r19",0
41117,"r20","r20 applies|","r20",0
28350,"r19","r19 applies|","r19",0
11729,"r20","r20 applies|","r20",0
15468,"r19","r19 applies|","r19",0
32330,"r20","r20 applies|","r20",0
8411,"r19","r19 applies|","r19",0
4544,"r20","r20 applies|","r20",0
40604,"r19","r19 applies|","r19",0
15896,"r20","r20 applies|","r20",0
42945,"r19","r19 applies|","r19",0
30729,"r19","r19 applies|","r19",0
9158,"r19","r19 applies|","r19",0
9648,"r20","r20 applies|","r20",0
14023,"r19","r19 applies|","r19",0
6778,"r19","r19 applies|","r19",0
40988,"r19","r19 applies|","r19",0
11455,"r20","r20 applies|","r20",0
31714,"r19","r19 applies|","r19",0
24945,"r19","r19 applies|","r19",0
40069,"r19","r19 applies|","r19",0
36236,"r19","r19 applies|","r19",0
41325,"r19","r19 applies|","r19",0
39777,"r19","r19 applies|","r19",0
2313,"r19","r19 applies|","r19",0
28886,"r19","r19 applies|","r19",0
39480,"r20","r20 applies|","r20",0
44220,"r20","r20 applies|","r20",0
5916,"r19","r19 applies|","r19",0
36799,"r9 r15 r18 r19","r19 applies->r18 applies & overides r19->r15 applies & overides r18->r9 applies & overides r15|","r9",0
36297,"r19","r19 applies|","r19",0
32058,"r19","r19 applies|","r19",0
12386,"r19","r19 applies|","r19",0
13571,"r19","r19 applies|","r19",0
34145,"r19","r19 applies|","r19",0
32497,"r19","r19 applies|","r19",0
44559,"r19","r19 applies|","r19",0
16859,"r19","r19 applies|","r19",0
9511,"r19","r19 applies|","r19",0
24868,"r19","r19 applies|","r19",0
32442,"r19","r19 applies|","r19",0
31741,"r19","r19 applies|","r19",0
12101,"r19","r19 applies|","r19",0
38459,"r19","r19 applies|","r19",0
1484,"r19","r19 applies|","r19",0
8802,"r19","r19 applies|","r19",0
4613,"r20","r20 applies|","r20",0
41304,"r20","r20 applies|","r20",0
1593,"r19","r19 applies|","r19",0
13402,"r19","r19 applies|","r19",0
17987,"r19","r19 applies|","r19",0
40608,"r0 r18 r19","r19 applies->r18 applies & overides r19->r0 applies & overides r18|","r0",1
25361,"r19","r19 applies|","r19",0
41698,"r19","r19 applies|","r19",0
27654,"r19","r19 applies|","r19",0
41722,"r20","r20 applies|","r20",0
3357,"r19","r19 applies|","r19",0
11642,"r19","r19 applies|","r19",0
6988,"r19","r19 applies|","r19",0
24621,"r20","r20 applies|","r20",0
36868,"r19","r19 applies|","r19",0
5859,"r20","r20 applies|","r20",0
21174,"r19","r19 applies|","r19",0
26784,"r19","r19 applies|","r19",0
14865,"r19","r19 applies|","r19",0
31344,"r19","r19 applies|","r19",0
39319,"r19","r19 applies|","r19",0
7242,"r19","r19 applies|","r19",0
30322,"r19","r19 applies|","r19",0
24279,"r20","r20 applies|","r20",0
24716,"r19","r19 applies|","r19",0
7167,"r19","r19 applies|","r19",0
1133,"r19","r19 applies|","r19",0
30397,"r19","r19 applies|","r19",0
21689,"r19","r19 applies|","r19",0
431,"r20","r20 applies|","r20",0
10694,"r20","r20 applies|","r20",0
39381,"r19","r19 applies|","r19",0
13500,"r19","r19 applies|","r19",0
37833,"r19","r19 applies|","r19",0
1676,"r19","r19 applies|","r19",0
32813,"r19","r19 applies|","r19",0
35135,"r19","r19 applies|","r19",0
37094,"r20","r20 applies|","r20",0
21560,"r19","r19 applies|","r19",0
32282,"r5 r10 r20","r20 applies->r10 applies & overides r20->r5 applies & overides r10|","r5",1
18925,"r19","r19 applies|","r19",0
23375,"r19","r19 applies|","r19",0
13065,"r19","r19 applies|","r19",0
20747,"r20","r20 applies|","r20",0
8069,"r20","r20 applies|","r20",0
36479,"r19","r19 applies|","r19",0
30251,"r20","r20 applies|","r20",0
20896,"r19","r19 applies|","r19",0
10251,"r20","r20 applies|","r20",0
8203,"r19","r19 applies|","r19",0
31530,"r20","r20 applies|","r20",0
18237,"r19","r19 applies|","r19",0
36343,"r19","r19 applies|","r19",0
39440,"r8 r18 r19","r19 applies->r18 applies & overides r19->r8 applies & overides r18|","r8",0
37356,"r19","r19 applies|","r19",0
11571,"r19","r19 applies|","r19",0
39529,"r19","r19 applies|","r19",0
9850,"r19","r19 applies|","r19",0
316,"r19","r19 applies|","r19",0
14857,"r19","r19 applies|","r19",0
23486,"r19","r19 applies|","r19",0
26195,"r19","r19 applies|","r19",0
110,"r20","r20 applies|","r20",0
39405,"r19","r19 applies|","r19",0
44889,"r20","r20 applies|","r20",0
16670,"r19","r19 applies|","r19",0
26823,"r19","r19 applies|","r19",0
9217,"r19","r19 applies|","r19",0
44583,"r1 r18 r19","r19 applies->r18 applies & overides r19->r1 applies & overides r18|","r1",1
33299,"r19","r19 applies|","r19",0
43048,"r11 r16 r20","r20 applies->r16 applies & overides r20->r11 applies & overides r16|","r11",1
21410,"r19","r19 applies|","r19",0
41803,"r20","r20 applies|","r20",0
25622,"r19","r19 applies|","r19",0
24207,"r20","r20 applies|","r20",0
30666,"r19","r19 applies|","r19",0
18383,"r20","r20 applies|","r20",0
4663,"r19","r19 applies|","r19",0
18635,"r19","r19 applies|","r19",0
16224,"r19","r19 applies|","r19",0
18381,"r19","r19 applies|","r19",0
34935,"r19","r19 applies|","r19",0
31593,"r1 r18 r19","r19 applies->r18 applies & overides r19->r1 applies & overides r18|","r1",1
7047,"r19","r19 applies|","r19",0
22404,"r19","r19 applies|","r19",0
36731,"r20","r20 applies|","r20",0
16214,"r19","r19 applies|","r19",0
4702,"r19","r19 applies|","r19",0
6101,"r19","r19 applies|","r19",0
38054,"r20","r20 applies|","r20",0
25309,"r19","r19 applies|","r19",0
44639,"r19","r19 applies|","r19",0
38850,"r19","r19 applies|","r19",0
4139,"r20","r20 applies|","r20",0
7642,"r20","r20 applies|","r20",0
1439,"r19","r19 applies|","r19",0
14066,"r19","r19 applies|","r19",0
34685,"r19","r19 applies|","r19",0
21527,"r19","r19 applies|","r19",0
13252,"r19","r19 applies|","r19",0
321,"r19","r19 applies|","r19",0
14583,"r19","r19 applies|","r19",0
5813,"r19","r19 applies|","r19",0
26028,"r20","r20 applies|","r20",0
3369,"r19","r19 applies|","r19",0
10466,"r19","r19 applies|","r19",0
10406,"r19","r19 applies|","r19",0
16217,"r19","r19 applies|","r19",0
7446,"r19","r19 applies|","r19",0
16939,"r20","r20 applies|","r20",0
42033,"r19","r19 applies|","r19",0
14441,"r20","r20 applies|","r20",0
40174,"r19","r19 applies|","r19",0
30478,"r19","r19 applies|","r19",0
26828,"r19","r19 applies|","r19",0
17003,"r19","r19 applies|","r19",0
22873,"r19","r19 applies|","r19",0
18365,"r19","r19 applies|","r19",0
10805,"r19","r19 applies|","r19",0
16157,"r19","r19 applies|","r19",0
36070,"r20","r20 applies|","r20",0
9318,"r19","r19 applies|","r19",0
4640,"r19","r19 applies|","r19",0
32179,"r20","r20 applies|","r20",0
28228,"r19","r19 applies|","r19",0
14350,"r19","r19 applies|","r19",0
3416,"r19","r19 applies|","r19",0
9187,"r19","r19 applies|","r19",0
28992,"r19","r19 applies|","r19",0
13224,"r19","r19 applies|","r19",0
1873,"r19","r19 applies|","r19",0
43178,"r19","r19 applies|","r19",0
580,"r20","r20 applies|","r20",0
42868,"r19","r19 applies|","r19",0
20736,"r19","r19 applies|","r19",0
24034,"r19","r19 applies|","r19",0
41454,"r0 r18 r19","r19 applies->r18 applies & overides r19->r0 applies & overides r18|","r0",1
19791,"r19","r19 applies|","r19",0
8317,"r19","r19 applies|","r19",0
36798,"r19","r19 applies|","r19",0
27210,"r19","r19 applies|","r19",0
30447,"r19","r19 applies|","r19",0
36512,"r19","r19 applies|","r19",0
43539,"r1 r18 r19","r19 applies->r18 applies & overides r19->r1 applies & overides r18|","r1",1
20290,"r20","r20 applies|","r20",0
33751,"r19","r19 applies|","r19",0
8148,"r20","r20 applies|","r20",0
3009,"r19","r19 applies|","r19",0
5328,"r19","r19 applies|","r19",0
7159,"r19","r19 applies|","r19",0
44877,"r20","r20 applies|","r20",0
31244,"r19","r19 applies|","r19",0
43357,"r0 r18 r19","r19 applies->r18 applies & overides r19->r0 applies & overides r18|","r0",1
24622,"r20","r20 applies|","r20",0
24193,"r19","r19 applies|","r19",0
37139,"r19","r19 applies|","r19",0
43924,"r20","r20 applies|","r20",0
7597,"r19","r19 applies|","r19",0
4179,"r19","r19 applies|","r19",0
21945,"r20","r20 applies|","r20",0
8869,"r19","r19 applies|","r19",0
10089,"r19","r19 applies|","r19",0
5934,"r20","r20 applies|","r20",0
41861,"r20","r20 applies|","r20",0
17027,"r20","r20 applies|","r20",0
22385,"r19","r19 applies|","r19",0
39920,"r19","r19 applies|","r19",0
18307,"r20","r20 applies|","r20",0
32488,"r20","r20 applies|","r20",0
37934,"r19","r19 applies|","r19",0
15282,"r19","r19 applies|","r19",0
39759,"r19","r19 applies|","r19",0
7042,"r19","r19 applies|","r19",0
16620,"r19","r19 applies|","r19",0
13210,"r19","r19 applies|","r19",0
34015,"r19","r19 applies|","r19",0
28618,"r19","r19 applies|","r19",0
6112,"r20","r20 applies|","r20",0
31788,"r19","r19 applies|","r19",0
6661,"r20","r20 applies|","r20",0
37225,"r20","r20 applies|","r20",0
18775,"r20","r20 applies|","r20",0
807,"r19","r19 applies|","r19",0
43583,"r19","r19 applies|","r19",0
42027,"r20","r20 applies|","r20",0
11397,"r19","r19 applies|","r19",0
9838,"r19","r19 applies|","r19",0
3817,"r19","r19 applies|","r19",0
15409,"r19","r19 applies|","r19",0
43998,"r19","r19 applies|","r19",0
27135,"r19","r19 applies|","r19",0
21789,"r19","r19 applies|","r19",0
9208,"r19","r19 applies|","r19",0
25123,"r19","r19 applies|","r19",0
44567,"r19","r19 applies|","r19",0
11751,"r19","r19 applies|","r19",0
27177,"r19","r19 applies|","r19",0
16457,"r19","r19 applies|","r19",0
4784,"r19","r19 applies|","r19",0
38520,"r19","r19 applies|","r19",0
12582,"r19","r19 applies|","r19",0
27270,"r20","r20 applies|","r20",0
14421,"r19","r19 applies|","r19",0
19839,"r19","r19 applies|","r19",0
31193,"r19","r19 applies|","r19",0
42344,"r19","r19 applies|","r19",0
22316,"r19","r19 applies|","r19",0
28114,"r20","r20 applies|","r20",0
22486,"r19","r19 applies|","r19",0
13461,"r19","r19 applies|","r19",0
24063,"r20","r20 applies|","r20",0
39564,"r19","r19 applies|","r19",0
30248,"r19","r19 applies|","r19",0
26878,"r20","r20 applies|","r20",0
28062,"r20","r20 applies|","r20",0
18490,"r19","r19 applies|","r19",0
43134,"r19","r19 applies|","r19",0
38414,"r19","r19 applies|","r19",0
2233,"r19","r19 applies|","r19",0
34366,"r19","r19 applies|","r19",0
24609,"r19","r19 applies|","r19",0
15366,"r19","r19 applies|","r19",0
21243,"r19","r19 applies|","r19",0
42745,"r0 r18 r19","r19 applies->r18 applies & overides r19->r0 applies & overides r18|","r0",1
17152,"r19","r19 applies|","r19",0
33394,"r19","r19 applies|","r19",0
35245,"r19","r19 applies|","r19",0
42543,"r1 r18 r19","r19 applies->r18 applies & overides r19->r1 applies & overides r18|","r1",1
19127,"r19","r19 applies|","r19",0
34243,"r19","r19 applies|","r19",0
38130,"r19","r19 applies|","r19",0
41626,"r19","r19 applies|","r19",0
45198,"r19","r19 applies|","r19",0
15858,"r20","r20 applies|","r20",0
44272,"r19","r19 applies|","r19",0
9359,"r19","r19 applies|","r19",0
13753,"r19","r19 applies|","r19",0
2171,"r20","r20 applies|","r20",0
21561,"r19","r19 applies|","r19",0
23669,"r19","r19 applies|","r19",0
24729,"r19","r19 applies|","r19",0
23145,"r19","r19 applies|","r19",0
32270,"r19","r19 applies|","r19",0
16852,"r19","r19 applies|","r19",0
38735,"r19","r19 applies|","r19",0
3525,"r20","r20 applies|","r20",0
34962,"r19","r19 applies|","r19",0
2413,"r19","r19 applies|","r19",0
427,"r19","r19 applies|","r19",0
6398,"r19","r19 applies|","r19",0
9331,"r19","r19 applies|","r19",0
22592,"r19","r19 applies|","r19",0
6073,"r19","r19 applies|","r19",0
1796,"r20","r20 applies|","r20",0
25106,"r19","r19 applies|","r19",0
25847,"r19","r19 applies|","r19",0
9251,"r19","r19 applies|","r19",0
846,"r19","r19 applies|","r19",0
15627,"r19","r19 applies|","r19",0
30104,"r19","r19 applies|","r19",0
6656,"r19","r19 applies|","r19",0
40695,"r19","r19 applies|","r19",0
10499,"r19","r19 applies|","r19",0
20836,"r19","r19 applies|","r19",0
3289,"r19","r19 applies|","r19",0
5066,"r19","r19 applies|","r19",0
31680,"r19","r19 applies|","r19",0
22749,"r19","r19 applies|","r19",0
12104,"r19","r19 applies|","r19",0
23131,"r19","r19 applies|","r19",0
32066,"r19","r19 applies|","r19",0
44914,"r19","r19 applies|","r19",0
12613,"r19","r19 applies|","r19",0
41004,"r1 r18 r19","r19 applies->r18 applies & overides r19->r1 applies & overides r18|","r1",1
1274,"r20","r20 applies|","r20",0
1195,"r20","r20 applies|","r20",0
26023,"r19","r19 applies|","r19",0
28776,"r19","r19 applies|","r19",0
851,"r19","r19 applies|","r19",0
9301,"r19","r19 applies|","r19",0
113,"r19","r19 applies|","r19",0
43970,"r19","r19 applies|","r19",0
41532,"r19","r19 applies|","r19",0
29827,"r19","r19 applies|","r19",0
38652,"r19","r19 applies|","r19",0
21653,"r19","r19 applies|","r19",0
21814,"r19","r19 applies|","r19",0
551,"r19","r19 applies|","r19",0
2259,"r19","r19 applies|","r19",0
20985,"r19","r19 applies|","r19",0
9758,"r19","r19 applies|","r19",0
37158,"r19","r19 applies|","r19",0
3247,"r19","r19 applies|","r19",0
19020,"r19","r19 applies|","r19",0
33213,"r19","r19 applies|","r19",0
44437,"r11 r16 r20","r20 applies->r16 applies & overides r20->r11 applies & overides r16|","r11",1
22840,"r19","r19 applies|","r19",0
11743,"r19","r19 applies|","r19",0
42012,"r19","r19 applies|","r19",0
34296,"r19","r19 applies|","r19",0
33967,"r19","r19 applies|","r19",0
40412,"r19","r19 applies|","r19",0
25594,"r19","r19 applies|","r19",0
4641,"r20","r20 applies|","r20",0
791,"r20","r20 applies|","r20",0
19797,"r19","r19 applies|","r19",0
44332,"r0 r18 r19","r19 applies->r18 applies & overides r19->r0 applies & overides r18|","r0",1
37899,"r19","r19 applies|","r19",0
23566,"r19","r19 applies|","r19",0
3726,"r19","r19 applies|","r19",0
44034,"r19","r19 applies|","r19",0
15605,"r19","r19 applies|","r19",0
35467,"r19","r19 applies|","r19",0
21108,"r19","r19 applies|","r19",0
32205,"r19","r19 applies|","r19",0
36049,"r20","r20 applies|","r20",0
844,"r20","r20 applies|","r20",0
5172,"r19","r19 applies|","r19",0
9152,"r20","r20 applies|","r20",0
26200,"r19","r19 applies|","r19",0
36516,"r19","r19 applies|","r19",0
15617,"r19","r19 applies|","r19",0
24258,"r19","r19 applies|","r19",0
23834,"r19","r19 applies|","r19",0
9394,"r19","r19 applies|","r19",0
24816,"r19","r19 applies|","r19",0
27938,"r19","r19 applies|","r19",0
19101,"r19","r19 applies|","r19",0
30517,"r20","r20 applies|","r20",0
10433,"r19","r19 applies|","r19",0
23961,"r19","r19 applies|","r19",0
39201,"r20","r20 applies|","r20",0
41854,"r19","r19 applies|","r19",0
8757,"r19","r19 applies|","r19",0
43210,"r19","r19 applies|","r19",0
41604,"r20","r20 applies|","r20",0
19328,"r20","r20 applies|","r20",0
32675,"r19","r19 applies|","r19",0
27554,"r20","r20 applies|","r20",0
6116,"r19","r19 applies|","r19",0
1740,"r19","r19 applies|","r19",0
17011,"r19","r19 applies|","r19",0
13989,"r19","r19 applies|","r19",0
25557,"r19","r19 applies|","r19",0
30471,"r20","r20 applies|","r20",0
22260,"r19","r19 applies|","r19",0
3550,"r19","r19 applies|","r19",0
11794,"r20","r20 applies|","r20",0
1475,"r19","r19 applies|","r19",0
25819,"r20","r20 applies|","r20",0
13011,"r20","r20 applies|","r20",0
36304,"r19","r19 applies|","r19",0
43005,"r20","r20 applies|","r20",0
31336,"r19","r19 applies|","r19",0
362,"r19","r19 applies|","r19",0
18553,"r19","r19 applies|","r19",0
43170,"r19","r19 applies|","r19",0
36732,"r20","r20 applies|","r20",0
16693,"r20","r20 applies|","r20",0
42077,"r1 r18 r19","r19 applies->r18 applies & overides r19->r1 applies & overides r18|","r1",1
12841,"r20","r20 applies|","r20",0
1068,"r20","r20 applies|","r20",0
43694,"r19","r19 applies|","r19",0
37579,"r19","r19 applies|","r19",0
28040,"r19","r19 applies|","r19",0
26079,"r20","r20 applies|","r20",0
4145,"r19","r19 applies|","r19",0
20163,"r19","r19 applies|","r19",0
6062,"r19","r19 applies|","r19",0
13864,"r19","r19 applies|","r19",0
13794,"r20","r20 applies|","r20",0
7406,"r19","r19 applies|","r19",0
23979,"r19","r19 applies|","r19",0
9673,"r19","r19 applies|","r19",0
5661,"r19","r19 applies|","r19",0
1689,"r20","r20 applies|","r20",0
36825,"r20","r20 applies|","r20",0
17275,"r19","r19 applies|","r19",0
8480,"r19","r19 applies|","r19",0
9292,"r19","r19 applies|","r19",0
2314,"r19","r19 applies|","r19",0
40182,"r19","r19 applies|","r19",0
36978,"r19","r19 applies|","r19",0
43630,"r8 r18 r19","r19 applies->r18 applies & overides r19->r8 applies & overides r18|","r8",0
31614,"r19","r19 applies|","r19",0
33141,"r19","r19 applies|","r19",0
33884,"r19","r19 applies|","r19",0
31394,"r19","r19 applies|","r19",0
23172,"r19","r19 applies|","r19",0
25574,"r19","r19 applies|","r19",0
40446,"r19","r19 applies|","r19",0
43069,"r19","r19 applies|","r19",0
12002,"r19","r19 applies|","r19",0
14124,"r19","r19 applies|","r19",0
24913,"r19","r19 applies|","r19",0
8847,"r19","r19 applies|","r19",0
8922,"r19","r19 applies|","r19",0
25218,"r19","r19 applies|","r19",0
40537,"r19","r19 applies|","r19",0
23419,"r20","r20 applies|","r20",0
4521,"r19","r19 applies|","r19",0
40466,"r19","r19 applies|","r19",0
14979,"r19","r19 applies|","r19",0
39836,"r19","r19 applies|","r19",0
9775,"r20","r20 applies|","r20",0
3864,"r19","r19 applies|","r19",0
22606,"r19","r19 applies|","r19",0
42884,"r19","r19 applies|","r19",0
11910,"r19","r19 applies|","r19",0
33492,"r19","r19 applies|","r19",0
3752,"r19","r19 applies|","r19",0
6161,"r19","r19 applies|","r19",0
7863,"r19","r19 applies|","r19",0
7402,"r19","r19 applies|","r19",0
37456,"r19","r19 applies|","r19",0
1346,"r19","r19 applies|","r19",0
7210,"r19","r19 applies|","r19",0
1120,"r19","r19 applies|","r19",0
15360,"r19","r19 applies|","r19",0
27249,"r19","r19 applies|","r19",0
5756,"r19","r19 applies|","r19",0
7302,"r20","r20 applies|","r20",0
13844,"r19","r19 applies|","r19",0
16307,"r19","r19 applies|","r19",0
6407,"r19","r19 applies|","r19",0
17264,"r19","r19 applies|","r19",0
19939,"r19","r19 applies|","r19",0
12732,"r19","r19 applies|","r19",0
1516,"r19","r19 applies|","r19",0
9155,"r19","r19 applies|","r19",0
16190,"r19","r19 applies|","r19",0
13168,"r19","r19 applies|","r19",0
36195,"r17 r18 r19","r19 applies->r18 applies & overides r19->r17 applies & overides r18|","r17",0
24398,"r19","r19 applies|","r19",0
23697,"r19","r19 applies|","r19",0
40854,"r20","r20 applies|","r20",0
27284,"r19","r19 applies|","r19",0
23977,"r19","r19 applies|","r19",0
11609,"r20","r20 applies|","r20",0
34322,"r19","r19 applies|","r19",0
25590,"r20","r20 applies|","r20",0
11585,"r19","r19 applies|","r19",0
16301,"r19","r19 applies|","r19",0
44857,"r20","r20 applies|","r20",0
29048,"r19","r19 applies|","r19",0
34090,"r4 r10 r20","r20 applies->r10 applies & overides r20->r4 applies & overides r10|","r4",1
6500,"r19","r19 applies|","r19",0
14729,"r20","r20 applies|","r20",0
25326,"r19","r19 applies|","r19",0
35823,"r19","r19 applies|","r19",0
4941,"r19","r19 applies|","r19",0
47,"r19","r19 applies|","r19",0
18900,"r19","r19 applies|","r19",0
14252,"r19","r19 applies|","r19",0
30160,"r19","r19 applies|","r19",0
4698,"r19","r19 applies|","r19",0
23752,"r19","r19 applies|","r19",0
23346,"r19","r19 applies|","r19",0
27054,"r19","r19 applies|","r19",0
12946,"r19","r19 applies|","r19",0
16676,"r19","r19 applies|","r19",0
6393,"r19","r19 applies|","r19",0
14934,"r19","r19 applies|","r19",0
42217,"r19","r19 applies|","r19",0
28862,"r19","r19 applies|","r19",0
31623,"r19","r19 applies|","r19",0
9668,"r19","r19 applies|","r19",0
34378,"r19","r19 applies|","r19",0
26070,"r1 r18 r19","r19 applies->r18 applies & overides r19->r1 applies & overides r18|","r1",1
21760,"r20","r20 applies|","r20",0
7090,"r19","r19 applies|","r19",0
42173,"r0 r18 r19","r19 applies->r18 applies & overides r19->r0 applies & overides r18|","r0",1
44736,"r2 r16 r20","r20 applies->r16 applies & overides r20->r2 applies & overides r16|","r2",1
37298,"r19","r19 applies|","r19",0
14,"r19","r19 applies|","r19",0
34,"r19","r19 applies|","r19",0
12669,"r19","r19 applies|","r19",0
24974,"r19","r19 applies|","r19",0
5354,"r19","r19 applies|","r19",0
39672,"r19","r19 applies|","r19",0
44260,"r19","r19 applies|","r19",0
30738,"r20","r20 applies|","r20",0
2110,"r19","r19 applies|","r19",0
43803,"r19","r19 applies|","r19",0
21935,"r19","r19 applies|","r19",0
27231,"r19","r19 applies|","r19",0
4264,"r20","r20 applies|","r20",0
6701,"r19","r19 applies|","r19",0
1674,"r19","r19 applies|","r19",0
4496,"r19","r19 applies|","r19",0
12200,"r19","r19 applies|","r19",0
34722,"r19","r19 applies|","r19",0
20525,"r19","r19 applies|","r19",0
38265,"r19","r19 applies|","r19",0
5754,"r19","r19 applies|","r19",0
43979,"r19","r19 applies|","r19",0
21353,"r19","r19 applies|","r19",0
2070,"r19","r19 applies|","r19",0
40285,"r19","r19 applies|","r19",0
20224,"r19","r19 applies|","r19",0
12080,"r19","r19 applies|","r19",0
28352,"r19","r19 applies|","r19",0
16716,"r19","r19 applies|","r19",0
44486,"r19","r19 applies|","r19",0
19150,"r19","r19 applies|","r19",0
3243,"r19","r19 applies|","r19",0
41050,"r19","r19 applies|","r19",0
1281,"r19","r19 applies|","r19",0
2077,"r19","r19 applies|","r19",0
5015,"r19","r19 applies|","r19",0
13498,"r19","r19 applies|","r19",0
41720,"r19","r19 applies|","r19",0
20664,"r20","r20 applies|","r20",0
26553,"r19","r19 applies|","r19",0
26535,"r19","r19 applies|","r19",0
25070,"r19","r19 applies|","r19",0
34650,"r19","r19 applies|","r19",0
